request_id,endpoint,response_time_ms,status_code,timestamp,linked_incident_id
REQ500000,/api/balance,140.0,401,2026-07-10 08:31:22.000783,
REQ500001,/api/kyc/verify,318.5,200,2026-08-13 04:25:51.048523,
REQ500002,/api/kyc/verify,215.3,401,2026-03-25 07:13:45.205779,
REQ500003,/api/kyc/verify,17.0,500,2026-08-18 05:45:20.617684,INC401720
REQ500004,/api/login,99.9,200,2026-07-30 10:54:09.377201,
REQ500005,/api/kyc/verify,459.4,200,2026-06-15 06:52:52.223085,
REQ500006,/api/beneficiary,295.6,200,2026-07-29 10:43:28.395470,
REQ500007,/api/beneficiary,879.0,200,2026-04-19 12:12:39.165074,
REQ500008,/api/transfer,120.3,200,2026-06-29 11:34:02.714130,
REQ500009,/api/beneficiary,436.9,200,2026-04-06 10:26:39.779324,
REQ500010,/api/login,244.3,200,2026-07-30 02:18:12.956198,
REQ500011,/api/beneficiary,224.7,200,2026-06-20 17:12:27.115801,
REQ500012,/api/balance,480.6,200,2026-03-01 21:47:44.704597,
REQ500013,/api/transfer,74.5,200,2026-06-26 10:55:26.560639,
REQ500014,/api/transfer,599.7,200,2026-06-06 11:48:30.335040,
REQ500015,/api/beneficiary,317.0,200,2026-07-25 02:40:57.815409,
REQ500016,/api/statement,42.7,200,2026-05-26 04:18:57.994853,
REQ500017,/api/beneficiary,201.7,200,2026-04-14 20:29:23.689839,
REQ500018,/api/kyc/verify,131.0,201,2026-07-06 04:38:14.076985,
REQ500019,/api/kyc/verify,222.4,200,2026-08-13 17:58:28.224328,
REQ500020,/api/kyc/verify,590.7,200,2026-03-02 14:49:21.150103,
REQ500021,/api/transfer,488.4,502,2026-08-14 00:12:00.110690,
REQ500022,/api/beneficiary,151.4,200,2026-08-03 23:04:19.373267,
REQ500023,/api/balance,352.8,429,2026-06-28 17:46:19.530824,
REQ500024,/api/kyc/verify,263.8,200,2026-05-11 20:14:00.017604,
REQ500025,/api/kyc/verify,370.7,200,2026-03-15 09:29:50.256808,
REQ500026,/api/balance,406.5,200,2026-07-15 21:20:14.902469,
REQ500027,/api/balance,656.1,200,2026-08-12 09:05:31.916669,
REQ500028,/api/login,131.7,200,2026-06-27 01:07:05.438422,
REQ500029,/api/transfer,84.2,200,2026-06-08 18:46:24.880933,
REQ500030,/api/statement,491.6,503,2026-05-17 10:04:58.145024,INC402004
REQ500031,/api/login,194.0,200,2026-08-07 07:34:54.962567,
REQ500032,/api/kyc/verify,275.6,500,2026-06-13 00:07:41.320090,INC405366
REQ500033,/api/login,265.3,200,2026-06-07 22:11:47.047109,
REQ500034,/api/login,261.5,200,2026-07-13 04:42:26.007892,
REQ500035,/api/statement,247.1,200,2026-06-11 16:29:50.830806,
REQ500036,/api/transfer,379.7,429,2026-08-09 08:42:09.836175,
REQ500037,/api/beneficiary,24.6,200,2026-08-08 09:03:27.156169,
REQ500038,/api/beneficiary,139.3,200,2026-08-11 09:43:51.246821,
REQ500039,/api/balance,488.9,200,2026-05-16 10:47:48.570668,
REQ500040,/api/login,594.7,200,2026-06-25 14:48:12.618445,
REQ500041,/api/transfer,339.9,200,2026-07-13 19:17:14.501523,
REQ500042,/api/kyc/verify,367.0,429,2026-07-07 15:06:46.698669,
REQ500043,/api/statement,750.9,200,2026-05-30 12:09:01.174478,
REQ500044,/api/balance,232.9,200,2026-07-20 01:38:56.100502,
REQ500045,/api/transfer,385.6,200,2026-04-18 08:23:19.307047,
REQ500046,/api/login,69.2,200,2026-05-24 08:07:12.378153,
REQ500047,/api/balance,44.1,200,2026-07-20 06:25:13.751884,
REQ500048,/api/statement,383.5,200,2026-08-06 16:54:12.837963,
REQ500049,/api/login,346.6,200,2026-06-20 22:30:32.754190,
REQ500050,/api/login,227.6,200,2026-06-28 01:53:44.138948,
REQ500051,/api/transfer,247.0,200,2026-07-24 09:49:16.542657,
REQ500052,/api/transfer,280.5,429,2026-07-07 12:03:31.699919,
REQ500053,/api/login,100.7,200,2026-03-07 09:33:12.930241,
REQ500054,/api/transfer,83.6,200,2026-03-26 07:47:59.447521,
REQ500055,/api/statement,559.8,200,2026-04-09 01:19:39.598999,
REQ500056,/api/statement,471.5,200,2026-07-05 22:33:20.258976,
REQ500057,/api/balance,292.4,201,2026-04-24 09:23:51.149169,
REQ500058,/api/kyc/verify,848.7,200,2026-04-08 13:03:45.850658,
REQ500059,/api/statement,182.7,200,2026-04-13 22:11:09.835198,
REQ500060,/api/beneficiary,27.3,200,2026-06-19 12:45:34.324259,
REQ500061,/api/kyc/verify,113.0,201,2026-05-01 17:21:49.874829,
REQ500062,/api/statement,29.8,200,2026-03-03 09:44:03.432771,
REQ500063,/api/balance,209.8,200,2026-05-21 02:59:56.104111,
REQ500064,/api/login,166.0,200,2026-04-06 18:43:31.539458,
REQ500065,/api/beneficiary,433.5,200,2026-04-05 06:24:32.652265,
REQ500066,/api/login,82.7,400,2026-07-05 15:58:37.297272,
REQ500067,/api/login,383.5,200,2026-05-10 06:00:10.800536,
REQ500068,/api/statement,175.0,200,2026-05-07 01:28:42.403481,
REQ500069,/api/balance,221.9,200,2026-05-26 09:31:40.034500,
REQ500070,/api/kyc/verify,376.7,400,2026-07-04 07:51:32.858157,
REQ500071,/api/balance,173.2,200,2026-07-25 09:49:41.242378,
REQ500072,/api/statement,274.7,400,2026-03-02 04:27:32.310560,
REQ500073,/api/kyc/verify,204.4,200,2026-05-20 10:16:29.136234,
REQ500074,/api/beneficiary,1190.6,200,2026-06-24 06:52:06.785687,
REQ500075,/api/kyc/verify,7982.9,200,2026-04-20 06:57:58.651887,
REQ500076,/api/login,433.3,200,2026-03-14 15:33:23.641457,
REQ500077,/api/beneficiary,221.4,500,2026-03-15 04:06:40.876895,
REQ500078,/api/transfer,92.2,200,2026-08-04 22:55:34.400424,
REQ500079,/api/login,191.1,200,2026-03-14 04:42:32.378459,
REQ500080,/api/balance,389.3,200,2026-03-26 04:17:24.006314,
REQ500081,/api/transfer,565.3,200,2026-03-30 00:11:35.463767,
REQ500082,/api/transfer,656.0,200,2026-05-07 13:51:51.981324,
REQ500083,/api/transfer,231.1,200,2026-07-03 22:03:44.625226,
REQ500084,/api/transfer,248.9,200,2026-05-10 21:40:32.440524,
REQ500085,/api/login,1191.5,200,2026-03-12 15:48:33.258097,
REQ500086,/api/statement,274.3,200,2026-06-06 11:42:44.944512,
REQ500087,/api/transfer,44.0,502,2026-05-01 09:26:14.878653,INC401470
REQ500088,/api/transfer,189.2,503,2026-08-13 11:51:10.008653,
REQ500089,/api/beneficiary,498.9,200,2026-04-18 06:13:42.107054,
REQ500090,/api/beneficiary,217.9,500,2026-04-26 02:45:20.545069,INC406576
REQ500091,/api/transfer,843.7,200,2026-07-22 12:59:30.957702,
REQ500092,/api/kyc/verify,248.5,400,2026-07-03 15:00:34.228278,
REQ500093,/api/login,64.8,200,2026-05-14 20:04:32.270302,
REQ500094,/api/statement,357.7,200,2026-05-16 22:24:55.213712,
REQ500095,/api/transfer,189.4,200,2026-05-03 04:12:49.034599,
REQ500096,/api/statement,232.0,200,2026-08-07 04:58:31.497133,
REQ500097,/api/kyc/verify,1087.1,200,2026-04-20 14:03:45.653381,
REQ500098,/api/login,105.7,200,2026-05-13 17:09:38.169681,
REQ500099,/api/login,25.1,400,2026-05-22 03:07:44.733256,
REQ500100,/api/login,132.3,200,2026-07-18 03:34:30.840848,
REQ500101,/api/beneficiary,259.2,200,2026-03-23 02:41:49.462146,
REQ500102,/api/login,291.3,201,2026-04-05 10:21:43.789730,
REQ500103,/api/kyc/verify,275.2,200,2026-06-04 23:23:09.492580,
REQ500104,/api/balance,42.8,200,2026-05-27 03:20:23.579823,
REQ500105,/api/balance,40.7,200,2026-03-23 19:12:18.203431,
REQ500106,/api/beneficiary,131.4,500,2026-04-03 22:58:00.863810,INC406614
REQ500107,/api/kyc/verify,258.0,200,2026-03-07 03:18:47.431769,
REQ500108,/api/beneficiary,644.5,200,2026-06-06 22:13:21.797284,
REQ500109,/api/login,397.9,200,2026-05-03 06:40:10.448997,
REQ500110,/api/beneficiary,118.1,503,2026-03-08 09:09:48.485119,
REQ500111,/api/kyc/verify,282.3,503,2026-03-12 21:40:04.488613,
REQ500112,/api/balance,185.9,200,2026-03-08 21:29:22.997052,
REQ500113,/api/login,350.4,200,2026-07-10 23:08:13.440634,
REQ500114,/api/transfer,56.5,200,2026-08-02 17:05:00.157868,
REQ500115,/api/beneficiary,294.2,200,2026-07-08 23:30:20.058347,
REQ500116,/api/kyc/verify,122.7,401,2026-03-21 10:54:23.409425,
REQ500117,/api/kyc/verify,554.5,200,2026-04-08 09:59:02.738431,
REQ500118,/api/transfer,275.8,200,2026-06-25 18:16:30.255205,
REQ500119,/api/beneficiary,291.8,200,2026-07-09 18:37:49.428749,
REQ500120,/api/beneficiary,639.4,200,2026-08-03 11:29:21.557442,
REQ500121,/api/balance,264.7,200,2026-08-06 13:37:12.387862,
REQ500122,/api/balance,98.0,200,2026-05-02 02:05:24.212656,
REQ500123,/api/transfer,144.7,502,2026-06-01 16:14:35.543299,INC405382
REQ500124,/api/login,14.3,200,2026-06-13 04:09:08.176699,
REQ500125,/api/statement,368.9,200,2026-03-19 17:00:10.385310,
REQ500126,/api/login,28.0,401,2026-08-17 09:05:10.425017,
REQ500127,/api/beneficiary,411.4,200,2026-04-01 00:01:59.843301,
REQ500128,/api/balance,216.6,200,2026-04-04 00:03:32.235426,
REQ500129,/api/beneficiary,943.3,200,2026-03-09 04:38:22.063029,
REQ500130,/api/statement,347.7,429,2026-06-16 23:26:24.047264,
REQ500131,/api/beneficiary,65.8,200,2026-02-22 00:31:38.435074,
REQ500132,/api/transfer,38.1,200,2026-07-10 15:49:45.538936,
REQ500133,/api/statement,891.4,200,2026-07-14 08:44:00.077244,
REQ500134,/api/transfer,620.5,200,2026-05-11 15:47:10.451229,
REQ500135,/api/kyc/verify,215.1,200,2026-04-04 18:48:47.900027,
REQ500136,/api/login,383.0,200,2026-06-23 17:49:23.249123,
REQ500137,/api/login,292.6,200,2026-03-03 02:51:33.726958,
REQ500138,/api/balance,104.5,200,2026-02-27 19:29:27.466188,
REQ500139,/api/beneficiary,55.5,200,2026-04-29 03:02:48.192296,
REQ500140,/api/statement,445.7,504,2026-05-28 16:02:49.596067,
REQ500141,/api/transfer,158.5,200,2026-03-30 22:43:31.399813,
REQ500142,/api/statement,25.1,200,2026-08-18 03:49:05.747175,
REQ500143,/api/balance,326.9,200,2026-06-03 13:42:11.843738,
REQ500144,/api/login,506.8,200,2026-07-13 14:13:59.952703,
REQ500145,/api/statement,18.7,200,2026-08-07 02:09:02.030079,
REQ500146,/api/balance,99.7,200,2026-07-09 09:25:15.804450,
REQ500147,/api/beneficiary,206.3,200,2026-06-01 03:56:39.015905,
REQ500148,/api/statement,48.0,200,2026-04-17 21:45:48.184852,
REQ500149,/api/kyc/verify,135.3,200,2026-03-07 03:34:57.933778,
REQ500150,/api/login,639.1,200,2026-06-05 09:36:10.272848,
REQ500151,/api/statement,227.8,200,2026-06-16 22:53:05.998516,
REQ500152,/api/statement,260.6,200,2026-03-01 01:38:35.924796,
REQ500153,/api/transfer,180.1,200,2026-08-19 06:09:35.405187,
REQ500154,/api/beneficiary,373.0,200,2026-07-07 04:41:06.059294,
REQ500155,/api/transfer,573.0,200,2026-03-31 19:36:58.791918,
REQ500156,/api/statement,112.2,200,2026-06-24 08:56:29.913332,
REQ500157,/api/beneficiary,220.6,200,2026-08-07 01:57:28.318294,
REQ500158,/api/kyc/verify,292.5,200,2026-04-03 08:49:26.784906,
REQ500159,/api/balance,315.8,200,2026-08-02 05:36:36.336346,
REQ500160,/api/transfer,72.5,429,2026-03-31 17:27:18.223923,
REQ500161,/api/kyc/verify,337.1,200,2026-03-05 22:21:37.052855,
REQ500162,/api/kyc/verify,492.5,200,2026-06-03 20:40:23.069942,
REQ500163,/api/statement,360.6,200,2026-02-22 20:03:14.912570,
REQ500164,/api/statement,22.7,502,2026-06-20 19:54:04.720761,
REQ500165,/api/kyc/verify,489.9,200,2026-05-17 09:45:46.140896,
REQ500166,/api/transfer,268.2,200,2026-05-25 23:05:11.148941,
REQ500167,/api/beneficiary,203.4,400,2026-02-21 15:01:30.827748,
REQ500168,/api/beneficiary,386.7,200,2026-04-18 02:21:59.425509,
REQ500169,/api/balance,367.8,200,2026-05-18 19:00:10.689997,
REQ500170,/api/login,531.0,200,2026-03-29 18:44:14.023597,
REQ500171,/api/transfer,274.6,401,2026-08-05 21:30:57.228588,
REQ500172,/api/beneficiary,78.8,200,2026-03-09 22:33:20.846122,
REQ500173,/api/statement,85.4,200,2026-07-27 15:07:59.153452,
REQ500174,/api/beneficiary,148.7,200,2026-07-03 11:54:45.575100,
REQ500175,/api/transfer,112.1,200,2026-04-25 12:20:23.488854,
REQ500176,/api/kyc/verify,338.2,200,2026-03-13 05:05:21.494765,
REQ500177,/api/login,188.5,200,2026-02-24 17:24:05.006554,
REQ500178,/api/login,311.5,200,2026-06-08 19:56:48.578618,
REQ500179,/api/statement,99.1,200,2026-07-26 20:01:47.458265,
REQ500180,/api/statement,685.7,200,2026-07-14 11:12:03.743673,
REQ500181,/api/statement,124.3,200,2026-04-23 21:55:50.469877,
REQ500182,/api/kyc/verify,214.4,200,2026-05-16 23:16:55.586326,
REQ500183,/api/statement,127.6,200,2026-06-19 20:54:36.695838,
REQ500184,/api/beneficiary,899.5,401,2026-04-14 13:16:01.228431,
REQ500185,/api/kyc/verify,354.2,200,2026-06-28 22:02:28.305225,
REQ500186,/api/balance,517.3,200,2026-06-06 06:58:15.044413,
REQ500187,/api/statement,178.9,200,2026-08-05 17:58:40.255765,
REQ500188,/api/kyc/verify,388.7,200,2026-03-12 12:13:49.463341,
REQ500189,/api/transfer,606.4,503,2026-05-06 04:36:30.239390,
REQ500190,/api/statement,429.9,200,2026-05-18 16:07:59.053051,
REQ500191,/api/kyc/verify,634.5,200,2026-03-11 18:43:43.782273,
REQ500192,/api/transfer,104.5,502,2026-07-16 00:51:10.579344,INC406349
REQ500193,/api/balance,61.4,502,2026-07-17 23:51:49.361379,
REQ500194,/api/transfer,498.0,200,2026-07-10 18:59:58.898958,
REQ500195,/api/kyc/verify,490.4,502,2026-08-02 16:56:37.980876,
REQ500196,/api/beneficiary,171.8,200,2026-05-08 22:22:55.841137,
REQ500197,/api/kyc/verify,117.7,200,2026-04-21 05:25:26.307083,
REQ500198,/api/beneficiary,650.0,200,2026-08-03 17:35:54.255175,
REQ500199,/api/beneficiary,285.6,200,2026-06-25 01:42:21.354183,
REQ500200,/api/statement,180.8,200,2026-03-01 06:43:22.122992,
REQ500201,/api/balance,258.0,200,2026-06-21 12:10:03.500936,
REQ500202,/api/statement,254.2,200,2026-08-19 18:53:01.018947,
REQ500203,/api/beneficiary,307.0,200,2026-06-06 14:01:55.884838,
REQ500204,/api/transfer,494.2,200,2026-04-02 11:52:12.313703,
REQ500205,/api/kyc/verify,579.7,200,2026-03-24 09:49:13.431665,
REQ500206,/api/beneficiary,594.2,201,2026-05-17 08:54:20.575999,
REQ500207,/api/kyc/verify,235.3,200,2026-05-15 11:11:17.045533,
REQ500208,/api/transfer,74.5,200,2026-08-14 21:12:33.499675,
REQ500209,/api/login,49.6,200,2026-02-26 16:16:00.179772,
REQ500210,/api/statement,142.0,200,2026-02-26 08:28:03.192016,
REQ500211,/api/statement,713.5,200,2026-06-05 03:21:07.988733,
REQ500212,/api/balance,184.3,200,2026-06-11 00:49:53.172036,
REQ500213,/api/balance,110.9,200,2026-02-22 00:05:47.410280,
REQ500214,/api/transfer,229.4,200,2026-03-22 12:39:38.687819,
REQ500215,/api/kyc/verify,174.4,200,2026-05-22 18:38:18.980018,
REQ500216,/api/beneficiary,354.7,200,2026-05-18 04:29:03.947725,
REQ500217,/api/login,137.8,200,2026-06-17 00:05:05.155193,
REQ500218,/api/login,432.2,200,2026-08-10 18:00:14.703471,
REQ500219,/api/beneficiary,189.7,200,2026-08-04 17:51:04.216913,
REQ500220,/api/kyc/verify,1039.5,200,2026-08-02 08:02:33.231793,
REQ500221,/api/transfer,210.6,200,2026-05-25 22:45:27.822325,
REQ500222,/api/beneficiary,70.9,200,2026-07-20 05:15:07.630172,
REQ500223,/api/beneficiary,440.0,200,2026-07-13 16:38:37.399706,
REQ500224,/api/balance,579.8,200,2026-03-22 08:30:37.920355,
REQ500225,/api/kyc/verify,104.5,200,2026-03-31 18:31:08.147027,
REQ500226,/api/kyc/verify,330.1,200,2026-08-18 18:22:13.585138,
REQ500227,/api/login,323.4,200,2026-07-03 04:48:19.982785,
REQ500228,/api/statement,277.8,200,2026-08-03 19:55:17.020955,
REQ500229,/api/kyc/verify,508.8,200,2026-06-01 11:43:50.927012,
REQ500230,/api/statement,117.2,200,2026-08-15 03:27:18.969977,
REQ500231,/api/statement,82.1,200,2026-05-30 14:39:20.602719,
REQ500232,/api/balance,244.6,200,2026-03-19 15:04:40.511244,
REQ500233,/api/kyc/verify,469.6,201,2026-03-13 08:27:36.200556,
REQ500234,/api/balance,417.5,200,2026-07-10 02:31:12.135490,
REQ500235,/api/statement,405.8,200,2026-05-21 02:19:39.933451,
REQ500236,/api/balance,351.8,200,2026-07-08 21:18:28.216516,
REQ500237,/api/balance,210.3,201,2026-06-14 13:21:59.723630,
REQ500238,/api/kyc/verify,321.7,201,2026-08-10 01:59:57.009807,
REQ500239,/api/statement,156.1,401,2026-05-27 23:44:27.583675,
REQ500240,/api/balance,257.2,200,2026-05-24 04:47:02.041345,
REQ500241,/api/balance,563.2,200,2026-05-12 15:06:40.434271,
REQ500242,/api/login,92.7,200,2026-04-27 11:50:39.045877,
REQ500243,/api/login,90.6,200,2026-06-16 03:33:36.585025,
REQ500244,/api/balance,90.3,400,2026-05-06 22:08:10.526658,
REQ500245,/api/login,49.5,400,2026-06-09 08:58:25.864103,
REQ500246,/api/transfer,89.0,200,2026-06-09 20:58:21.789987,
REQ500247,/api/transfer,343.7,500,2026-03-19 23:07:07.663929,
REQ500248,/api/kyc/verify,125.2,200,2026-03-21 07:52:00.144092,
REQ500249,/api/statement,128.1,200,2026-03-14 02:18:28.526435,
REQ500250,/api/login,161.4,200,2026-05-20 14:23:51.537665,
REQ500251,/api/kyc/verify,140.0,200,2026-04-09 09:02:08.104221,
REQ500252,/api/beneficiary,619.4,200,2026-07-29 18:47:44.996342,
REQ500253,/api/transfer,467.6,200,2026-03-25 17:46:21.228422,
REQ500254,/api/beneficiary,457.0,200,2026-06-21 15:42:43.699709,
REQ500255,/api/transfer,429.9,200,2026-07-31 10:19:13.231647,
REQ500256,/api/transfer,268.1,500,2026-05-03 01:45:14.502853,
REQ500257,/api/kyc/verify,443.2,200,2026-06-03 09:49:02.501284,
REQ500258,/api/statement,523.8,200,2026-08-08 14:07:47.386825,
REQ500259,/api/transfer,124.2,200,2026-03-20 02:10:29.751683,
REQ500260,/api/transfer,168.4,429,2026-08-13 16:42:51.152027,
REQ500261,/api/statement,238.6,200,2026-06-29 18:12:48.886422,
REQ500262,/api/login,74.3,200,2026-05-11 00:57:32.182291,
REQ500263,/api/transfer,160.4,200,2026-08-07 19:52:07.003017,
REQ500264,/api/balance,3328.1,200,2026-04-17 04:04:47.472638,
REQ500265,/api/statement,508.8,200,2026-06-03 12:08:36.106675,
REQ500266,/api/transfer,152.8,500,2026-07-24 04:38:22.345566,INC400880
REQ500267,/api/transfer,19.6,401,2026-04-03 12:46:13.831777,
REQ500268,/api/beneficiary,422.1,200,2026-02-22 19:45:07.433969,
REQ500269,/api/statement,218.3,200,2026-06-22 03:29:57.253383,
REQ500270,/api/transfer,182.1,200,2026-07-24 00:32:36.054012,
REQ500271,/api/login,137.0,200,2026-04-20 11:28:24.714331,
REQ500272,/api/beneficiary,558.1,200,2026-04-11 05:42:26.688684,
REQ500273,/api/statement,370.6,502,2026-04-25 21:03:20.094557,INC403057
REQ500274,/api/kyc/verify,603.4,200,2026-06-12 15:01:55.833066,
REQ500275,/api/kyc/verify,151.6,200,2026-03-14 16:09:29.383734,
REQ500276,/api/login,52.7,200,2026-02-22 12:03:30.094449,
REQ500277,/api/statement,87.1,401,2026-07-18 17:29:32.751341,
REQ500278,/api/transfer,165.0,500,2026-03-09 11:03:36.097753,INC401149
REQ500279,/api/balance,398.3,200,2026-03-11 20:35:46.386653,
REQ500280,/api/login,190.7,200,2026-07-04 20:17:52.671109,
REQ500281,/api/statement,33.8,401,2026-07-01 21:51:35.337684,
REQ500282,/api/statement,152.6,200,2026-04-22 21:39:12.084086,
REQ500283,/api/login,67.1,200,2026-04-08 09:04:24.505651,
REQ500284,/api/kyc/verify,270.0,200,2026-07-06 20:53:39.887010,
REQ500285,/api/login,142.9,200,2026-04-24 23:04:19.848734,
REQ500286,/api/balance,313.6,200,2026-05-15 20:24:38.752588,
REQ500287,/api/beneficiary,491.3,200,2026-05-26 21:16:58.846789,
REQ500288,/api/statement,76.9,200,2026-04-17 09:53:43.066212,
REQ500289,/api/balance,521.6,200,2026-07-08 14:59:18.622470,
REQ500290,/api/statement,221.8,200,2026-02-26 13:08:08.581573,
REQ500291,/api/statement,406.1,200,2026-03-27 16:46:46.005009,
REQ500292,/api/beneficiary,297.7,200,2026-05-10 22:21:12.754792,
REQ500293,/api/login,42.7,201,2026-08-02 22:56:19.142328,
REQ500294,/api/beneficiary,100.7,200,2026-05-03 19:46:05.639777,
REQ500295,/api/beneficiary,496.6,200,2026-06-30 00:11:28.415765,
REQ500296,/api/beneficiary,178.3,200,2026-07-15 07:06:50.905062,
REQ500297,/api/login,140.9,200,2026-07-02 08:25:33.389666,
REQ500298,/api/kyc/verify,182.7,200,2026-08-11 01:42:35.945485,
REQ500299,/api/balance,154.0,200,2026-05-18 01:23:48.177853,
REQ500300,/api/beneficiary,140.2,200,2026-06-06 07:29:14.788394,
REQ500301,/api/login,358.2,200,2026-07-20 01:53:50.499534,
REQ500302,/api/transfer,177.6,200,2026-06-13 00:28:11.840943,
REQ500303,/api/beneficiary,182.3,200,2026-06-16 15:55:59.798459,
REQ500304,/api/beneficiary,88.7,200,2026-08-01 08:09:35.268891,
REQ500305,/api/login,267.7,200,2026-04-03 23:25:21.768931,
REQ500306,/api/statement,176.2,200,2026-04-18 03:20:05.182234,
REQ500307,/api/statement,309.8,400,2026-04-02 17:15:49.338912,
REQ500308,/api/statement,118.0,200,2026-02-27 20:15:55.778986,
REQ500309,/api/transfer,766.2,503,2026-05-30 11:37:19.358500,INC401464
REQ500310,/api/login,461.6,500,2026-02-27 21:16:32.146304,
REQ500311,/api/beneficiary,305.8,200,2026-06-14 09:41:47.955522,
REQ500312,/api/kyc/verify,199.6,200,2026-07-16 21:23:03.326490,
REQ500313,/api/beneficiary,433.4,200,2026-05-15 21:00:24.413874,
REQ500314,/api/balance,1047.6,400,2026-04-08 06:57:53.040065,
REQ500315,/api/balance,42.2,200,2026-07-21 22:05:59.699619,
REQ500316,/api/statement,361.4,200,2026-08-13 02:31:39.364072,
REQ500317,/api/balance,206.3,200,2026-07-22 19:15:26.646264,
REQ500318,/api/statement,262.6,200,2026-06-20 13:33:02.251187,
REQ500319,/api/kyc/verify,23.8,200,2026-07-14 18:39:37.937513,
REQ500320,/api/statement,515.6,200,2026-05-17 01:30:19.325085,
REQ500321,/api/balance,476.5,200,2026-03-29 16:14:12.376126,
REQ500322,/api/kyc/verify,377.4,200,2026-07-13 05:39:09.911172,
REQ500323,/api/balance,317.0,201,2026-04-20 01:45:12.252291,
REQ500324,/api/transfer,162.0,200,2026-08-09 06:17:22.028075,
REQ500325,/api/statement,88.9,200,2026-07-03 18:39:25.023973,
REQ500326,/api/beneficiary,43.6,200,2026-03-29 09:59:41.009433,
REQ500327,/api/balance,224.0,200,2026-07-13 13:27:51.594384,
REQ500328,/api/beneficiary,287.0,502,2026-05-17 00:24:11.377233,INC407940
REQ500329,/api/kyc/verify,31.9,200,2026-06-26 14:54:48.277016,
REQ500330,/api/kyc/verify,338.5,200,2026-03-07 04:54:45.000876,
REQ500331,/api/beneficiary,288.9,200,2026-04-25 04:08:43.063466,
REQ500332,/api/beneficiary,399.8,200,2026-07-03 07:48:37.729797,
REQ500333,/api/statement,6530.4,200,2026-02-21 12:55:47.566045,
REQ500334,/api/transfer,189.7,200,2026-03-11 16:36:37.446113,
REQ500335,/api/login,276.8,200,2026-06-07 10:42:02.301937,
REQ500336,/api/balance,60.3,200,2026-05-24 08:50:51.464318,
REQ500337,/api/beneficiary,304.5,200,2026-05-09 11:50:35.019628,
REQ500338,/api/balance,253.2,200,2026-03-18 05:30:03.386339,
REQ500339,/api/kyc/verify,100.6,200,2026-05-01 18:36:02.431032,
REQ500340,/api/balance,216.7,200,2026-04-20 19:33:51.392198,
REQ500341,/api/login,113.0,504,2026-08-06 23:52:46.644988,
REQ500342,/api/kyc/verify,115.9,200,2026-04-12 00:42:46.509177,
REQ500343,/api/statement,105.7,200,2026-04-27 07:48:38.997906,
REQ500344,/api/login,311.0,200,2026-07-11 00:43:31.368405,
REQ500345,/api/statement,218.5,200,2026-08-02 06:31:37.824434,
REQ500346,/api/statement,454.6,200,2026-04-24 06:21:57.459565,
REQ500347,/api/kyc/verify,203.4,200,2026-03-28 22:27:18.895492,
REQ500348,/api/beneficiary,512.5,200,2026-03-27 08:11:43.260251,
REQ500349,/api/statement,448.2,200,2026-08-14 12:13:50.707961,
REQ500350,/api/statement,282.8,200,2026-03-26 02:40:44.234333,
REQ500351,/api/beneficiary,719.9,200,2026-04-15 20:51:03.984008,
REQ500352,/api/kyc/verify,234.2,400,2026-04-17 20:00:48.517374,
REQ500353,/api/kyc/verify,409.8,200,2026-06-09 01:16:05.518519,
REQ500354,/api/kyc/verify,389.9,200,2026-03-06 18:50:18.937707,
REQ500355,/api/beneficiary,364.8,200,2026-03-22 14:29:33.658987,
REQ500356,/api/balance,3560.6,200,2026-03-04 18:51:07.328521,
REQ500357,/api/transfer,159.4,200,2026-08-01 18:29:16.311693,
REQ500358,/api/balance,107.2,200,2026-03-22 19:38:10.974644,
REQ500359,/api/balance,399.2,200,2026-06-18 23:24:45.978212,
REQ500360,/api/beneficiary,89.6,200,2026-04-07 17:06:06.063985,
REQ500361,/api/beneficiary,163.7,200,2026-06-24 01:17:22.737500,
REQ500362,/api/statement,296.9,200,2026-05-17 18:35:04.529579,
REQ500363,/api/login,159.2,200,2026-05-29 21:27:37.225401,
REQ500364,/api/transfer,426.0,200,2026-05-07 01:49:30.693264,
REQ500365,/api/kyc/verify,583.8,200,2026-06-05 08:26:23.974197,
REQ500366,/api/kyc/verify,383.5,200,2026-05-14 05:24:59.437807,
REQ500367,/api/balance,469.3,200,2026-03-28 05:14:27.344142,
REQ500368,/api/transfer,145.0,200,2026-05-27 02:49:55.595967,
REQ500369,/api/login,229.2,200,2026-05-26 21:26:46.117247,
REQ500370,/api/statement,113.5,429,2026-03-23 08:43:29.401668,
REQ500371,/api/transfer,35.7,200,2026-03-15 06:44:08.562542,
REQ500372,/api/transfer,472.2,201,2026-05-18 00:17:08.730756,
REQ500373,/api/balance,144.7,200,2026-08-02 07:02:56.930695,
REQ500374,/api/statement,243.7,200,2026-08-04 18:33:54.098635,
REQ500375,/api/kyc/verify,144.4,200,2026-05-19 05:08:48.049729,
REQ500376,/api/statement,536.8,200,2026-04-30 15:02:28.149522,
REQ500377,/api/transfer,113.5,200,2026-04-05 03:34:07.947064,
REQ500378,/api/kyc/verify,387.2,200,2026-04-26 00:05:55.687598,
REQ500379,/api/balance,1079.6,200,2026-04-14 22:38:36.001586,
REQ500380,/api/kyc/verify,999.0,200,2026-02-21 08:21:40.727747,
REQ500381,/api/beneficiary,226.4,200,2026-07-07 22:22:51.253645,
REQ500382,/api/login,91.8,200,2026-05-28 21:14:38.593316,
REQ500383,/api/balance,88.7,200,2026-02-22 13:16:45.858885,
REQ500384,/api/beneficiary,222.5,200,2026-07-06 17:18:05.181917,
REQ500385,/api/kyc/verify,68.0,200,2026-08-14 21:11:03.710899,
REQ500386,/api/transfer,131.6,200,2026-04-22 18:17:42.383132,
REQ500387,/api/beneficiary,479.2,200,2026-05-05 12:39:13.377885,
REQ500388,/api/transfer,478.5,200,2026-05-10 18:09:20.479557,
REQ500389,/api/kyc/verify,126.1,400,2026-07-05 09:02:00.757876,
REQ500390,/api/transfer,271.1,200,2026-04-08 22:34:36.387812,
REQ500391,/api/balance,522.0,200,2026-08-17 21:25:55.137538,
REQ500392,/api/kyc/verify,508.5,200,2026-07-31 03:48:06.744619,
REQ500393,/api/kyc/verify,335.5,201,2026-03-10 07:59:42.664069,
REQ500394,/api/kyc/verify,703.8,200,2026-04-29 05:10:01.913125,
REQ500395,/api/transfer,38.4,200,2026-02-26 16:42:25.177914,
REQ500396,/api/balance,52.3,401,2026-05-01 18:07:00.686423,
REQ500397,/api/statement,139.7,200,2026-05-26 01:12:21.175475,
REQ500398,/api/beneficiary,294.3,201,2026-07-12 03:00:35.257918,
REQ500399,/api/balance,199.7,200,2026-05-04 20:09:34.840230,
REQ500400,/api/login,89.1,200,2026-03-29 16:04:38.181460,
REQ500401,/api/balance,162.7,401,2026-08-17 09:28:46.575899,
REQ500402,/api/balance,128.7,200,2026-02-21 08:30:42.443951,
REQ500403,/api/beneficiary,354.2,200,2026-07-18 02:29:33.595453,
REQ500404,/api/beneficiary,369.9,200,2026-04-15 09:35:01.827680,
REQ500405,/api/login,777.5,200,2026-04-07 22:20:37.065335,
REQ500406,/api/kyc/verify,151.4,200,2026-05-29 17:42:12.082905,
REQ500407,/api/statement,371.7,400,2026-04-30 09:59:07.528670,
REQ500408,/api/balance,82.4,200,2026-08-12 01:07:27.892929,
REQ500409,/api/beneficiary,64.6,200,2026-06-13 12:30:56.958642,
REQ500410,/api/balance,507.9,200,2026-02-27 19:40:15.169325,
REQ500411,/api/login,855.4,200,2026-07-16 00:28:01.640379,
REQ500412,/api/beneficiary,200.6,200,2026-05-06 16:55:25.308059,
REQ500413,/api/kyc/verify,82.4,200,2026-05-30 18:35:18.416819,
REQ500414,/api/balance,35.1,201,2026-04-18 21:48:55.273712,
REQ500415,/api/kyc/verify,349.4,200,2026-04-07 03:02:17.362836,
REQ500416,/api/kyc/verify,200.3,200,2026-02-23 14:32:09.785945,
REQ500417,/api/login,194.4,200,2026-08-11 03:31:36.124606,
REQ500418,/api/statement,24.8,200,2026-05-08 20:36:42.163597,
REQ500419,/api/beneficiary,239.1,200,2026-07-14 01:30:33.030907,
REQ500420,/api/transfer,233.7,200,2026-06-14 18:29:51.107089,
REQ500421,/api/login,450.9,200,2026-05-20 14:58:40.749704,
REQ500422,/api/beneficiary,327.6,200,2026-05-12 12:58:07.315173,
REQ500423,/api/statement,550.1,200,2026-03-29 13:22:35.365039,
REQ500424,/api/balance,194.5,200,2026-03-12 15:08:01.344109,
REQ500425,/api/login,211.3,200,2026-05-27 02:46:50.604150,
REQ500426,/api/balance,150.1,201,2026-04-04 15:42:49.889967,
REQ500427,/api/beneficiary,590.3,502,2026-05-27 07:29:55.509193,
REQ500428,/api/balance,476.3,200,2026-03-11 09:16:45.089474,
REQ500429,/api/beneficiary,398.3,200,2026-08-08 22:58:02.273260,
REQ500430,/api/statement,246.1,200,2026-08-07 21:47:11.596445,
REQ500431,/api/login,395.5,200,2026-06-16 09:38:37.671995,
REQ500432,/api/transfer,223.3,502,2026-05-16 00:12:28.407946,INC407330
REQ500433,/api/beneficiary,557.7,200,2026-04-05 19:34:41.933144,
REQ500434,/api/login,615.3,503,2026-08-15 04:56:11.935896,
REQ500435,/api/beneficiary,121.4,200,2026-07-15 10:58:12.783990,
REQ500436,/api/kyc/verify,155.1,200,2026-03-13 14:58:36.411256,
REQ500437,/api/statement,30.0,201,2026-04-28 02:04:11.408010,
REQ500438,/api/login,282.4,200,2026-07-01 11:05:44.929835,
REQ500439,/api/transfer,864.7,200,2026-04-23 06:33:03.928918,
REQ500440,/api/kyc/verify,116.4,200,2026-07-08 00:29:00.403551,
REQ500441,/api/transfer,704.7,200,2026-03-18 07:14:54.977451,
REQ500442,/api/transfer,385.0,200,2026-03-26 15:26:54.291713,
REQ500443,/api/transfer,217.0,200,2026-06-08 01:59:08.893721,
REQ500444,/api/transfer,353.6,200,2026-05-11 05:12:19.944548,
REQ500445,/api/beneficiary,72.9,200,2026-03-10 11:44:19.408677,
REQ500446,/api/balance,332.9,200,2026-04-23 14:23:31.580891,
REQ500447,/api/beneficiary,361.5,200,2026-05-28 07:18:48.697863,
REQ500448,/api/kyc/verify,117.2,201,2026-03-07 03:23:55.924885,
REQ500449,/api/login,299.8,200,2026-05-16 23:25:15.985313,
REQ500450,/api/transfer,212.3,503,2026-04-13 05:18:54.845653,
REQ500451,/api/balance,275.5,200,2026-04-20 22:56:45.996791,
REQ500452,/api/login,404.2,200,2026-07-27 22:59:21.273383,
REQ500453,/api/statement,274.4,200,2026-07-07 22:21:02.558389,
REQ500454,/api/balance,353.8,200,2026-06-14 04:08:12.050582,
REQ500455,/api/beneficiary,252.1,200,2026-05-18 20:11:09.679617,
REQ500456,/api/transfer,330.3,200,2026-04-19 02:14:45.450236,
REQ500457,/api/statement,126.3,200,2026-07-27 23:29:19.935238,
REQ500458,/api/transfer,606.6,200,2026-04-06 20:24:43.307828,
REQ500459,/api/beneficiary,34.6,200,2026-06-27 20:08:24.786218,
REQ500460,/api/transfer,96.3,200,2026-07-01 19:53:18.255417,
REQ500461,/api/statement,219.0,200,2026-07-17 04:55:22.420008,
REQ500462,/api/beneficiary,500.3,200,2026-05-18 19:34:15.186150,
REQ500463,/api/balance,536.7,200,2026-07-06 08:13:48.459429,
REQ500464,/api/balance,93.8,200,2026-07-14 10:48:49.471816,
REQ500465,/api/kyc/verify,78.4,200,2026-06-07 04:32:16.855794,
REQ500466,/api/beneficiary,1052.5,200,2026-05-15 00:42:26.472781,
REQ500467,/api/transfer,113.8,200,2026-02-24 00:54:03.344333,
REQ500468,/api/login,827.4,200,2026-04-29 02:30:59.384279,
REQ500469,/api/login,181.7,200,2026-02-27 01:33:37.662256,
REQ500470,/api/kyc/verify,169.5,429,2026-05-03 07:33:58.930223,
REQ500471,/api/statement,608.4,502,2026-06-26 10:51:22.720596,
REQ500472,/api/kyc/verify,471.7,201,2026-05-19 03:46:49.894009,
REQ500473,/api/beneficiary,246.6,200,2026-05-06 18:26:33.773757,
REQ500474,/api/transfer,352.7,200,2026-07-10 11:07:16.705059,
REQ500475,/api/transfer,371.9,200,2026-04-16 15:28:39.419405,
REQ500476,/api/balance,323.3,200,2026-03-09 18:03:54.454052,
REQ500477,/api/statement,81.9,200,2026-03-11 01:35:42.372442,
REQ500478,/api/transfer,332.7,400,2026-06-16 16:04:41.583364,
REQ500479,/api/kyc/verify,170.5,200,2026-06-07 17:04:21.043308,
REQ500480,/api/statement,182.8,200,2026-04-29 09:42:08.278110,
REQ500481,/api/transfer,480.9,200,2026-08-12 06:43:46.632991,
REQ500482,/api/login,232.1,200,2026-07-03 19:34:22.989689,
REQ500483,/api/statement,152.1,200,2026-07-23 05:43:19.588421,
REQ500484,/api/kyc/verify,565.6,200,2026-07-25 02:23:10.770439,
REQ500485,/api/statement,291.2,200,2026-06-21 07:37:38.656078,
REQ500486,/api/kyc/verify,199.6,201,2026-06-26 00:28:27.586340,
REQ500487,/api/balance,141.3,200,2026-05-27 02:56:28.598617,
REQ500488,/api/transfer,111.0,200,2026-03-12 10:36:18.729558,
REQ500489,/api/transfer,582.2,200,2026-03-30 17:08:44.304808,
REQ500490,/api/login,337.9,200,2026-03-10 21:50:26.426752,
REQ500491,/api/login,521.6,200,2026-06-29 09:47:37.780994,
REQ500492,/api/transfer,133.5,200,2026-06-26 05:34:30.524335,
REQ500493,/api/login,348.8,200,2026-04-17 08:13:17.747989,
REQ500494,/api/login,413.0,200,2026-06-06 18:29:11.349989,
REQ500495,/api/transfer,126.0,503,2026-02-27 10:48:19.056742,INC401319
REQ500496,/api/kyc/verify,66.1,200,2026-05-11 01:33:33.392278,
REQ500497,/api/balance,258.8,401,2026-06-08 09:25:16.241244,
REQ500498,/api/beneficiary,315.1,200,2026-07-19 06:55:37.508673,
REQ500499,/api/transfer,255.0,200,2026-05-03 09:15:01.965965,
REQ500500,/api/login,250.1,200,2026-05-20 06:21:54.245372,
REQ500501,/api/kyc/verify,199.3,200,2026-07-22 16:25:40.304533,
REQ500502,/api/beneficiary,79.8,200,2026-06-27 05:48:58.153196,
REQ500503,/api/kyc/verify,784.6,200,2026-04-08 15:44:05.982800,
REQ500504,/api/transfer,1013.5,200,2026-05-09 09:00:46.064971,
REQ500505,/api/transfer,298.0,200,2026-08-18 09:41:34.103489,
REQ500506,/api/beneficiary,220.1,500,2026-02-22 02:36:03.370733,INC401219
REQ500507,/api/login,38.8,200,2026-03-23 08:32:22.214702,
REQ500508,/api/beneficiary,475.0,400,2026-04-02 12:58:29.649465,
REQ500509,/api/balance,127.3,200,2026-05-04 04:59:36.044198,
REQ500510,/api/transfer,67.5,200,2026-05-19 21:23:34.593278,
REQ500511,/api/kyc/verify,87.3,200,2026-05-28 16:20:18.906990,
REQ500512,/api/transfer,532.4,200,2026-03-31 13:06:49.157135,
REQ500513,/api/transfer,212.3,200,2026-04-01 02:23:55.262745,
REQ500514,/api/beneficiary,456.9,200,2026-03-29 02:26:01.932767,
REQ500515,/api/beneficiary,690.7,200,2026-04-30 08:51:00.117217,
REQ500516,/api/beneficiary,524.1,200,2026-02-24 04:37:30.161895,
REQ500517,/api/balance,151.6,200,2026-06-08 05:45:46.099963,
REQ500518,/api/login,155.7,401,2026-03-29 13:47:41.312828,
REQ500519,/api/kyc/verify,3299.9,200,2026-07-18 07:37:01.851315,
REQ500520,/api/transfer,589.9,200,2026-07-28 08:09:56.271576,
REQ500521,/api/statement,429.4,200,2026-03-03 03:17:24.008695,
REQ500522,/api/beneficiary,808.0,200,2026-02-28 22:02:30.726002,
REQ500523,/api/transfer,484.4,200,2026-06-11 06:34:18.403227,
REQ500524,/api/balance,597.1,200,2026-05-25 13:08:11.306160,
REQ500525,/api/balance,139.0,201,2026-08-06 07:39:39.377422,
REQ500526,/api/transfer,530.4,200,2026-03-20 16:00:44.833059,
REQ500527,/api/kyc/verify,234.8,200,2026-03-18 21:46:09.742730,
REQ500528,/api/transfer,42.4,200,2026-04-18 03:56:39.701893,
REQ500529,/api/beneficiary,302.7,200,2026-07-05 17:19:27.342235,
REQ500530,/api/balance,234.4,200,2026-06-17 13:00:49.379761,
REQ500531,/api/beneficiary,179.8,200,2026-08-12 09:34:24.888317,
REQ500532,/api/login,372.0,200,2026-06-06 05:33:35.450441,
REQ500533,/api/login,50.1,201,2026-05-04 01:13:30.133453,
REQ500534,/api/login,165.8,200,2026-06-28 16:57:38.878899,
REQ500535,/api/transfer,561.5,200,2026-08-07 06:40:47.180542,
REQ500536,/api/balance,949.1,200,2026-04-09 16:09:52.815566,
REQ500537,/api/balance,337.4,429,2026-04-06 16:32:39.215281,
REQ500538,/api/transfer,655.5,200,2026-03-11 06:50:49.150070,
REQ500539,/api/beneficiary,139.7,400,2026-05-26 00:06:14.391777,
REQ500540,/api/login,237.3,200,2026-06-18 19:02:22.212149,
REQ500541,/api/balance,694.8,200,2026-08-06 05:26:33.560322,
REQ500542,/api/beneficiary,383.9,400,2026-05-17 15:09:25.178689,
REQ500543,/api/balance,297.2,200,2026-03-20 20:07:21.961497,
REQ500544,/api/transfer,111.5,200,2026-07-22 07:49:22.117768,
REQ500545,/api/kyc/verify,298.0,200,2026-03-15 04:12:29.875105,
REQ500546,/api/balance,152.9,200,2026-05-30 20:55:01.911849,
REQ500547,/api/balance,774.6,200,2026-08-04 04:32:18.412061,
REQ500548,/api/statement,176.4,200,2026-03-06 15:57:41.821156,
REQ500549,/api/statement,324.9,200,2026-08-04 14:31:47.158508,
REQ500550,/api/login,146.5,200,2026-06-21 02:43:24.694684,
REQ500551,/api/beneficiary,188.2,200,2026-05-23 16:49:23.827001,
REQ500552,/api/kyc/verify,153.7,200,2026-06-08 04:46:01.151694,
REQ500553,/api/statement,77.5,200,2026-07-12 23:33:17.471060,
REQ500554,/api/transfer,297.3,504,2026-03-02 04:43:51.606056,INC401096
REQ500555,/api/transfer,248.0,200,2026-04-05 16:36:58.270493,
REQ500556,/api/beneficiary,166.2,200,2026-05-18 09:16:21.823564,
REQ500557,/api/kyc/verify,183.4,500,2026-05-25 13:42:31.343260,INC400309
REQ500558,/api/beneficiary,766.3,200,2026-07-21 01:01:48.607022,
REQ500559,/api/login,202.5,200,2026-03-29 22:03:36.624653,
REQ500560,/api/beneficiary,278.0,200,2026-05-13 14:32:46.605690,
REQ500561,/api/kyc/verify,676.8,200,2026-05-18 20:09:50.264736,
REQ500562,/api/login,329.9,200,2026-02-23 15:52:26.552787,
REQ500563,/api/balance,207.2,200,2026-06-19 09:51:47.691736,
REQ500564,/api/login,210.1,503,2026-07-07 00:35:17.166916,
REQ500565,/api/transfer,180.3,200,2026-07-26 11:05:50.841285,
REQ500566,/api/balance,266.8,200,2026-07-08 22:48:06.111233,
REQ500567,/api/login,549.2,200,2026-04-17 10:47:20.929598,
REQ500568,/api/transfer,155.7,200,2026-07-21 05:48:17.306623,
REQ500569,/api/statement,683.0,502,2026-02-21 15:59:11.261864,
REQ500570,/api/kyc/verify,649.6,504,2026-08-01 03:11:49.264098,INC408317
REQ500571,/api/balance,406.4,200,2026-08-18 17:09:28.624519,
REQ500572,/api/transfer,204.8,200,2026-03-24 16:07:52.402293,
REQ500573,/api/login,54.4,200,2026-07-01 02:34:06.331900,
REQ500574,/api/beneficiary,383.8,504,2026-06-22 03:11:13.727572,INC409676
REQ500575,/api/login,73.5,200,2026-04-30 22:16:12.468328,
REQ500576,/api/statement,230.2,200,2026-07-08 03:28:54.930053,
REQ500577,/api/login,388.7,200,2026-07-09 07:58:26.336867,
REQ500578,/api/balance,443.8,200,2026-05-15 07:17:05.593726,
REQ500579,/api/beneficiary,368.0,200,2026-06-19 08:40:22.098753,
REQ500580,/api/login,257.2,429,2026-07-03 18:05:19.651149,
REQ500581,/api/beneficiary,238.3,200,2026-06-20 23:02:33.308906,
REQ500582,/api/beneficiary,426.9,200,2026-06-04 21:12:58.959878,
REQ500583,/api/statement,418.2,200,2026-07-08 11:23:01.917086,
REQ500584,/api/transfer,204.9,200,2026-06-03 03:09:42.192793,
REQ500585,/api/statement,14.1,200,2026-04-05 03:51:27.580744,
REQ500586,/api/kyc/verify,603.9,200,2026-08-09 00:27:32.299136,
REQ500587,/api/kyc/verify,272.6,200,2026-04-28 15:05:35.105077,
REQ500588,/api/transfer,443.5,200,2026-05-30 22:59:48.988154,
REQ500589,/api/balance,364.8,200,2026-07-17 14:10:13.443237,
REQ500590,/api/statement,212.7,200,2026-02-26 22:12:58.050165,
REQ500591,/api/transfer,62.1,200,2026-05-28 13:11:48.576823,
REQ500592,/api/login,200.5,200,2026-02-21 20:57:17.393336,
REQ500593,/api/statement,382.4,200,2026-07-07 19:04:37.715414,
REQ500594,/api/beneficiary,62.9,200,2026-05-24 18:31:18.269751,
REQ500595,/api/transfer,228.0,503,2026-03-28 01:34:28.534445,
REQ500596,/api/statement,60.4,500,2026-03-25 09:27:28.612917,INC402541
REQ500597,/api/statement,91.8,200,2026-06-07 04:56:02.537359,
REQ500598,/api/login,359.3,200,2026-03-27 05:31:27.125200,
REQ500599,/api/transfer,239.7,200,2026-05-01 17:32:19.564512,
REQ500600,/api/login,237.9,200,2026-03-26 11:00:00.198831,
REQ500601,/api/transfer,202.4,200,2026-02-28 00:10:04.024683,
REQ500602,/api/statement,381.0,200,2026-06-19 08:29:47.265242,
REQ500603,/api/statement,153.5,400,2026-08-17 17:54:09.768533,
REQ500604,/api/transfer,8065.0,200,2026-06-28 03:02:19.080288,
REQ500605,/api/statement,581.6,200,2026-04-15 00:05:57.767002,
REQ500606,/api/balance,240.8,200,2026-07-23 08:29:51.603176,
REQ500607,/api/kyc/verify,554.0,200,2026-05-16 06:01:41.914826,
REQ500608,/api/kyc/verify,375.9,200,2026-08-04 01:47:44.003842,
REQ500609,/api/transfer,241.4,200,2026-07-28 03:51:52.474124,
REQ500610,/api/balance,66.5,200,2026-07-23 09:39:52.158592,
REQ500611,/api/balance,115.6,200,2026-05-04 11:30:25.740165,
REQ500612,/api/transfer,339.9,200,2026-04-23 12:51:00.305153,
REQ500613,/api/login,288.7,200,2026-08-08 05:09:00.451023,
REQ500614,/api/transfer,538.9,401,2026-05-10 21:23:31.644038,
REQ500615,/api/statement,180.7,200,2026-06-25 18:39:58.104213,
REQ500616,/api/transfer,302.2,200,2026-08-18 06:39:26.434606,
REQ500617,/api/kyc/verify,266.8,200,2026-05-31 03:36:09.340032,
REQ500618,/api/transfer,487.6,200,2026-02-28 08:18:21.195683,
REQ500619,/api/statement,201.7,200,2026-07-04 12:35:06.221988,
REQ500620,/api/kyc/verify,387.1,200,2026-07-27 14:36:06.605578,
REQ500621,/api/beneficiary,87.4,200,2026-08-19 18:48:43.562084,
REQ500622,/api/kyc/verify,199.0,200,2026-06-26 13:13:38.360881,
REQ500623,/api/kyc/verify,326.5,200,2026-08-15 12:39:50.661445,
REQ500624,/api/balance,172.5,200,2026-08-17 22:20:35.590628,
REQ500625,/api/kyc/verify,114.6,200,2026-06-17 16:47:53.810763,
REQ500626,/api/transfer,417.6,200,2026-04-04 16:40:53.809079,
REQ500627,/api/login,512.7,200,2026-03-01 04:09:01.108259,
REQ500628,/api/kyc/verify,148.2,200,2026-04-23 13:22:02.522312,
REQ500629,/api/kyc/verify,194.5,200,2026-02-23 07:42:31.155316,
REQ500630,/api/beneficiary,73.2,400,2026-02-27 23:47:35.429597,
REQ500631,/api/kyc/verify,153.7,503,2026-05-26 10:05:55.959972,INC405526
REQ500632,/api/kyc/verify,55.2,200,2026-03-02 22:21:50.303744,
REQ500633,/api/login,28.9,200,2026-08-05 22:46:48.173803,
REQ500634,/api/beneficiary,156.3,200,2026-03-07 16:03:58.863050,
REQ500635,/api/transfer,88.4,200,2026-05-01 04:54:13.122454,
REQ500636,/api/balance,7403.9,200,2026-04-10 18:50:19.809636,
REQ500637,/api/kyc/verify,1020.9,200,2026-07-11 00:19:29.106679,
REQ500638,/api/balance,122.4,200,2026-05-16 13:35:13.429838,
REQ500639,/api/kyc/verify,384.4,200,2026-02-22 20:09:19.248855,
REQ500640,/api/login,710.3,200,2026-05-26 03:34:59.857195,
REQ500641,/api/statement,212.7,200,2026-06-14 03:35:24.993631,
REQ500642,/api/kyc/verify,530.8,504,2026-08-09 17:40:51.560253,
REQ500643,/api/transfer,96.1,201,2026-03-11 07:38:29.548900,
REQ500644,/api/balance,156.7,200,2026-08-13 01:37:06.787314,
REQ500645,/api/transfer,158.3,429,2026-07-26 18:51:07.902517,
REQ500646,/api/beneficiary,38.3,200,2026-04-23 02:14:13.182380,
REQ500647,/api/kyc/verify,250.3,200,2026-07-18 16:32:35.847786,
REQ500648,/api/balance,149.9,200,2026-06-07 13:36:04.071228,
REQ500649,/api/transfer,3854.0,200,2026-04-25 14:43:03.420886,
REQ500650,/api/login,839.7,200,2026-02-24 00:26:23.436419,
REQ500651,/api/statement,60.8,200,2026-03-08 02:56:16.714970,
REQ500652,/api/balance,57.4,200,2026-08-05 09:19:37.283430,
REQ500653,/api/statement,336.9,200,2026-04-21 05:10:11.209770,
REQ500654,/api/transfer,532.9,200,2026-07-01 22:59:13.646965,
REQ500655,/api/login,478.5,200,2026-07-26 17:41:23.783237,
REQ500656,/api/balance,231.5,504,2026-07-02 17:52:22.645043,INC400167
REQ500657,/api/login,575.5,500,2026-04-18 23:31:39.092285,INC401099
REQ500658,/api/kyc/verify,452.1,200,2026-05-09 01:41:18.717996,
REQ500659,/api/balance,126.4,500,2026-07-16 13:30:32.140861,INC408472
REQ500660,/api/balance,155.7,200,2026-04-07 00:23:13.852366,
REQ500661,/api/beneficiary,591.3,200,2026-03-04 17:03:53.263381,
REQ500662,/api/kyc/verify,14.4,200,2026-03-17 08:10:12.104534,
REQ500663,/api/kyc/verify,494.2,200,2026-08-15 04:01:34.519530,
REQ500664,/api/balance,720.0,200,2026-07-21 16:08:59.718421,
REQ500665,/api/beneficiary,189.4,200,2026-08-07 03:07:03.706174,
REQ500666,/api/transfer,711.5,200,2026-04-17 07:46:02.662841,
REQ500667,/api/login,170.4,200,2026-08-09 19:24:30.412257,
REQ500668,/api/beneficiary,80.9,200,2026-03-08 15:57:39.444912,
REQ500669,/api/kyc/verify,665.2,200,2026-03-09 11:35:12.719834,
REQ500670,/api/beneficiary,151.7,400,2026-02-26 04:58:32.368999,
REQ500671,/api/balance,254.5,200,2026-03-04 11:43:14.414665,
REQ500672,/api/login,284.7,200,2026-05-26 22:16:10.223548,
REQ500673,/api/login,355.9,200,2026-03-23 18:12:34.866342,
REQ500674,/api/login,140.8,200,2026-05-26 09:17:01.713151,
REQ500675,/api/balance,446.3,200,2026-04-04 20:49:28.895334,
REQ500676,/api/kyc/verify,70.4,200,2026-02-27 10:03:28.802232,
REQ500677,/api/balance,407.4,200,2026-05-17 10:18:37.385266,
REQ500678,/api/beneficiary,50.1,200,2026-04-14 12:53:18.629754,
REQ500679,/api/kyc/verify,254.2,200,2026-07-20 07:04:53.706186,
REQ500680,/api/login,160.8,200,2026-05-22 04:57:32.820577,
REQ500681,/api/balance,145.4,201,2026-05-23 23:09:08.756565,
REQ500682,/api/login,143.1,200,2026-07-28 05:37:37.559431,
REQ500683,/api/transfer,343.1,200,2026-07-01 02:27:47.950427,
REQ500684,/api/balance,123.6,200,2026-06-09 13:27:46.924893,
REQ500685,/api/login,245.5,200,2026-04-23 03:39:47.781933,
REQ500686,/api/beneficiary,1087.9,400,2026-04-11 00:01:43.771338,
REQ500687,/api/transfer,229.4,200,2026-08-18 02:15:10.634491,
REQ500688,/api/balance,342.7,200,2026-04-12 23:21:47.586919,
REQ500689,/api/login,356.8,400,2026-06-27 17:13:52.953795,
REQ500690,/api/beneficiary,719.8,200,2026-03-30 17:14:20.097755,
REQ500691,/api/beneficiary,201.8,200,2026-05-15 08:47:20.693880,
REQ500692,/api/statement,295.6,200,2026-04-13 14:56:25.843445,
REQ500693,/api/beneficiary,229.1,200,2026-04-15 21:00:02.690199,
REQ500694,/api/statement,163.9,200,2026-07-29 03:43:08.140841,
REQ500695,/api/transfer,431.0,200,2026-04-16 12:13:43.095680,
REQ500696,/api/balance,237.8,503,2026-04-15 05:45:55.946170,INC408489
REQ500697,/api/kyc/verify,1179.4,429,2026-05-29 07:29:57.245076,
REQ500698,/api/beneficiary,172.6,503,2026-05-26 04:31:59.598823,INC408616
REQ500699,/api/beneficiary,64.5,200,2026-06-27 14:16:52.404903,
REQ500700,/api/kyc/verify,931.4,200,2026-08-16 14:19:13.302834,
REQ500701,/api/kyc/verify,245.8,200,2026-04-28 12:04:26.416987,
REQ500702,/api/balance,170.4,200,2026-03-24 08:40:27.703052,
REQ500703,/api/balance,1098.6,200,2026-08-13 06:36:21.687546,
REQ500704,/api/login,131.8,200,2026-05-11 09:32:28.616933,
REQ500705,/api/statement,103.3,400,2026-02-28 23:00:56.343861,
REQ500706,/api/balance,60.2,200,2026-07-24 11:30:02.707011,
REQ500707,/api/beneficiary,360.2,200,2026-03-25 07:41:01.572665,
REQ500708,/api/balance,511.2,200,2026-07-30 08:52:11.270930,
REQ500709,/api/balance,267.3,200,2026-04-11 05:27:04.838700,
REQ500710,/api/transfer,110.0,200,2026-04-21 02:32:06.586566,
REQ500711,/api/statement,116.7,200,2026-08-11 08:27:21.429630,
REQ500712,/api/statement,173.2,200,2026-03-26 04:36:34.898473,
REQ500713,/api/login,233.4,200,2026-05-17 09:01:01.100250,
REQ500714,/api/kyc/verify,56.7,200,2026-05-02 03:52:28.736869,
REQ500715,/api/kyc/verify,373.8,200,2026-07-24 15:12:19.049392,
REQ500716,/api/beneficiary,205.7,500,2026-07-21 23:07:49.768117,INC400664
REQ500717,/api/beneficiary,148.6,200,2026-07-30 07:05:26.349333,
REQ500718,/api/kyc/verify,7.5,200,2026-04-03 03:40:25.212463,
REQ500719,/api/beneficiary,91.6,200,2026-04-12 16:46:25.817984,
REQ500720,/api/balance,257.0,200,2026-05-02 11:52:52.070185,
REQ500721,/api/login,314.3,200,2026-08-03 23:25:46.740487,
REQ500722,/api/kyc/verify,88.2,200,2026-07-31 03:43:04.977278,
REQ500723,/api/beneficiary,198.1,200,2026-08-05 00:11:01.427200,
REQ500724,/api/balance,290.8,200,2026-06-20 00:55:22.837889,
REQ500725,/api/kyc/verify,477.8,400,2026-05-27 17:27:05.169181,
REQ500726,/api/beneficiary,312.6,200,2026-04-18 14:56:16.612368,
REQ500727,/api/beneficiary,284.7,200,2026-06-08 07:28:22.674742,
REQ500728,/api/statement,519.1,200,2026-05-25 09:46:44.623598,
REQ500729,/api/login,357.2,200,2026-06-22 02:02:58.855570,
REQ500730,/api/balance,93.7,200,2026-02-26 22:27:36.852415,
REQ500731,/api/login,446.5,400,2026-03-25 05:36:23.379775,
REQ500732,/api/balance,1192.3,503,2026-05-19 10:21:15.133152,INC406331
REQ500733,/api/login,354.3,200,2026-08-11 11:26:25.916076,
REQ500734,/api/kyc/verify,639.7,200,2026-07-17 22:39:35.679447,
REQ500735,/api/balance,438.4,200,2026-07-06 06:08:55.267672,
REQ500736,/api/login,27.8,200,2026-04-19 05:06:21.505068,
REQ500737,/api/login,334.3,200,2026-05-07 23:15:12.336388,
REQ500738,/api/beneficiary,234.5,200,2026-05-09 07:32:02.285927,
REQ500739,/api/login,171.2,200,2026-04-29 13:25:52.016350,
REQ500740,/api/beneficiary,353.1,500,2026-03-26 14:23:42.021107,INC403204
REQ500741,/api/statement,165.3,200,2026-08-14 06:48:02.956795,
REQ500742,/api/balance,726.8,200,2026-04-09 19:44:09.807654,
REQ500743,/api/transfer,715.8,201,2026-02-24 05:51:46.803379,
REQ500744,/api/transfer,318.1,200,2026-03-14 20:31:19.645591,
REQ500745,/api/login,380.0,200,2026-05-08 04:43:50.335990,
REQ500746,/api/statement,513.6,401,2026-06-27 11:40:46.509964,
REQ500747,/api/kyc/verify,259.5,200,2026-08-13 15:43:42.759027,
REQ500748,/api/balance,508.3,200,2026-06-30 16:11:55.103779,
REQ500749,/api/login,30.3,200,2026-06-10 02:58:38.318968,
REQ500750,/api/transfer,380.4,200,2026-06-18 22:05:04.314662,
REQ500751,/api/beneficiary,232.0,200,2026-03-07 02:01:18.666513,
REQ500752,/api/statement,297.7,200,2026-05-03 05:03:47.867201,
REQ500753,/api/transfer,191.0,200,2026-02-22 06:50:57.782301,
REQ500754,/api/beneficiary,227.6,200,2026-05-01 09:57:18.853507,
REQ500755,/api/login,149.0,200,2026-02-28 01:13:52.031491,
REQ500756,/api/statement,86.6,200,2026-05-15 02:01:59.803794,
REQ500757,/api/kyc/verify,563.8,200,2026-04-14 01:59:57.867633,
REQ500758,/api/balance,445.2,200,2026-03-26 11:20:23.715166,
REQ500759,/api/balance,375.3,200,2026-04-25 02:05:05.403160,
REQ500760,/api/kyc/verify,924.0,500,2026-06-02 04:23:10.597695,INC400564
REQ500761,/api/balance,456.4,201,2026-04-05 03:15:40.717370,
REQ500762,/api/login,315.2,200,2026-06-30 08:32:34.110750,
REQ500763,/api/balance,72.2,200,2026-03-02 11:16:00.600621,
REQ500764,/api/statement,59.3,200,2026-04-13 05:10:50.882610,
REQ500765,/api/kyc/verify,151.8,200,2026-07-10 19:00:35.508543,
REQ500766,/api/beneficiary,283.7,200,2026-05-11 08:39:44.163391,
REQ500767,/api/login,62.3,200,2026-07-16 03:58:53.312411,
REQ500768,/api/balance,87.1,200,2026-03-18 10:09:39.073116,
REQ500769,/api/transfer,81.4,200,2026-07-05 18:11:24.745894,
REQ500770,/api/statement,277.4,200,2026-07-16 09:19:13.876657,
REQ500771,/api/login,50.9,429,2026-04-23 02:58:36.201628,
REQ500772,/api/beneficiary,150.8,500,2026-04-14 10:46:12.143607,INC406273
REQ500773,/api/statement,139.4,200,2026-05-05 01:05:33.121031,
REQ500774,/api/kyc/verify,130.3,200,2026-04-07 18:18:44.437461,
REQ500775,/api/statement,609.3,401,2026-06-26 19:58:51.587509,
REQ500776,/api/balance,228.6,200,2026-07-25 00:59:52.983516,
REQ500777,/api/statement,67.5,200,2026-08-06 03:33:15.339815,
REQ500778,/api/beneficiary,117.9,200,2026-06-27 20:33:31.485452,
REQ500779,/api/transfer,290.4,200,2026-03-23 04:42:12.611779,
REQ500780,/api/beneficiary,182.4,200,2026-04-05 23:47:10.904155,
REQ500781,/api/beneficiary,1.4,502,2026-07-07 14:50:01.057452,INC400202
REQ500782,/api/transfer,46.1,200,2026-04-10 17:39:07.996044,
REQ500783,/api/transfer,385.0,201,2026-07-13 22:06:15.943708,
REQ500784,/api/login,21.6,200,2026-03-11 06:01:27.039365,
REQ500785,/api/login,22.2,200,2026-05-24 05:57:08.461884,
REQ500786,/api/balance,323.7,200,2026-03-21 12:41:11.336782,
REQ500787,/api/statement,181.6,200,2026-06-19 19:51:30.575435,
REQ500788,/api/statement,346.4,200,2026-05-12 07:48:52.893285,
REQ500789,/api/kyc/verify,317.4,200,2026-03-13 14:50:00.148193,
REQ500790,/api/transfer,85.1,200,2026-04-27 02:28:38.927955,
REQ500791,/api/transfer,36.9,500,2026-03-29 11:08:37.376148,INC403950
REQ500792,/api/kyc/verify,392.3,200,2026-06-02 23:44:15.106480,
REQ500793,/api/statement,309.6,200,2026-06-07 07:30:50.154457,
REQ500794,/api/transfer,75.3,201,2026-05-07 00:30:04.014716,
REQ500795,/api/login,535.5,429,2026-07-21 18:36:08.487426,
REQ500796,/api/balance,301.5,200,2026-04-26 20:13:31.685236,
REQ500797,/api/login,56.8,200,2026-07-20 12:50:13.315967,
REQ500798,/api/kyc/verify,50.7,200,2026-05-02 05:51:36.741518,
REQ500799,/api/transfer,264.7,200,2026-07-23 18:12:54.456081,
REQ500800,/api/login,323.4,200,2026-05-10 06:05:52.399974,
REQ500801,/api/statement,69.5,200,2026-05-17 03:57:54.175354,
REQ500802,/api/kyc/verify,261.2,201,2026-05-11 07:50:32.069571,
REQ500803,/api/balance,181.7,401,2026-03-29 09:54:04.167071,
REQ500804,/api/statement,72.9,200,2026-04-18 09:13:20.611927,
REQ500805,/api/beneficiary,828.9,502,2026-07-13 04:52:24.317962,INC406554
REQ500806,/api/beneficiary,62.2,200,2026-03-05 13:10:04.971930,
REQ500807,/api/transfer,151.9,429,2026-03-03 05:27:17.317056,
REQ500808,/api/statement,91.7,200,2026-07-10 06:04:17.332197,
REQ500809,/api/transfer,191.7,200,2026-05-09 11:31:38.972796,
REQ500810,/api/statement,579.3,200,2026-07-15 01:13:32.189482,
REQ500811,/api/balance,399.7,200,2026-06-29 16:31:01.122165,
REQ500812,/api/login,454.4,200,2026-07-03 13:45:00.012691,
REQ500813,/api/login,201.1,200,2026-05-18 14:04:12.419608,
REQ500814,/api/beneficiary,441.6,429,2026-03-21 22:04:11.383322,
REQ500815,/api/login,520.3,200,2026-04-17 15:59:29.261168,
REQ500816,/api/beneficiary,394.4,200,2026-05-18 23:34:11.400987,
REQ500817,/api/kyc/verify,349.2,504,2026-03-18 09:34:51.858943,INC402306
REQ500818,/api/transfer,73.7,200,2026-04-16 13:56:02.472590,
REQ500819,/api/beneficiary,7394.3,200,2026-02-27 06:26:15.559044,
REQ500820,/api/balance,135.1,500,2026-03-18 00:38:31.409659,INC406724
REQ500821,/api/statement,74.6,200,2026-03-12 05:53:34.772220,
REQ500822,/api/transfer,367.2,200,2026-06-27 07:33:15.233209,
REQ500823,/api/transfer,127.9,200,2026-07-02 02:02:06.019155,
REQ500824,/api/login,120.0,200,2026-07-12 08:45:17.047620,
REQ500825,/api/login,318.2,200,2026-06-29 03:54:06.500614,
REQ500826,/api/beneficiary,357.4,200,2026-04-29 02:47:43.181907,
REQ500827,/api/beneficiary,255.3,500,2026-02-23 11:00:16.678958,
REQ500828,/api/balance,140.9,200,2026-07-05 17:03:15.054881,
REQ500829,/api/statement,337.8,200,2026-07-14 00:01:12.072756,
REQ500830,/api/beneficiary,500.8,400,2026-03-31 05:12:59.115397,
REQ500831,/api/login,398.7,200,2026-05-21 21:02:44.027413,
REQ500832,/api/kyc/verify,295.8,200,2026-07-09 07:51:46.769086,
REQ500833,/api/kyc/verify,25.1,200,2026-04-02 14:26:04.506608,
REQ500834,/api/kyc/verify,290.0,200,2026-08-15 18:32:26.799966,
REQ500835,/api/transfer,271.8,200,2026-05-23 12:21:29.867582,
REQ500836,/api/transfer,559.3,200,2026-08-10 11:35:07.608506,
REQ500837,/api/transfer,112.2,200,2026-06-24 13:50:29.938142,
REQ500838,/api/beneficiary,313.4,200,2026-05-15 14:15:05.979770,
REQ500839,/api/balance,219.3,401,2026-03-01 05:20:51.712150,
REQ500840,/api/balance,204.1,200,2026-06-16 11:04:23.857640,
REQ500841,/api/statement,96.5,200,2026-07-03 03:27:20.361217,
REQ500842,/api/balance,244.9,200,2026-03-29 23:06:08.163139,
REQ500843,/api/login,247.8,200,2026-05-08 16:24:09.699734,
REQ500844,/api/beneficiary,472.7,200,2026-07-29 16:30:23.331096,
REQ500845,/api/beneficiary,224.1,200,2026-03-02 02:06:20.426154,
REQ500846,/api/statement,359.3,401,2026-03-05 04:31:45.430904,
REQ500847,/api/balance,290.6,200,2026-03-25 13:05:59.276968,
REQ500848,/api/statement,157.1,200,2026-04-21 02:47:18.905360,
REQ500849,/api/transfer,489.2,503,2026-05-20 22:09:43.459799,INC404093
REQ500850,/api/balance,268.4,200,2026-06-22 04:37:31.530967,
REQ500851,/api/statement,173.2,200,2026-06-03 23:28:15.623739,
REQ500852,/api/beneficiary,196.3,200,2026-06-20 14:25:49.419232,
REQ500853,/api/login,429.8,200,2026-07-09 19:31:01.585946,
REQ500854,/api/statement,166.7,200,2026-04-16 19:43:09.686293,
REQ500855,/api/kyc/verify,729.1,200,2026-08-04 14:41:46.635123,
REQ500856,/api/balance,734.5,200,2026-06-22 03:15:46.714671,
REQ500857,/api/transfer,105.3,400,2026-06-13 12:25:32.509628,
REQ500858,/api/beneficiary,860.0,200,2026-06-14 02:57:30.397983,
REQ500859,/api/login,149.3,200,2026-03-31 10:04:35.962676,
REQ500860,/api/login,403.0,200,2026-08-17 18:21:07.637373,
REQ500861,/api/balance,360.0,200,2026-06-03 04:19:31.010963,
REQ500862,/api/login,413.1,200,2026-03-15 03:29:35.409390,
REQ500863,/api/beneficiary,3872.6,200,2026-05-23 12:47:02.163176,
REQ500864,/api/beneficiary,731.9,200,2026-06-26 03:15:17.663200,
REQ500865,/api/transfer,376.7,200,2026-04-15 00:23:52.523894,
REQ500866,/api/beneficiary,222.1,200,2026-07-21 06:48:02.311322,
REQ500867,/api/transfer,620.0,429,2026-05-07 19:05:15.887417,
REQ500868,/api/kyc/verify,495.0,201,2026-07-30 11:30:30.184773,
REQ500869,/api/beneficiary,49.4,503,2026-07-08 12:41:34.682930,INC406696
REQ500870,/api/transfer,284.8,200,2026-02-22 17:07:29.766079,
REQ500871,/api/statement,282.2,200,2026-08-05 09:31:11.969851,
REQ500872,/api/balance,85.9,200,2026-06-04 09:42:26.156693,
REQ500873,/api/beneficiary,219.9,401,2026-05-26 16:53:45.277161,
REQ500874,/api/login,127.2,200,2026-08-03 08:01:08.136844,
REQ500875,/api/balance,262.6,400,2026-02-22 21:41:20.341496,
REQ500876,/api/login,714.2,200,2026-03-02 15:38:52.605376,
REQ500877,/api/login,6026.3,200,2026-08-08 11:03:45.593632,
REQ500878,/api/balance,190.0,200,2026-04-15 23:11:56.264931,
REQ500879,/api/transfer,521.4,200,2026-04-29 21:09:26.152284,
REQ500880,/api/transfer,457.0,200,2026-05-12 23:19:28.603448,
REQ500881,/api/balance,340.7,200,2026-03-10 17:21:48.963516,
REQ500882,/api/beneficiary,700.2,200,2026-03-29 01:12:45.408794,
REQ500883,/api/statement,65.4,200,2026-02-21 00:56:51.002922,
REQ500884,/api/login,308.7,200,2026-06-29 15:58:22.671818,
REQ500885,/api/statement,99.7,200,2026-04-10 19:55:23.121622,
REQ500886,/api/login,807.6,200,2026-06-08 12:29:00.543974,
REQ500887,/api/kyc/verify,481.9,200,2026-03-14 10:07:34.816890,
REQ500888,/api/balance,454.8,200,2026-04-13 18:59:49.629041,
REQ500889,/api/beneficiary,457.6,200,2026-07-17 22:43:21.899576,
REQ500890,/api/balance,659.1,200,2026-06-27 20:48:54.734931,
REQ500891,/api/kyc/verify,96.4,200,2026-04-15 16:41:09.414036,
REQ500892,/api/transfer,255.6,200,2026-02-21 20:07:17.798577,
REQ500893,/api/transfer,91.0,200,2026-06-12 23:44:18.295349,
REQ500894,/api/beneficiary,233.4,200,2026-07-14 13:19:34.387010,
REQ500895,/api/balance,509.9,502,2026-04-18 17:35:16.252018,
REQ500896,/api/statement,432.3,200,2026-08-01 22:38:12.309924,
REQ500897,/api/login,170.0,400,2026-05-22 04:34:33.692751,
REQ500898,/api/kyc/verify,517.4,200,2026-08-15 12:27:21.033045,
REQ500899,/api/transfer,237.1,200,2026-08-14 03:13:56.258141,
REQ500900,/api/statement,85.7,200,2026-03-10 16:48:42.036206,
REQ500901,/api/beneficiary,54.0,400,2026-06-24 15:16:24.943891,
REQ500902,/api/login,243.9,200,2026-03-08 15:50:36.454660,
REQ500903,/api/kyc/verify,1077.8,200,2026-07-15 19:30:26.904136,
REQ500904,/api/transfer,71.5,200,2026-03-08 08:47:53.757432,
REQ500905,/api/login,72.8,200,2026-06-15 04:19:45.674730,
REQ500906,/api/beneficiary,214.7,200,2026-06-09 09:46:28.672251,
REQ500907,/api/balance,179.3,200,2026-04-03 02:49:06.674199,
REQ500908,/api/login,53.1,200,2026-06-25 12:11:09.232004,
REQ500909,/api/balance,419.8,200,2026-07-18 01:34:51.224390,
REQ500910,/api/beneficiary,427.4,200,2026-06-18 00:09:58.223476,
REQ500911,/api/kyc/verify,1024.1,504,2026-03-26 06:43:12.498545,
REQ500912,/api/transfer,404.5,502,2026-03-14 16:01:20.503966,INC404705
REQ500913,/api/beneficiary,310.7,200,2026-05-07 09:56:49.202158,
REQ500914,/api/statement,259.2,200,2026-08-01 08:28:52.305293,
REQ500915,/api/balance,68.1,200,2026-08-08 14:01:27.384346,
REQ500916,/api/statement,387.2,502,2026-08-16 23:49:29.498175,
REQ500917,/api/beneficiary,64.5,200,2026-07-19 06:25:05.084881,
REQ500918,/api/transfer,262.1,200,2026-06-13 01:29:03.148521,
REQ500919,/api/kyc/verify,393.0,200,2026-07-13 16:36:30.881851,
REQ500920,/api/statement,349.4,200,2026-05-07 07:14:18.211244,
REQ500921,/api/balance,307.0,200,2026-04-30 21:46:02.110229,
REQ500922,/api/balance,71.2,200,2026-06-06 14:52:42.135364,
REQ500923,/api/login,3810.9,200,2026-05-26 22:14:57.092908,
REQ500924,/api/beneficiary,559.2,200,2026-08-07 09:59:46.789649,
REQ500925,/api/statement,248.8,200,2026-06-15 16:00:25.641105,
REQ500926,/api/beneficiary,144.0,200,2026-03-14 19:42:30.156477,
REQ500927,/api/transfer,501.8,200,2026-06-04 04:43:36.054636,
REQ500928,/api/login,195.4,500,2026-07-20 14:01:29.856776,
REQ500929,/api/transfer,533.9,200,2026-07-19 04:52:50.763479,
REQ500930,/api/statement,262.9,200,2026-06-18 05:10:51.393120,
REQ500931,/api/kyc/verify,557.6,429,2026-03-06 17:44:36.110622,
REQ500932,/api/beneficiary,162.8,200,2026-08-12 18:52:28.838269,
REQ500933,/api/statement,93.4,200,2026-04-19 14:41:37.294692,
REQ500934,/api/login,587.8,201,2026-02-25 13:37:23.538426,
REQ500935,/api/transfer,63.7,429,2026-06-20 16:21:16.692576,
REQ500936,/api/login,153.7,502,2026-05-02 14:53:36.464931,INC403965
REQ500937,/api/transfer,179.5,200,2026-04-12 00:36:19.701562,
REQ500938,/api/statement,835.9,200,2026-03-21 18:02:34.880079,
REQ500939,/api/statement,476.6,201,2026-07-07 14:13:58.721986,
REQ500940,/api/transfer,61.6,200,2026-03-24 04:54:45.282389,
REQ500941,/api/statement,174.7,200,2026-05-07 23:44:57.386980,
REQ500942,/api/statement,318.1,504,2026-03-08 20:36:12.474018,INC404257
REQ500943,/api/login,708.3,200,2026-06-13 11:00:34.477220,
REQ500944,/api/balance,63.5,200,2026-06-14 04:33:39.218236,
REQ500945,/api/balance,450.7,401,2026-03-24 11:51:21.942646,
REQ500946,/api/statement,228.3,200,2026-07-06 08:04:28.555256,
REQ500947,/api/transfer,141.6,200,2026-07-05 09:28:13.661797,
REQ500948,/api/statement,15.6,200,2026-05-21 08:49:30.930108,
REQ500949,/api/kyc/verify,206.8,200,2026-06-26 21:10:10.958872,
REQ500950,/api/transfer,7823.9,200,2026-07-30 21:34:17.684629,
REQ500951,/api/beneficiary,139.1,200,2026-03-28 05:53:17.035260,
REQ500952,/api/balance,234.3,429,2026-08-14 05:23:22.042675,
REQ500953,/api/login,311.6,200,2026-03-10 02:05:18.427811,
REQ500954,/api/transfer,947.8,200,2026-06-01 22:59:36.221076,
REQ500955,/api/balance,429.4,200,2026-05-27 17:41:41.235787,
REQ500956,/api/beneficiary,280.0,200,2026-03-08 00:19:55.901170,
REQ500957,/api/beneficiary,611.5,200,2026-07-31 14:53:37.783265,
REQ500958,/api/beneficiary,117.3,200,2026-03-30 09:35:45.242336,
REQ500959,/api/login,341.7,200,2026-04-05 00:44:17.574462,
REQ500960,/api/beneficiary,160.5,200,2026-08-16 01:34:54.562655,
REQ500961,/api/transfer,89.5,500,2026-06-09 10:37:13.964898,INC403482
REQ500962,/api/statement,723.8,200,2026-05-08 08:26:35.708128,
REQ500963,/api/balance,458.4,200,2026-07-21 21:13:07.159955,
REQ500964,/api/login,618.7,200,2026-05-06 19:13:53.178135,
REQ500965,/api/transfer,59.6,200,2026-06-19 04:57:20.129670,
REQ500966,/api/statement,338.8,502,2026-03-09 03:24:41.513996,
REQ500967,/api/balance,141.8,200,2026-06-07 06:04:39.939448,
REQ500968,/api/statement,204.3,200,2026-08-15 03:49:04.311052,
REQ500969,/api/transfer,236.7,502,2026-06-04 07:36:55.100076,
REQ500970,/api/beneficiary,436.8,200,2026-03-29 14:24:38.455929,
REQ500971,/api/login,54.9,200,2026-07-14 04:55:54.869278,
REQ500972,/api/kyc/verify,196.4,401,2026-04-28 14:19:08.120384,
REQ500973,/api/balance,714.7,200,2026-06-22 02:55:26.704168,
REQ500974,/api/login,352.7,200,2026-07-25 01:01:44.719682,
REQ500975,/api/balance,296.9,200,2026-06-23 02:55:57.515880,
REQ500976,/api/balance,685.3,429,2026-02-25 23:23:48.658794,
REQ500977,/api/beneficiary,283.7,200,2026-05-02 16:48:13.332604,
REQ500978,/api/login,907.5,200,2026-04-19 15:48:51.099483,
REQ500979,/api/beneficiary,126.5,504,2026-05-22 09:27:51.804124,
REQ500980,/api/balance,299.2,200,2026-05-01 08:11:02.384230,
REQ500981,/api/balance,115.9,201,2026-05-15 16:53:37.268463,
REQ500982,/api/kyc/verify,123.8,200,2026-04-05 15:28:12.002844,
REQ500983,/api/kyc/verify,891.8,200,2026-04-09 06:39:53.128997,
REQ500984,/api/transfer,428.3,200,2026-02-24 11:21:32.600071,
REQ500985,/api/kyc/verify,744.8,500,2026-05-03 12:20:57.113903,INC400123
REQ500986,/api/beneficiary,4265.0,200,2026-03-06 03:33:50.467835,
REQ500987,/api/kyc/verify,298.7,200,2026-05-17 17:49:04.175403,
REQ500988,/api/beneficiary,163.0,200,2026-03-24 06:33:03.747883,
REQ500989,/api/transfer,657.1,200,2026-06-03 15:08:53.310028,
REQ500990,/api/statement,461.0,200,2026-03-21 02:36:16.955336,
REQ500991,/api/kyc/verify,504.2,200,2026-06-04 23:42:41.841468,
REQ500992,/api/transfer,120.8,200,2026-03-28 08:48:27.490661,
REQ500993,/api/transfer,254.2,200,2026-04-24 02:51:51.004050,
REQ500994,/api/statement,85.5,200,2026-04-13 22:07:41.727536,
REQ500995,/api/kyc/verify,571.1,503,2026-08-09 00:43:56.399786,INC403985
REQ500996,/api/login,526.2,201,2026-06-16 20:27:17.692039,
REQ500997,/api/kyc/verify,158.4,200,2026-04-07 04:15:31.515778,
REQ500998,/api/login,329.4,200,2026-07-08 17:24:19.276469,
REQ500999,/api/login,218.8,200,2026-07-30 02:56:45.477754,
REQ501000,/api/login,558.9,200,2026-04-05 14:13:32.192871,
REQ501001,/api/balance,267.2,200,2026-03-10 05:00:21.574144,
REQ501002,/api/login,807.4,200,2026-08-19 18:08:15.023356,
REQ501003,/api/statement,236.2,200,2026-06-15 04:15:52.063524,
REQ501004,/api/beneficiary,263.5,200,2026-02-26 22:52:43.652411,
REQ501005,/api/login,263.6,200,2026-05-25 07:57:07.132185,
REQ501006,/api/login,92.6,503,2026-03-22 09:05:48.803803,INC400289
REQ501007,/api/transfer,186.4,200,2026-04-16 14:14:22.062538,
REQ501008,/api/beneficiary,343.1,200,2026-07-23 05:38:34.810579,
REQ501009,/api/beneficiary,60.6,200,2026-06-21 15:24:41.017925,
REQ501010,/api/transfer,263.7,200,2026-03-26 08:15:06.322308,
REQ501011,/api/transfer,401.1,200,2026-05-25 02:09:10.850446,
REQ501012,/api/beneficiary,317.1,200,2026-04-30 03:45:41.896325,
REQ501013,/api/login,865.3,503,2026-07-16 13:32:42.964652,INC406610
REQ501014,/api/login,288.6,401,2026-03-06 07:58:57.909604,
REQ501015,/api/login,364.3,200,2026-06-17 07:36:55.804921,
REQ501016,/api/login,476.5,200,2026-08-04 13:38:31.390237,
REQ501017,/api/beneficiary,376.3,200,2026-07-18 10:05:18.296078,
REQ501018,/api/beneficiary,64.9,200,2026-06-09 02:34:55.450690,
REQ501019,/api/balance,19.9,200,2026-07-19 02:46:44.820204,
REQ501020,/api/balance,91.5,200,2026-05-13 16:40:57.698106,
REQ501021,/api/balance,511.5,500,2026-07-21 15:09:37.733618,
REQ501022,/api/kyc/verify,404.8,429,2026-05-30 06:29:34.290218,
REQ501023,/api/login,291.0,500,2026-03-31 08:34:51.758117,
REQ501024,/api/balance,891.9,200,2026-05-02 23:47:22.592567,
REQ501025,/api/login,263.1,200,2026-06-26 01:50:19.093225,
REQ501026,/api/kyc/verify,479.4,200,2026-03-21 08:31:32.956421,
REQ501027,/api/statement,292.2,200,2026-06-26 22:30:35.367148,
REQ501028,/api/balance,466.7,401,2026-07-27 23:30:32.731978,
REQ501029,/api/beneficiary,363.6,200,2026-05-22 09:19:31.579543,
REQ501030,/api/beneficiary,291.4,429,2026-03-10 00:44:11.072949,
REQ501031,/api/kyc/verify,9.7,401,2026-07-13 12:47:00.418087,
REQ501032,/api/kyc/verify,149.9,200,2026-05-20 10:24:03.852933,
REQ501033,/api/balance,125.3,200,2026-06-21 03:11:46.404414,
REQ501034,/api/beneficiary,54.8,200,2026-05-02 07:54:24.729959,
REQ501035,/api/transfer,140.2,502,2026-06-23 02:30:46.189893,INC408067
REQ501036,/api/login,309.0,200,2026-05-03 22:08:55.362296,
REQ501037,/api/statement,463.6,200,2026-04-15 23:32:48.637756,
REQ501038,/api/transfer,561.2,200,2026-03-26 08:26:06.157310,
REQ501039,/api/kyc/verify,281.8,200,2026-04-18 08:58:43.255326,
REQ501040,/api/balance,454.6,200,2026-04-15 15:17:22.247191,
REQ501041,/api/balance,84.4,200,2026-06-12 17:25:30.299654,
REQ501042,/api/kyc/verify,30.5,200,2026-04-13 19:27:58.855705,
REQ501043,/api/transfer,390.6,200,2026-05-30 16:21:43.582909,
REQ501044,/api/statement,241.5,200,2026-05-16 18:45:37.930335,
REQ501045,/api/login,202.4,200,2026-05-24 15:07:09.445606,
REQ501046,/api/kyc/verify,511.7,200,2026-05-02 05:19:08.354798,
REQ501047,/api/beneficiary,298.9,200,2026-06-29 16:01:50.499908,
REQ501048,/api/transfer,207.8,200,2026-07-29 12:16:13.467028,
REQ501049,/api/statement,216.4,200,2026-03-29 13:19:48.005434,
REQ501050,/api/statement,32.9,200,2026-05-11 05:40:16.044995,
REQ501051,/api/beneficiary,385.4,200,2026-07-12 12:56:27.899379,
REQ501052,/api/transfer,222.3,200,2026-07-30 02:00:24.690004,
REQ501053,/api/login,113.8,200,2026-06-08 17:05:46.477841,
REQ501054,/api/kyc/verify,205.2,200,2026-03-31 22:43:39.827654,
REQ501055,/api/kyc/verify,414.8,200,2026-04-13 12:45:25.817492,
REQ501056,/api/transfer,606.6,200,2026-05-11 17:34:23.576028,
REQ501057,/api/kyc/verify,147.5,502,2026-07-23 18:03:08.886036,INC402309
REQ501058,/api/beneficiary,5470.0,200,2026-04-16 22:54:51.362563,
REQ501059,/api/transfer,289.7,200,2026-03-04 14:36:24.689851,
REQ501060,/api/beneficiary,141.1,200,2026-06-12 17:00:49.393196,
REQ501061,/api/balance,486.7,503,2026-07-29 06:12:03.564705,
REQ501062,/api/statement,146.6,200,2026-07-22 07:13:58.893288,
REQ501063,/api/statement,667.4,200,2026-03-23 00:53:23.063069,
REQ501064,/api/transfer,406.4,200,2026-06-09 02:30:31.153282,
REQ501065,/api/kyc/verify,364.7,401,2026-04-02 06:29:15.954976,
REQ501066,/api/beneficiary,630.7,200,2026-04-09 13:53:11.684369,
REQ501067,/api/balance,278.2,200,2026-06-24 18:39:58.127568,
REQ501068,/api/statement,321.5,200,2026-03-08 18:49:17.503246,
REQ501069,/api/kyc/verify,347.1,200,2026-05-12 05:32:03.345774,
REQ501070,/api/transfer,131.3,200,2026-05-02 10:11:08.154051,
REQ501071,/api/login,177.2,200,2026-07-31 16:48:05.365217,
REQ501072,/api/login,193.5,200,2026-03-10 12:51:27.946599,
REQ501073,/api/statement,308.3,200,2026-06-29 09:46:21.144227,
REQ501074,/api/statement,142.8,200,2026-07-01 07:43:09.099523,
REQ501075,/api/transfer,179.0,200,2026-04-01 07:33:25.292323,
REQ501076,/api/kyc/verify,699.3,200,2026-07-23 06:15:55.189101,
REQ501077,/api/balance,475.9,400,2026-05-21 08:02:38.948712,
REQ501078,/api/statement,101.9,200,2026-03-31 04:19:13.851193,
REQ501079,/api/balance,282.5,200,2026-04-09 10:09:48.955508,
REQ501080,/api/kyc/verify,124.1,200,2026-04-22 02:32:49.221199,
REQ501081,/api/kyc/verify,604.0,200,2026-07-03 00:57:42.766137,
REQ501082,/api/statement,64.8,200,2026-06-05 14:51:42.162461,
REQ501083,/api/balance,135.5,200,2026-07-08 16:54:07.624298,
REQ501084,/api/statement,264.7,200,2026-08-04 00:55:40.145388,
REQ501085,/api/balance,268.9,201,2026-03-01 12:59:23.053794,
REQ501086,/api/statement,494.0,200,2026-05-25 17:12:27.807422,
REQ501087,/api/transfer,374.0,200,2026-06-05 10:17:58.878116,
REQ501088,/api/statement,158.7,200,2026-04-26 03:37:13.902390,
REQ501089,/api/balance,207.2,200,2026-08-12 07:21:37.438092,
REQ501090,/api/beneficiary,97.8,200,2026-04-19 22:11:48.316695,
REQ501091,/api/beneficiary,206.3,200,2026-03-02 14:42:25.502704,
REQ501092,/api/kyc/verify,520.3,200,2026-07-03 18:03:51.996761,
REQ501093,/api/balance,133.1,200,2026-03-17 09:24:15.038713,
REQ501094,/api/kyc/verify,437.3,500,2026-07-25 16:30:26.714506,INC400369
REQ501095,/api/statement,83.7,200,2026-07-10 19:28:48.882891,
REQ501096,/api/beneficiary,43.8,200,2026-06-28 15:09:36.816763,
REQ501097,/api/login,161.9,200,2026-05-12 15:25:13.521628,
REQ501098,/api/balance,222.3,200,2026-04-18 16:20:42.778252,
REQ501099,/api/transfer,259.8,200,2026-03-05 19:17:41.174379,
REQ501100,/api/balance,244.1,200,2026-07-29 18:51:00.259442,
REQ501101,/api/statement,319.3,503,2026-06-25 15:15:58.209931,
REQ501102,/api/beneficiary,31.8,200,2026-08-13 13:06:38.667827,
REQ501103,/api/transfer,184.4,200,2026-05-03 16:47:01.375110,
REQ501104,/api/kyc/verify,238.8,200,2026-06-11 18:28:21.253055,
REQ501105,/api/login,248.7,200,2026-06-09 19:14:41.915733,
REQ501106,/api/transfer,170.5,200,2026-07-02 05:51:30.347475,
REQ501107,/api/balance,82.4,200,2026-05-31 12:15:45.830594,
REQ501108,/api/beneficiary,333.5,200,2026-03-08 21:13:59.373560,
REQ501109,/api/beneficiary,129.0,200,2026-04-12 14:34:01.979776,
REQ501110,/api/transfer,113.6,200,2026-07-10 04:45:42.716364,
REQ501111,/api/beneficiary,192.0,200,2026-03-20 22:52:12.739794,
REQ501112,/api/login,338.5,200,2026-05-03 21:42:36.289720,
REQ501113,/api/login,236.9,504,2026-04-16 22:05:49.136288,INC403820
REQ501114,/api/beneficiary,489.3,200,2026-04-09 23:46:18.016626,
REQ501115,/api/statement,390.8,200,2026-05-24 04:38:05.680730,
REQ501116,/api/balance,3027.6,200,2026-03-05 10:54:02.658304,
REQ501117,/api/beneficiary,564.8,400,2026-04-16 10:01:44.319645,
REQ501118,/api/login,67.1,200,2026-04-29 18:06:52.242915,
REQ501119,/api/transfer,13.6,200,2026-04-03 02:14:50.632746,
REQ501120,/api/statement,212.4,200,2026-07-26 14:52:53.470503,
REQ501121,/api/login,115.1,200,2026-08-01 00:53:44.064525,
REQ501122,/api/statement,81.7,200,2026-04-27 04:20:01.186582,
REQ501123,/api/beneficiary,260.8,200,2026-08-09 10:23:47.360658,
REQ501124,/api/balance,307.2,502,2026-06-26 12:59:38.019908,INC400371
REQ501125,/api/kyc/verify,521.0,200,2026-07-18 20:36:31.360848,
REQ501126,/api/transfer,150.0,200,2026-08-19 15:37:55.488466,
REQ501127,/api/transfer,194.2,200,2026-05-01 06:44:59.499216,
REQ501128,/api/beneficiary,389.5,200,2026-03-04 20:47:55.253319,
REQ501129,/api/statement,48.6,200,2026-03-24 15:56:07.241376,
REQ501130,/api/beneficiary,494.1,200,2026-03-08 15:45:25.097439,
REQ501131,/api/balance,484.2,200,2026-05-17 00:46:38.617516,
REQ501132,/api/login,603.5,200,2026-04-20 12:04:37.415277,
REQ501133,/api/login,591.3,200,2026-06-17 21:50:03.347578,
REQ501134,/api/beneficiary,335.1,200,2026-07-09 05:17:11.881228,
REQ501135,/api/statement,127.2,200,2026-06-04 09:45:21.010551,
REQ501136,/api/statement,298.8,200,2026-04-04 07:34:17.625859,
REQ501137,/api/kyc/verify,356.8,200,2026-08-14 05:47:57.421597,
REQ501138,/api/statement,163.5,503,2026-07-18 00:16:15.962303,
REQ501139,/api/transfer,342.3,200,2026-05-25 11:45:55.848489,
REQ501140,/api/statement,279.1,201,2026-07-19 22:41:52.323101,
REQ501141,/api/kyc/verify,233.9,429,2026-02-24 10:30:45.577371,
REQ501142,/api/kyc/verify,292.7,200,2026-06-27 07:22:11.291322,
REQ501143,/api/kyc/verify,469.5,500,2026-05-10 18:51:37.103121,INC403217
REQ501144,/api/login,684.6,200,2026-04-27 06:22:41.688119,
REQ501145,/api/transfer,132.1,200,2026-07-16 22:27:28.192455,
REQ501146,/api/beneficiary,163.0,200,2026-03-21 22:59:46.676131,
REQ501147,/api/beneficiary,342.8,200,2026-06-21 09:30:10.982196,
REQ501148,/api/statement,65.7,201,2026-07-10 22:33:05.993104,
REQ501149,/api/beneficiary,8642.5,200,2026-02-28 21:40:35.072338,
REQ501150,/api/login,310.2,200,2026-08-17 17:07:01.972530,
REQ501151,/api/login,174.3,200,2026-07-10 12:08:58.918322,
REQ501152,/api/kyc/verify,197.9,200,2026-08-01 07:38:44.133604,
REQ501153,/api/balance,141.9,200,2026-03-02 16:14:10.132026,
REQ501154,/api/balance,1150.2,200,2026-04-29 01:07:48.596701,
REQ501155,/api/statement,90.3,200,2026-05-08 21:12:09.728960,
REQ501156,/api/kyc/verify,322.0,200,2026-06-26 15:34:11.863102,
REQ501157,/api/kyc/verify,66.8,200,2026-06-30 07:41:27.954608,
REQ501158,/api/statement,329.2,200,2026-08-09 00:08:23.336236,
REQ501159,/api/beneficiary,454.8,200,2026-02-27 09:53:20.920583,
REQ501160,/api/beneficiary,184.5,200,2026-04-09 07:47:38.619002,
REQ501161,/api/kyc/verify,459.8,200,2026-07-11 04:09:02.247771,
REQ501162,/api/balance,89.9,200,2026-04-24 18:03:14.710164,
REQ501163,/api/beneficiary,514.8,201,2026-03-10 22:26:30.185566,
REQ501164,/api/login,298.9,200,2026-06-10 22:02:31.308933,
REQ501165,/api/kyc/verify,188.6,200,2026-06-08 06:00:56.329647,
REQ501166,/api/login,412.8,429,2026-06-28 08:38:28.173328,
REQ501167,/api/balance,242.5,200,2026-07-26 07:18:50.099742,
REQ501168,/api/transfer,132.7,200,2026-04-07 20:44:14.099864,
REQ501169,/api/kyc/verify,673.3,200,2026-04-21 22:47:41.881405,
REQ501170,/api/beneficiary,367.5,200,2026-04-26 13:23:26.602453,
REQ501171,/api/login,377.6,200,2026-05-02 21:35:54.651564,
REQ501172,/api/kyc/verify,387.1,200,2026-06-18 02:01:27.773269,
REQ501173,/api/beneficiary,94.4,200,2026-07-08 17:42:23.965777,
REQ501174,/api/login,239.2,503,2026-04-09 21:55:25.735447,
REQ501175,/api/kyc/verify,252.6,200,2026-03-20 05:48:11.394498,
REQ501176,/api/beneficiary,27.4,200,2026-06-18 23:40:19.533092,
REQ501177,/api/balance,207.3,200,2026-08-10 00:06:33.370828,
REQ501178,/api/statement,833.1,200,2026-08-10 19:47:19.109242,
REQ501179,/api/kyc/verify,476.5,200,2026-04-22 05:56:18.539793,
REQ501180,/api/transfer,242.4,200,2026-06-13 16:34:39.685869,
REQ501181,/api/beneficiary,381.0,400,2026-06-19 22:14:43.074362,
REQ501182,/api/beneficiary,191.2,200,2026-05-29 03:10:01.083007,
REQ501183,/api/beneficiary,788.9,200,2026-07-20 01:38:03.476181,
REQ501184,/api/balance,571.8,200,2026-05-08 17:31:16.196124,
REQ501185,/api/beneficiary,325.5,200,2026-07-31 11:16:14.963344,
REQ501186,/api/kyc/verify,414.0,429,2026-08-09 12:21:10.446056,
REQ501187,/api/statement,274.5,200,2026-06-05 02:23:14.081584,
REQ501188,/api/kyc/verify,34.7,200,2026-07-26 15:17:15.408460,
REQ501189,/api/login,145.2,200,2026-04-05 01:13:49.932942,
REQ501190,/api/balance,173.4,200,2026-05-04 06:35:31.690071,
REQ501191,/api/transfer,395.3,200,2026-05-02 02:12:41.524155,
REQ501192,/api/kyc/verify,342.4,503,2026-05-01 17:11:52.790911,INC406238
REQ501193,/api/kyc/verify,510.2,200,2026-02-21 10:34:43.853258,
REQ501194,/api/transfer,250.1,200,2026-06-11 13:56:19.187966,
REQ501195,/api/beneficiary,215.7,200,2026-07-06 08:15:18.660764,
REQ501196,/api/balance,490.8,200,2026-06-08 10:21:06.208863,
REQ501197,/api/login,95.1,200,2026-03-31 16:38:07.876230,
REQ501198,/api/login,137.6,200,2026-08-09 10:31:27.641191,
REQ501199,/api/transfer,396.3,200,2026-07-11 23:49:07.228322,
REQ501200,/api/statement,237.0,200,2026-02-22 21:09:04.028866,
REQ501201,/api/transfer,147.8,200,2026-04-24 11:55:08.756357,
REQ501202,/api/statement,144.5,400,2026-06-09 00:57:57.299295,
REQ501203,/api/transfer,321.6,200,2026-03-31 01:02:50.103613,
REQ501204,/api/balance,59.5,500,2026-08-09 18:17:50.947386,
REQ501205,/api/kyc/verify,192.8,200,2026-03-10 08:16:22.033345,
REQ501206,/api/login,169.3,200,2026-08-11 11:51:03.109166,
REQ501207,/api/transfer,405.6,200,2026-03-15 07:08:10.535082,
REQ501208,/api/balance,319.2,200,2026-06-13 09:50:56.116905,
REQ501209,/api/balance,186.3,201,2026-04-18 18:46:56.186949,
REQ501210,/api/transfer,163.5,200,2026-03-03 13:16:04.836525,
REQ501211,/api/statement,415.8,200,2026-03-28 01:50:51.639755,
REQ501212,/api/balance,108.6,429,2026-03-05 17:35:31.623810,
REQ501213,/api/transfer,302.1,200,2026-04-08 15:57:45.096072,
REQ501214,/api/login,126.1,200,2026-08-06 18:05:32.584995,
REQ501215,/api/beneficiary,304.6,200,2026-05-02 01:56:41.494625,
REQ501216,/api/beneficiary,243.3,200,2026-04-01 09:20:07.291187,
REQ501217,/api/beneficiary,141.8,200,2026-06-07 17:00:33.899051,
REQ501218,/api/transfer,64.5,200,2026-06-09 23:48:23.483789,
REQ501219,/api/transfer,329.9,400,2026-03-18 15:21:04.685742,
REQ501220,/api/beneficiary,84.7,200,2026-03-21 18:16:44.185377,
REQ501221,/api/kyc/verify,96.0,200,2026-05-25 20:12:59.607599,
REQ501222,/api/balance,3164.5,200,2026-03-15 22:17:59.683959,
REQ501223,/api/transfer,223.6,502,2026-06-07 01:56:09.637173,
REQ501224,/api/statement,919.8,200,2026-06-13 04:16:50.446955,
REQ501225,/api/transfer,569.8,200,2026-04-28 10:46:46.513120,
REQ501226,/api/kyc/verify,385.3,200,2026-02-21 14:35:37.568211,
REQ501227,/api/beneficiary,526.6,503,2026-08-11 11:50:47.877440,INC409364
REQ501228,/api/beneficiary,597.2,200,2026-06-05 14:54:41.385583,
REQ501229,/api/statement,595.9,200,2026-07-29 04:31:15.973226,
REQ501230,/api/kyc/verify,188.7,200,2026-07-20 13:10:07.519542,
REQ501231,/api/login,984.8,200,2026-07-18 06:36:25.409482,
REQ501232,/api/kyc/verify,194.9,200,2026-06-13 05:52:42.216405,
REQ501233,/api/statement,109.1,400,2026-02-28 10:39:28.951640,
REQ501234,/api/login,321.2,200,2026-08-06 21:29:51.897891,
REQ501235,/api/transfer,225.4,200,2026-05-17 09:41:17.981564,
REQ501236,/api/statement,146.8,200,2026-04-27 13:08:45.396771,
REQ501237,/api/kyc/verify,178.5,200,2026-07-01 02:39:07.590190,
REQ501238,/api/statement,581.9,200,2026-03-22 02:30:44.871337,
REQ501239,/api/login,283.2,200,2026-03-08 16:18:37.844728,
REQ501240,/api/transfer,235.9,200,2026-05-08 03:13:46.907107,
REQ501241,/api/kyc/verify,5929.7,200,2026-06-26 12:51:59.178850,
REQ501242,/api/statement,496.8,200,2026-05-16 22:25:38.953203,
REQ501243,/api/login,204.0,200,2026-04-30 03:33:16.475017,
REQ501244,/api/statement,34.7,200,2026-05-26 17:17:37.960268,
REQ501245,/api/kyc/verify,263.4,200,2026-05-08 23:03:33.938989,
REQ501246,/api/balance,113.5,200,2026-07-14 12:21:33.692182,
REQ501247,/api/kyc/verify,351.2,200,2026-03-05 22:52:20.007489,
REQ501248,/api/login,439.5,200,2026-04-27 13:47:36.468248,
REQ501249,/api/kyc/verify,184.9,200,2026-05-11 15:38:26.330072,
REQ501250,/api/login,191.3,200,2026-04-09 02:01:26.974428,
REQ501251,/api/kyc/verify,28.6,200,2026-07-19 19:24:01.118600,
REQ501252,/api/kyc/verify,258.7,200,2026-05-04 09:44:19.768526,
REQ501253,/api/login,215.7,200,2026-04-14 21:55:04.205994,
REQ501254,/api/transfer,1024.7,200,2026-07-28 00:07:57.322232,
REQ501255,/api/balance,137.7,200,2026-03-16 20:39:09.285396,
REQ501256,/api/beneficiary,188.2,200,2026-07-27 05:34:39.279474,
REQ501257,/api/statement,180.3,429,2026-03-22 16:14:53.889902,
REQ501258,/api/beneficiary,223.9,503,2026-03-21 20:05:50.199057,
REQ501259,/api/login,101.1,200,2026-07-09 07:26:49.563060,
REQ501260,/api/login,111.3,200,2026-08-04 14:11:24.955025,
REQ501261,/api/login,403.1,201,2026-05-03 22:38:19.011443,
REQ501262,/api/statement,231.2,429,2026-03-14 18:29:26.237134,
REQ501263,/api/statement,285.2,200,2026-08-18 20:15:35.395895,
REQ501264,/api/transfer,4380.9,200,2026-06-30 08:37:01.171369,
REQ501265,/api/login,515.9,200,2026-04-03 07:48:47.494068,
REQ501266,/api/kyc/verify,197.3,200,2026-04-11 03:12:28.810052,
REQ501267,/api/beneficiary,73.9,200,2026-04-03 01:15:41.857129,
REQ501268,/api/kyc/verify,137.8,200,2026-07-25 09:49:00.917232,
REQ501269,/api/balance,811.1,200,2026-06-26 18:09:10.260580,
REQ501270,/api/balance,802.2,200,2026-08-05 04:05:04.643089,
REQ501271,/api/transfer,342.5,200,2026-03-23 01:54:09.736516,
REQ501272,/api/balance,220.2,200,2026-06-20 18:53:08.508397,
REQ501273,/api/kyc/verify,275.3,200,2026-07-02 02:47:00.809217,
REQ501274,/api/balance,211.3,200,2026-07-05 00:55:34.582513,
REQ501275,/api/statement,427.3,200,2026-04-01 00:25:02.432923,
REQ501276,/api/login,240.3,200,2026-04-18 05:56:13.216079,
REQ501277,/api/statement,8440.8,503,2026-04-26 02:26:32.935235,INC409294
REQ501278,/api/transfer,232.8,200,2026-06-22 21:51:52.507474,
REQ501279,/api/transfer,138.7,200,2026-07-11 12:15:16.480908,
REQ501280,/api/balance,201.2,200,2026-08-19 08:29:14.861434,
REQ501281,/api/beneficiary,101.1,200,2026-03-05 01:01:52.836154,
REQ501282,/api/kyc/verify,23.4,200,2026-03-27 02:20:38.907148,
REQ501283,/api/kyc/verify,92.8,200,2026-04-01 01:25:47.118430,
REQ501284,/api/login,79.4,200,2026-06-09 16:05:46.184237,
REQ501285,/api/kyc/verify,238.8,200,2026-04-05 21:25:26.645070,
REQ501286,/api/transfer,329.5,200,2026-05-27 18:19:40.076913,
REQ501287,/api/transfer,585.5,200,2026-03-27 18:33:27.696045,
REQ501288,/api/statement,188.9,200,2026-05-29 21:36:00.699252,
REQ501289,/api/beneficiary,168.5,200,2026-05-08 12:20:45.850098,
REQ501290,/api/login,135.2,200,2026-03-25 14:52:45.434397,
REQ501291,/api/balance,222.8,200,2026-07-10 21:22:33.879379,
REQ501292,/api/transfer,76.9,200,2026-08-12 10:59:32.196314,
REQ501293,/api/kyc/verify,831.9,401,2026-07-13 16:16:03.283804,
REQ501294,/api/beneficiary,188.7,502,2026-03-08 21:23:08.830685,
REQ501295,/api/balance,259.3,200,2026-05-18 13:58:26.916516,
REQ501296,/api/login,720.8,200,2026-08-09 12:12:49.463881,
REQ501297,/api/statement,661.3,500,2026-06-17 05:31:43.821973,INC407989
REQ501298,/api/transfer,87.2,200,2026-03-20 01:32:02.667021,
REQ501299,/api/login,187.7,200,2026-08-03 01:49:13.366862,
REQ501300,/api/transfer,264.5,200,2026-08-01 17:08:33.258326,
REQ501301,/api/transfer,66.6,500,2026-03-18 15:51:35.894351,
REQ501302,/api/kyc/verify,74.2,200,2026-07-12 17:16:59.104784,
REQ501303,/api/balance,170.4,200,2026-08-09 00:55:47.983066,
REQ501304,/api/transfer,143.8,200,2026-06-11 05:59:10.249578,
REQ501305,/api/balance,386.0,200,2026-03-09 12:01:31.608802,
REQ501306,/api/beneficiary,173.1,200,2026-06-18 02:49:56.027761,
REQ501307,/api/login,452.5,200,2026-08-18 18:38:11.479743,
REQ501308,/api/beneficiary,4699.8,200,2026-06-04 07:36:26.900082,
REQ501309,/api/beneficiary,752.3,200,2026-05-15 10:19:05.263080,
REQ501310,/api/statement,46.4,200,2026-08-17 01:18:43.387240,
REQ501311,/api/balance,172.3,200,2026-07-14 03:00:02.432543,
REQ501312,/api/login,4.6,200,2026-04-16 11:46:34.109716,
REQ501313,/api/beneficiary,647.1,200,2026-04-11 19:24:07.945559,
REQ501314,/api/transfer,432.4,200,2026-06-06 01:42:36.603169,
REQ501315,/api/transfer,209.0,200,2026-07-09 06:36:59.902848,
REQ501316,/api/balance,163.1,502,2026-02-28 17:46:58.058468,
REQ501317,/api/balance,91.9,200,2026-05-24 13:44:59.789199,
REQ501318,/api/kyc/verify,450.9,200,2026-07-07 16:58:20.766138,
REQ501319,/api/transfer,788.3,200,2026-06-17 20:20:17.354640,
REQ501320,/api/login,1010.5,200,2026-08-02 04:23:22.430334,
REQ501321,/api/balance,203.8,200,2026-08-02 08:17:04.851806,
REQ501322,/api/statement,207.3,200,2026-05-07 03:25:37.202342,
REQ501323,/api/statement,194.2,500,2026-04-23 15:01:16.365711,
REQ501324,/api/balance,162.3,200,2026-04-09 12:17:17.673533,
REQ501325,/api/kyc/verify,356.7,201,2026-07-14 18:42:50.292194,
REQ501326,/api/transfer,131.2,200,2026-07-03 19:01:14.958204,
REQ501327,/api/login,118.4,201,2026-05-10 08:06:43.373780,
REQ501328,/api/transfer,307.1,200,2026-03-17 01:19:07.981745,
REQ501329,/api/login,54.3,200,2026-04-21 04:34:21.493901,
REQ501330,/api/statement,1054.0,200,2026-07-11 22:35:40.491148,
REQ501331,/api/transfer,116.6,200,2026-05-06 05:55:25.874533,
REQ501332,/api/kyc/verify,232.3,200,2026-03-28 08:14:09.839888,
REQ501333,/api/beneficiary,462.3,200,2026-07-10 05:47:27.605686,
REQ501334,/api/statement,161.0,200,2026-07-21 08:09:21.771809,
REQ501335,/api/beneficiary,774.3,200,2026-06-03 20:01:12.641781,
REQ501336,/api/kyc/verify,315.8,200,2026-05-14 23:01:12.961875,
REQ501337,/api/login,549.7,200,2026-07-07 12:57:09.294688,
REQ501338,/api/statement,156.4,200,2026-05-16 11:15:47.800659,
REQ501339,/api/statement,154.0,200,2026-06-06 18:29:14.864403,
REQ501340,/api/login,219.8,200,2026-04-09 07:07:37.575658,
REQ501341,/api/statement,91.9,200,2026-02-22 22:21:20.448661,
REQ501342,/api/balance,151.8,201,2026-08-18 13:10:38.176779,
REQ501343,/api/kyc/verify,569.8,200,2026-03-14 09:52:05.501324,
REQ501344,/api/beneficiary,172.5,200,2026-03-29 06:45:39.589465,
REQ501345,/api/beneficiary,355.5,500,2026-06-21 16:50:20.862968,
REQ501346,/api/transfer,85.6,401,2026-08-07 22:28:25.967120,
REQ501347,/api/balance,183.6,200,2026-07-15 01:59:37.756259,
REQ501348,/api/transfer,208.2,200,2026-02-23 12:35:08.973701,
REQ501349,/api/beneficiary,710.0,200,2026-06-22 07:39:38.678122,
REQ501350,/api/balance,279.3,200,2026-07-18 09:44:28.837794,
REQ501351,/api/kyc/verify,85.4,200,2026-05-30 03:32:03.181891,
REQ501352,/api/login,286.6,200,2026-02-23 12:48:03.407876,
REQ501353,/api/balance,41.5,504,2026-05-18 10:12:05.156079,INC402066
REQ501354,/api/login,385.0,200,2026-02-24 04:31:26.580944,
REQ501355,/api/beneficiary,404.8,429,2026-03-23 08:49:34.403753,
REQ501356,/api/beneficiary,114.8,200,2026-06-12 14:43:29.662853,
REQ501357,/api/statement,231.0,200,2026-07-05 11:05:44.728004,
REQ501358,/api/statement,667.0,200,2026-04-01 18:30:21.810471,
REQ501359,/api/statement,234.5,200,2026-07-09 16:29:28.582447,
REQ501360,/api/transfer,96.0,200,2026-02-22 01:52:31.097873,
REQ501361,/api/login,175.6,200,2026-03-09 13:17:28.917863,
REQ501362,/api/login,261.1,200,2026-06-29 16:51:47.784515,
REQ501363,/api/statement,669.3,200,2026-05-04 15:42:56.804251,
REQ501364,/api/beneficiary,1224.3,200,2026-04-30 00:17:02.434862,
REQ501365,/api/statement,154.2,200,2026-07-21 08:49:50.094619,
REQ501366,/api/beneficiary,74.8,200,2026-07-02 03:39:19.259077,
REQ501367,/api/kyc/verify,128.5,200,2026-06-09 03:50:24.753716,
REQ501368,/api/statement,640.4,200,2026-06-23 08:15:14.985321,
REQ501369,/api/statement,270.4,200,2026-03-06 03:09:00.689347,
REQ501370,/api/transfer,724.8,200,2026-05-05 02:17:21.645040,
REQ501371,/api/statement,376.0,200,2026-02-24 04:15:09.004099,
REQ501372,/api/login,247.1,200,2026-03-15 22:46:22.183852,
REQ501373,/api/transfer,380.1,200,2026-04-20 19:34:26.164983,
REQ501374,/api/balance,141.2,200,2026-06-26 09:24:10.050670,
REQ501375,/api/login,326.7,200,2026-05-21 21:41:06.798018,
REQ501376,/api/beneficiary,43.4,200,2026-05-30 09:14:05.544349,
REQ501377,/api/kyc/verify,349.0,200,2026-08-19 18:17:55.058235,
REQ501378,/api/login,175.9,200,2026-03-26 18:54:58.680806,
REQ501379,/api/kyc/verify,281.4,200,2026-06-20 23:50:35.136833,
REQ501380,/api/transfer,91.6,200,2026-06-23 21:18:17.440208,
REQ501381,/api/beneficiary,126.0,200,2026-05-03 20:21:56.286599,
REQ501382,/api/balance,156.2,200,2026-02-27 22:09:49.090343,
REQ501383,/api/balance,297.6,200,2026-03-31 22:13:20.218204,
REQ501384,/api/beneficiary,3597.8,200,2026-06-26 00:52:11.898294,
REQ501385,/api/transfer,266.0,201,2026-05-25 14:10:51.012663,
REQ501386,/api/balance,500.2,200,2026-08-11 17:49:49.182411,
REQ501387,/api/kyc/verify,201.4,200,2026-06-26 14:00:07.119415,
REQ501388,/api/beneficiary,594.7,200,2026-06-02 17:54:29.946311,
REQ501389,/api/balance,326.2,200,2026-03-16 00:16:33.910364,
REQ501390,/api/balance,607.4,200,2026-05-25 16:27:13.364886,
REQ501391,/api/kyc/verify,250.0,200,2026-04-24 20:45:50.496801,
REQ501392,/api/beneficiary,300.8,200,2026-06-05 22:12:12.671438,
REQ501393,/api/balance,148.6,200,2026-02-24 05:41:28.645424,
REQ501394,/api/transfer,856.4,200,2026-06-09 15:12:43.584202,
REQ501395,/api/beneficiary,183.7,400,2026-03-09 20:40:17.619722,
REQ501396,/api/balance,387.7,200,2026-06-27 00:46:58.308785,
REQ501397,/api/beneficiary,761.4,200,2026-07-01 10:35:33.924269,
REQ501398,/api/kyc/verify,7212.3,201,2026-07-07 23:26:40.152911,
REQ501399,/api/kyc/verify,213.5,200,2026-07-08 12:05:56.450273,
REQ501400,/api/beneficiary,95.7,200,2026-02-24 02:02:45.753359,
REQ501401,/api/login,218.3,200,2026-07-22 13:17:42.220018,
REQ501402,/api/beneficiary,418.7,200,2026-04-06 19:56:29.606868,
REQ501403,/api/balance,37.8,200,2026-02-23 02:38:13.914897,
REQ501404,/api/transfer,194.4,400,2026-04-12 13:08:19.934602,
REQ501405,/api/transfer,709.6,200,2026-08-05 04:06:53.895485,
REQ501406,/api/balance,159.6,201,2026-03-23 09:19:27.645106,
REQ501407,/api/transfer,795.9,200,2026-06-13 19:10:08.027125,
REQ501408,/api/statement,171.3,200,2026-07-22 15:49:16.877949,
REQ501409,/api/login,41.6,401,2026-03-30 12:33:49.007605,
REQ501410,/api/balance,267.7,429,2026-04-16 20:11:36.155788,
REQ501411,/api/balance,207.5,200,2026-05-17 13:32:56.164338,
REQ501412,/api/transfer,61.3,200,2026-06-04 19:38:58.170829,
REQ501413,/api/login,101.0,200,2026-03-19 21:37:00.683267,
REQ501414,/api/balance,59.3,200,2026-08-17 17:44:21.503700,
REQ501415,/api/balance,366.0,201,2026-04-02 08:25:28.903207,
REQ501416,/api/kyc/verify,139.9,200,2026-06-01 01:29:55.963520,
REQ501417,/api/statement,659.7,200,2026-07-16 15:23:58.180303,
REQ501418,/api/login,358.6,200,2026-07-22 21:36:34.887685,
REQ501419,/api/balance,221.0,401,2026-03-10 03:13:22.738911,
REQ501420,/api/balance,130.1,200,2026-04-03 08:00:32.789645,
REQ501421,/api/statement,279.3,200,2026-04-17 20:04:00.203645,
REQ501422,/api/login,234.8,200,2026-04-15 07:52:27.874218,
REQ501423,/api/login,15.4,200,2026-05-26 08:05:55.431379,
REQ501424,/api/login,326.9,200,2026-05-05 04:16:25.315931,
REQ501425,/api/statement,31.8,200,2026-04-17 00:49:00.177875,
REQ501426,/api/balance,200.9,200,2026-07-13 17:09:32.109452,
REQ501427,/api/kyc/verify,267.8,200,2026-08-14 00:04:11.867502,
REQ501428,/api/statement,354.0,500,2026-08-16 13:40:50.680038,
REQ501429,/api/login,419.3,200,2026-06-30 05:02:08.247194,
REQ501430,/api/transfer,130.0,200,2026-08-18 05:30:38.858692,
REQ501431,/api/balance,404.3,200,2026-07-22 11:18:48.590852,
REQ501432,/api/kyc/verify,339.0,429,2026-05-18 05:58:24.103558,
REQ501433,/api/balance,306.6,201,2026-06-10 15:48:42.433571,
REQ501434,/api/login,271.4,200,2026-04-11 03:56:19.452337,
REQ501435,/api/login,68.7,200,2026-06-17 05:45:31.545844,
REQ501436,/api/login,186.4,200,2026-05-21 00:22:07.407883,
REQ501437,/api/login,435.4,200,2026-04-10 08:54:48.391910,
REQ501438,/api/kyc/verify,123.4,200,2026-06-05 02:37:55.603323,
REQ501439,/api/balance,652.7,200,2026-06-08 09:20:09.399776,
REQ501440,/api/transfer,175.5,200,2026-07-27 03:24:15.596677,
REQ501441,/api/balance,486.1,200,2026-06-21 17:51:52.569500,
REQ501442,/api/statement,382.8,200,2026-06-15 07:05:00.217799,
REQ501443,/api/beneficiary,549.2,200,2026-02-24 18:14:12.373541,
REQ501444,/api/statement,420.0,200,2026-04-18 02:16:09.614979,
REQ501445,/api/kyc/verify,140.4,201,2026-03-30 17:38:09.229955,
REQ501446,/api/balance,365.3,200,2026-03-28 22:38:50.491433,
REQ501447,/api/beneficiary,201.9,200,2026-08-10 14:26:39.940490,
REQ501448,/api/transfer,8087.3,200,2026-06-11 15:45:34.921543,
REQ501449,/api/transfer,118.1,200,2026-06-15 16:16:04.848046,
REQ501450,/api/transfer,79.8,200,2026-03-08 23:42:53.152198,
REQ501451,/api/statement,767.0,400,2026-04-28 18:37:47.982722,
REQ501452,/api/statement,144.6,200,2026-03-01 01:01:43.974408,
REQ501453,/api/beneficiary,104.8,200,2026-05-10 15:12:49.623646,
REQ501454,/api/beneficiary,520.2,200,2026-05-30 16:26:14.006294,
REQ501455,/api/kyc/verify,136.7,200,2026-05-20 11:19:30.216503,
REQ501456,/api/statement,610.6,200,2026-07-01 13:05:04.065070,
REQ501457,/api/kyc/verify,325.2,200,2026-06-29 00:59:01.927412,
REQ501458,/api/kyc/verify,478.5,200,2026-03-16 03:40:48.367202,
REQ501459,/api/balance,502.6,200,2026-07-09 17:45:37.190597,
REQ501460,/api/kyc/verify,775.3,200,2026-04-20 21:21:23.030278,
REQ501461,/api/login,205.8,200,2026-08-12 00:46:29.919603,
REQ501462,/api/balance,231.8,200,2026-05-02 10:38:00.975197,
REQ501463,/api/login,368.9,504,2026-05-12 07:48:31.639716,INC405653
REQ501464,/api/kyc/verify,441.4,200,2026-07-20 10:01:07.686020,
REQ501465,/api/beneficiary,245.3,200,2026-04-24 19:21:56.361045,
REQ501466,/api/transfer,41.1,200,2026-07-04 17:22:03.856569,
REQ501467,/api/statement,1409.7,200,2026-06-14 11:26:20.734440,
REQ501468,/api/beneficiary,232.0,500,2026-08-02 07:00:43.778238,
REQ501469,/api/login,82.8,503,2026-06-19 21:02:47.642108,INC406423
REQ501470,/api/statement,273.1,201,2026-02-24 05:01:45.583256,
REQ501471,/api/transfer,429.5,400,2026-06-27 22:41:01.065269,
REQ501472,/api/login,64.0,200,2026-03-16 13:47:59.743963,
REQ501473,/api/balance,184.5,200,2026-04-10 17:01:55.427408,
REQ501474,/api/transfer,232.4,200,2026-03-31 05:32:09.025124,
REQ501475,/api/beneficiary,315.0,200,2026-03-03 10:03:41.164043,
REQ501476,/api/login,471.0,200,2026-04-18 11:14:45.579707,
REQ501477,/api/beneficiary,125.0,200,2026-03-30 18:08:26.220099,
REQ501478,/api/kyc/verify,473.5,200,2026-02-21 21:45:10.585141,
REQ501479,/api/statement,637.1,200,2026-03-28 08:56:18.416439,
REQ501480,/api/login,1093.1,200,2026-03-20 03:06:19.177030,
REQ501481,/api/beneficiary,212.4,200,2026-02-25 03:41:46.216743,
REQ501482,/api/beneficiary,44.9,503,2026-03-19 23:42:52.050591,INC404000
REQ501483,/api/statement,5927.3,200,2026-07-16 14:09:45.885014,
REQ501484,/api/statement,45.5,200,2026-05-25 10:39:10.207423,
REQ501485,/api/kyc/verify,623.6,200,2026-05-31 06:26:20.658737,
REQ501486,/api/balance,22.6,200,2026-03-25 23:38:40.049044,
REQ501487,/api/transfer,901.2,200,2026-04-09 06:08:39.407696,
REQ501488,/api/beneficiary,382.3,200,2026-03-25 21:49:22.057264,
REQ501489,/api/beneficiary,264.2,200,2026-03-10 00:46:26.754135,
REQ501490,/api/transfer,729.9,200,2026-04-28 14:38:16.626089,
REQ501491,/api/balance,243.0,200,2026-04-29 17:15:06.943669,
REQ501492,/api/statement,92.7,200,2026-07-31 18:45:26.367824,
REQ501493,/api/login,246.9,200,2026-06-23 09:11:31.015445,
REQ501494,/api/statement,245.7,200,2026-04-25 16:59:04.239425,
REQ501495,/api/statement,145.3,200,2026-07-20 11:36:11.155301,
REQ501496,/api/login,238.9,401,2026-04-06 01:28:32.486179,
REQ501497,/api/statement,234.8,200,2026-05-22 11:08:40.145521,
REQ501498,/api/login,741.0,500,2026-08-04 21:30:39.987589,
REQ501499,/api/kyc/verify,181.5,200,2026-07-11 02:06:08.940548,
REQ501500,/api/transfer,74.5,200,2026-03-09 13:22:18.498108,
REQ501501,/api/kyc/verify,328.3,200,2026-03-14 21:36:48.356332,
REQ501502,/api/statement,187.1,200,2026-05-04 06:55:53.240368,
REQ501503,/api/transfer,225.5,200,2026-08-09 13:44:08.388966,
REQ501504,/api/statement,261.6,200,2026-02-21 02:42:40.945959,
REQ501505,/api/transfer,128.6,200,2026-06-21 10:29:40.227408,
REQ501506,/api/transfer,111.3,200,2026-04-24 05:16:50.070954,
REQ501507,/api/transfer,189.6,200,2026-07-14 22:19:28.980143,
REQ501508,/api/balance,521.8,200,2026-03-03 16:41:09.303647,
REQ501509,/api/transfer,309.2,200,2026-07-01 18:41:56.215427,
REQ501510,/api/transfer,83.5,200,2026-08-11 18:13:51.615430,
REQ501511,/api/beneficiary,213.5,400,2026-04-03 03:49:19.045813,
REQ501512,/api/kyc/verify,46.7,200,2026-05-09 20:24:55.339820,
REQ501513,/api/statement,481.4,429,2026-06-28 12:37:22.238967,
REQ501514,/api/balance,205.4,504,2026-06-29 05:13:39.203562,
REQ501515,/api/beneficiary,719.3,200,2026-04-07 01:32:18.846923,
REQ501516,/api/transfer,264.9,200,2026-08-18 01:33:58.322154,
REQ501517,/api/beneficiary,213.4,200,2026-05-04 12:30:48.786157,
REQ501518,/api/login,402.1,200,2026-02-25 04:44:44.457300,
REQ501519,/api/login,560.6,200,2026-03-28 02:55:13.766694,
REQ501520,/api/transfer,455.0,200,2026-03-05 10:43:57.495555,
REQ501521,/api/statement,134.0,200,2026-06-24 02:03:31.488988,
REQ501522,/api/balance,253.2,200,2026-06-22 23:46:57.403838,
REQ501523,/api/login,69.2,200,2026-04-21 05:54:28.914835,
REQ501524,/api/login,148.0,200,2026-06-05 14:44:35.935122,
REQ501525,/api/beneficiary,260.0,503,2026-05-13 06:02:24.337537,INC400274
REQ501526,/api/kyc/verify,387.2,200,2026-03-19 17:11:37.377257,
REQ501527,/api/login,333.5,200,2026-03-15 08:43:35.888593,
REQ501528,/api/transfer,285.3,200,2026-07-05 00:24:24.561548,
REQ501529,/api/transfer,329.6,200,2026-05-19 19:37:34.134115,
REQ501530,/api/kyc/verify,177.8,429,2026-04-09 13:06:56.528305,
REQ501531,/api/kyc/verify,22.3,200,2026-03-10 02:59:01.696121,
REQ501532,/api/kyc/verify,246.6,200,2026-03-21 21:19:07.278679,
REQ501533,/api/balance,72.7,200,2026-05-22 10:09:56.843854,
REQ501534,/api/statement,390.8,200,2026-07-05 20:53:20.343388,
REQ501535,/api/login,845.9,504,2026-02-24 23:33:26.606293,INC402296
REQ501536,/api/login,85.7,200,2026-08-08 12:45:14.017087,
REQ501537,/api/transfer,449.2,503,2026-07-30 11:09:26.487945,INC407026
REQ501538,/api/kyc/verify,405.3,200,2026-03-11 07:28:45.855823,
REQ501539,/api/kyc/verify,248.0,200,2026-07-08 05:50:11.611456,
REQ501540,/api/transfer,216.3,200,2026-05-14 11:01:56.060157,
REQ501541,/api/statement,173.4,200,2026-04-10 10:35:25.885768,
REQ501542,/api/statement,397.3,429,2026-02-23 22:41:43.539580,
REQ501543,/api/login,724.4,400,2026-07-30 08:12:41.987741,
REQ501544,/api/balance,148.8,200,2026-06-16 21:27:00.567615,
REQ501545,/api/beneficiary,109.4,200,2026-02-27 18:05:20.968123,
REQ501546,/api/login,254.0,200,2026-05-08 17:39:47.045359,
REQ501547,/api/balance,411.3,200,2026-06-03 02:40:41.210109,
REQ501548,/api/transfer,102.7,200,2026-05-30 10:58:57.687349,
REQ501549,/api/beneficiary,182.9,200,2026-04-05 08:36:08.488225,
REQ501550,/api/balance,82.9,200,2026-04-13 08:44:36.905590,
REQ501551,/api/balance,8624.6,200,2026-05-21 03:24:22.737002,
REQ501552,/api/beneficiary,443.2,502,2026-06-26 01:03:29.651736,
REQ501553,/api/balance,263.5,200,2026-07-16 11:47:26.363625,
REQ501554,/api/transfer,228.7,400,2026-07-12 03:03:57.317546,
REQ501555,/api/statement,515.5,200,2026-08-10 04:43:38.257591,
REQ501556,/api/transfer,138.5,201,2026-05-04 16:28:30.327491,
REQ501557,/api/kyc/verify,209.3,200,2026-07-10 16:14:57.260752,
REQ501558,/api/balance,317.1,200,2026-04-22 21:36:06.119073,
REQ501559,/api/kyc/verify,460.5,200,2026-04-22 03:35:19.911793,
REQ501560,/api/statement,461.8,200,2026-07-01 23:33:17.333502,
REQ501561,/api/balance,156.1,200,2026-06-19 20:07:07.002504,
REQ501562,/api/login,7443.1,200,2026-05-28 18:14:44.332809,
REQ501563,/api/transfer,3591.0,400,2026-08-10 19:24:16.070129,
REQ501564,/api/balance,77.3,200,2026-07-24 15:39:35.931250,
REQ501565,/api/beneficiary,244.5,200,2026-08-17 20:28:04.388830,
REQ501566,/api/balance,753.1,200,2026-08-18 17:52:09.072413,
REQ501567,/api/transfer,233.4,201,2026-07-24 03:58:01.882653,
REQ501568,/api/statement,355.3,200,2026-06-05 08:01:36.498936,
REQ501569,/api/kyc/verify,204.9,200,2026-06-07 15:51:07.705012,
REQ501570,/api/transfer,260.9,200,2026-03-26 23:56:09.551987,
REQ501571,/api/beneficiary,666.0,200,2026-08-03 08:52:36.592863,
REQ501572,/api/statement,551.8,200,2026-08-03 19:04:21.116569,
REQ501573,/api/login,1006.2,200,2026-05-25 08:48:16.667391,
REQ501574,/api/statement,394.6,200,2026-06-16 17:02:43.459680,
REQ501575,/api/login,499.4,429,2026-02-22 05:33:25.722275,
REQ501576,/api/beneficiary,350.0,200,2026-05-19 22:42:55.321520,
REQ501577,/api/kyc/verify,176.0,201,2026-07-17 08:31:11.378405,
REQ501578,/api/transfer,284.4,200,2026-06-20 15:45:37.554044,
REQ501579,/api/login,285.2,200,2026-06-26 14:32:42.347293,
REQ501580,/api/transfer,367.7,200,2026-04-22 06:12:06.042214,
REQ501581,/api/transfer,122.9,200,2026-07-17 21:26:25.796071,
REQ501582,/api/balance,157.4,200,2026-03-25 19:18:52.352982,
REQ501583,/api/statement,798.3,200,2026-02-23 22:30:42.675610,
REQ501584,/api/statement,376.2,200,2026-05-16 14:32:01.388206,
REQ501585,/api/kyc/verify,82.5,200,2026-04-07 16:51:59.081612,
REQ501586,/api/statement,178.4,200,2026-05-29 11:37:58.505144,
REQ501587,/api/transfer,53.8,200,2026-06-14 10:16:40.376767,
REQ501588,/api/statement,77.2,200,2026-07-20 20:44:40.088175,
REQ501589,/api/statement,377.8,200,2026-06-26 23:53:50.628264,
REQ501590,/api/statement,161.7,200,2026-05-24 19:33:08.230223,
REQ501591,/api/balance,420.2,200,2026-06-15 14:00:11.016362,
REQ501592,/api/kyc/verify,201.6,200,2026-02-27 11:54:34.856916,
REQ501593,/api/kyc/verify,290.5,200,2026-03-24 15:06:58.576289,
REQ501594,/api/statement,117.9,200,2026-03-06 08:44:10.786131,
REQ501595,/api/statement,23.3,200,2026-05-21 22:14:04.441274,
REQ501596,/api/transfer,144.2,200,2026-07-09 15:20:38.181216,
REQ501597,/api/statement,356.5,200,2026-07-18 11:02:30.283972,
REQ501598,/api/kyc/verify,119.5,200,2026-03-14 09:57:24.933542,
REQ501599,/api/kyc/verify,61.0,200,2026-08-15 19:34:40.440600,
REQ501600,/api/login,277.4,502,2026-05-25 12:58:10.652473,INC402526
REQ501601,/api/balance,540.2,200,2026-07-16 17:31:55.437420,
REQ501602,/api/kyc/verify,70.9,200,2026-04-13 07:00:37.283152,
REQ501603,/api/kyc/verify,214.5,200,2026-03-06 23:42:09.880337,
REQ501604,/api/kyc/verify,114.8,200,2026-03-16 16:56:06.088375,
REQ501605,/api/beneficiary,40.4,200,2026-08-02 18:56:21.121501,
REQ501606,/api/transfer,52.0,200,2026-07-01 17:08:48.576116,
REQ501607,/api/beneficiary,246.4,200,2026-06-07 03:37:51.654607,
REQ501608,/api/beneficiary,220.6,200,2026-05-01 05:56:47.251735,
REQ501609,/api/beneficiary,7337.8,200,2026-04-10 11:50:40.766020,
REQ501610,/api/login,524.0,200,2026-08-19 19:47:08.028657,
REQ501611,/api/transfer,197.0,200,2026-04-09 05:02:11.158364,
REQ501612,/api/statement,108.2,429,2026-03-04 17:11:13.221880,
REQ501613,/api/beneficiary,240.0,504,2026-04-13 09:45:17.055467,INC409121
REQ501614,/api/balance,114.1,400,2026-05-23 16:17:16.262261,
REQ501615,/api/kyc/verify,124.4,200,2026-07-25 00:35:15.748553,
REQ501616,/api/balance,132.1,200,2026-02-23 09:35:28.777795,
REQ501617,/api/transfer,182.0,200,2026-05-01 17:29:09.074384,
REQ501618,/api/beneficiary,225.0,200,2026-05-17 01:32:36.804896,
REQ501619,/api/transfer,486.5,429,2026-08-14 05:11:02.596138,
REQ501620,/api/kyc/verify,651.9,200,2026-05-30 02:47:24.908955,
REQ501621,/api/statement,186.6,200,2026-04-26 06:05:26.627199,
REQ501622,/api/balance,547.7,200,2026-05-29 16:44:48.283820,
REQ501623,/api/kyc/verify,19.8,200,2026-03-19 11:18:53.956967,
REQ501624,/api/login,464.1,200,2026-08-08 18:23:02.833141,
REQ501625,/api/balance,235.4,200,2026-03-15 21:57:01.929378,
REQ501626,/api/balance,354.5,200,2026-03-08 23:46:56.292652,
REQ501627,/api/beneficiary,297.6,200,2026-02-25 00:29:39.330484,
REQ501628,/api/kyc/verify,187.8,200,2026-07-13 12:37:08.155201,
REQ501629,/api/balance,85.7,200,2026-03-07 06:02:18.095303,
REQ501630,/api/login,238.1,200,2026-03-05 18:50:28.128316,
REQ501631,/api/kyc/verify,159.6,502,2026-06-18 00:49:59.070648,INC409067
REQ501632,/api/login,528.6,200,2026-04-05 04:07:49.966755,
REQ501633,/api/beneficiary,92.1,503,2026-05-09 07:18:13.344963,INC407088
REQ501634,/api/login,271.1,200,2026-06-21 01:42:56.760803,
REQ501635,/api/kyc/verify,396.6,429,2026-03-07 20:57:21.123406,
REQ501636,/api/transfer,155.6,200,2026-03-17 19:10:56.434908,
REQ501637,/api/kyc/verify,378.0,200,2026-06-22 20:50:29.703132,
REQ501638,/api/transfer,126.0,200,2026-03-28 17:07:33.543021,
REQ501639,/api/transfer,222.6,200,2026-07-09 14:33:54.612097,
REQ501640,/api/beneficiary,296.9,200,2026-03-26 10:52:49.736696,
REQ501641,/api/statement,31.4,201,2026-04-21 02:52:18.247235,
REQ501642,/api/balance,283.3,200,2026-05-24 09:23:24.808432,
REQ501643,/api/beneficiary,235.4,200,2026-06-12 12:09:09.809996,
REQ501644,/api/transfer,478.0,429,2026-04-22 20:41:58.079524,
REQ501645,/api/statement,204.2,200,2026-05-12 13:52:42.269181,
REQ501646,/api/login,340.4,401,2026-06-20 17:42:24.801228,
REQ501647,/api/statement,107.8,200,2026-04-27 17:06:21.301087,
REQ501648,/api/transfer,237.1,200,2026-03-17 00:54:04.961004,
REQ501649,/api/balance,216.9,200,2026-07-11 18:48:44.834248,
REQ501650,/api/balance,513.0,200,2026-07-16 17:20:55.070957,
REQ501651,/api/balance,192.9,201,2026-03-24 13:34:19.989308,
REQ501652,/api/beneficiary,335.6,200,2026-06-28 03:31:50.979083,
REQ501653,/api/transfer,786.2,200,2026-03-16 17:24:32.368971,
REQ501654,/api/statement,68.7,200,2026-06-30 03:50:30.800753,
REQ501655,/api/kyc/verify,463.5,200,2026-04-12 05:52:15.532329,
REQ501656,/api/transfer,204.6,200,2026-03-17 01:47:36.048150,
REQ501657,/api/balance,623.6,200,2026-06-01 19:26:49.895710,
REQ501658,/api/beneficiary,288.3,200,2026-08-14 22:07:58.479397,
REQ501659,/api/kyc/verify,232.2,400,2026-06-24 02:42:25.861675,
REQ501660,/api/login,12.9,503,2026-03-17 07:55:51.873738,
REQ501661,/api/transfer,131.9,200,2026-05-10 23:22:02.618929,
REQ501662,/api/transfer,236.7,200,2026-04-06 13:02:50.225176,
REQ501663,/api/login,161.8,200,2026-03-26 22:51:02.557088,
REQ501664,/api/statement,428.7,200,2026-06-16 23:46:10.694534,
REQ501665,/api/transfer,168.2,200,2026-05-21 16:36:57.051563,
REQ501666,/api/transfer,364.5,201,2026-08-04 22:40:48.373224,
REQ501667,/api/statement,35.3,200,2026-06-28 22:44:36.513619,
REQ501668,/api/beneficiary,500.1,502,2026-04-15 15:22:04.950190,
REQ501669,/api/statement,221.6,200,2026-05-27 23:30:51.969230,
REQ501670,/api/beneficiary,370.3,200,2026-02-25 00:28:41.905604,
REQ501671,/api/statement,282.6,200,2026-06-23 12:29:30.210597,
REQ501672,/api/login,240.4,200,2026-08-10 12:45:41.343023,
REQ501673,/api/transfer,366.8,200,2026-03-30 03:36:13.238963,
REQ501674,/api/balance,250.9,200,2026-07-19 13:02:15.904393,
REQ501675,/api/login,158.7,200,2026-04-19 00:25:11.839943,
REQ501676,/api/beneficiary,294.2,503,2026-06-20 10:22:13.398758,INC408943
REQ501677,/api/beneficiary,85.7,200,2026-07-31 12:34:16.144166,
REQ501678,/api/login,11.2,200,2026-06-13 20:26:10.864799,
REQ501679,/api/balance,166.6,201,2026-03-01 16:26:28.507044,
REQ501680,/api/statement,483.6,200,2026-06-14 18:38:17.179054,
REQ501681,/api/login,302.5,200,2026-03-07 12:59:25.884963,
REQ501682,/api/balance,114.9,200,2026-04-02 14:56:43.704876,
REQ501683,/api/transfer,1129.2,200,2026-03-11 16:32:48.498735,
REQ501684,/api/beneficiary,63.2,200,2026-03-11 18:29:35.166677,
REQ501685,/api/beneficiary,420.6,200,2026-08-08 15:55:27.125294,
REQ501686,/api/kyc/verify,57.2,200,2026-04-23 10:58:00.006047,
REQ501687,/api/kyc/verify,289.5,200,2026-07-26 12:56:03.943794,
REQ501688,/api/beneficiary,472.8,200,2026-04-16 04:32:23.092348,
REQ501689,/api/transfer,550.3,200,2026-02-25 11:57:50.590753,
REQ501690,/api/beneficiary,285.0,200,2026-04-12 01:03:05.826928,
REQ501691,/api/login,97.1,200,2026-04-11 06:51:39.180763,
REQ501692,/api/kyc/verify,631.0,200,2026-03-21 23:16:10.766627,
REQ501693,/api/beneficiary,425.6,201,2026-07-05 03:48:58.600306,
REQ501694,/api/transfer,845.6,200,2026-06-24 03:08:22.038456,
REQ501695,/api/beneficiary,90.4,200,2026-07-14 15:14:06.126044,
REQ501696,/api/kyc/verify,314.3,200,2026-02-24 18:26:17.466722,
REQ501697,/api/balance,4998.3,200,2026-03-03 09:31:56.781319,
REQ501698,/api/balance,19.6,401,2026-08-19 11:05:26.684027,
REQ501699,/api/balance,73.3,201,2026-07-30 01:33:09.752381,
REQ501700,/api/beneficiary,5365.3,200,2026-02-25 14:46:01.425388,
REQ501701,/api/statement,140.5,200,2026-07-30 02:43:28.534204,
REQ501702,/api/login,276.4,200,2026-06-19 12:51:22.738944,
REQ501703,/api/kyc/verify,636.6,200,2026-03-26 05:33:00.028061,
REQ501704,/api/transfer,359.0,500,2026-04-08 09:44:05.733908,INC403114
REQ501705,/api/beneficiary,154.5,200,2026-07-25 18:20:51.402300,
REQ501706,/api/kyc/verify,528.4,200,2026-04-27 18:34:38.468651,
REQ501707,/api/kyc/verify,517.8,200,2026-03-14 19:04:03.498218,
REQ501708,/api/beneficiary,379.5,201,2026-03-14 00:26:32.635136,
REQ501709,/api/login,354.5,400,2026-05-08 02:45:16.391146,
REQ501710,/api/transfer,323.2,200,2026-04-15 20:14:55.511768,
REQ501711,/api/kyc/verify,279.1,200,2026-05-05 09:29:28.374501,
REQ501712,/api/statement,121.6,429,2026-02-22 17:36:37.472745,
REQ501713,/api/balance,51.4,200,2026-03-08 02:52:33.151127,
REQ501714,/api/beneficiary,793.8,200,2026-08-14 20:24:30.186573,
REQ501715,/api/transfer,169.2,200,2026-08-09 09:50:50.056634,
REQ501716,/api/beneficiary,4084.0,200,2026-07-08 15:50:38.035349,
REQ501717,/api/login,779.8,200,2026-03-12 10:58:09.611158,
REQ501718,/api/balance,401.0,500,2026-07-16 14:58:08.159415,INC404887
REQ501719,/api/login,375.4,200,2026-07-24 02:06:25.253006,
REQ501720,/api/kyc/verify,294.0,200,2026-02-23 11:24:14.118090,
REQ501721,/api/statement,405.0,200,2026-05-25 07:57:27.033071,
REQ501722,/api/transfer,130.4,200,2026-07-14 15:06:11.046509,
REQ501723,/api/balance,652.6,200,2026-05-26 23:12:40.024069,
REQ501724,/api/balance,288.6,429,2026-06-17 09:46:16.115556,
REQ501725,/api/transfer,334.6,200,2026-08-19 04:01:11.552619,
REQ501726,/api/beneficiary,244.3,200,2026-06-11 23:44:21.126051,
REQ501727,/api/statement,65.0,200,2026-05-31 01:16:12.600341,
REQ501728,/api/statement,121.4,200,2026-02-28 22:07:45.744733,
REQ501729,/api/balance,48.3,200,2026-04-10 10:41:37.385304,
REQ501730,/api/transfer,65.5,200,2026-08-15 04:09:05.711609,
REQ501731,/api/statement,25.3,200,2026-05-10 08:48:21.999431,
REQ501732,/api/balance,191.5,200,2026-03-07 12:05:04.073403,
REQ501733,/api/login,212.4,200,2026-06-25 20:49:09.881466,
REQ501734,/api/login,165.0,200,2026-07-29 12:28:29.175311,
REQ501735,/api/balance,249.2,200,2026-06-09 14:55:12.350351,
REQ501736,/api/kyc/verify,577.6,200,2026-07-23 18:25:39.062747,
REQ501737,/api/statement,214.2,200,2026-05-03 08:04:03.501526,
REQ501738,/api/beneficiary,37.8,200,2026-07-30 04:48:58.676520,
REQ501739,/api/login,241.1,200,2026-05-18 17:17:31.572965,
REQ501740,/api/transfer,157.3,200,2026-06-11 05:07:01.810291,
REQ501741,/api/beneficiary,230.1,200,2026-04-17 04:04:31.638478,
REQ501742,/api/transfer,435.4,200,2026-08-09 13:29:02.099579,
REQ501743,/api/balance,271.1,429,2026-07-12 12:08:21.027781,
REQ501744,/api/balance,331.2,200,2026-02-27 08:17:51.939931,
REQ501745,/api/beneficiary,182.2,200,2026-07-16 04:35:09.719748,
REQ501746,/api/beneficiary,265.7,200,2026-04-29 02:35:23.712349,
REQ501747,/api/kyc/verify,114.8,200,2026-04-20 02:31:07.642106,
REQ501748,/api/balance,69.2,200,2026-05-25 08:53:46.531686,
REQ501749,/api/balance,499.7,200,2026-03-16 20:51:56.648689,
REQ501750,/api/kyc/verify,459.4,200,2026-04-27 09:08:36.672105,
REQ501751,/api/transfer,206.5,200,2026-06-30 22:50:22.831326,
REQ501752,/api/login,513.7,503,2026-05-14 04:31:27.478331,
REQ501753,/api/statement,780.9,500,2026-03-15 20:21:31.410385,INC405058
REQ501754,/api/kyc/verify,159.3,200,2026-05-24 03:33:27.881639,
REQ501755,/api/statement,222.7,200,2026-06-05 04:59:25.997183,
REQ501756,/api/balance,329.2,429,2026-03-25 17:49:46.188827,
REQ501757,/api/beneficiary,809.6,200,2026-04-29 17:42:03.620440,
REQ501758,/api/login,78.7,200,2026-07-30 11:32:20.913119,
REQ501759,/api/balance,251.5,200,2026-04-01 09:25:39.486451,
REQ501760,/api/login,327.6,200,2026-03-07 04:10:37.113427,
REQ501761,/api/beneficiary,76.0,200,2026-04-14 08:30:46.110740,
REQ501762,/api/statement,155.8,200,2026-04-13 23:39:36.562540,
REQ501763,/api/kyc/verify,160.9,500,2026-05-09 18:29:02.189224,INC400431
REQ501764,/api/beneficiary,264.8,200,2026-03-17 10:10:24.724446,
REQ501765,/api/beneficiary,372.9,200,2026-06-15 00:50:21.639760,
REQ501766,/api/login,42.2,200,2026-03-19 08:59:59.644113,
REQ501767,/api/statement,197.3,200,2026-07-13 13:16:13.130200,
REQ501768,/api/login,67.6,200,2026-06-09 17:23:14.960884,
REQ501769,/api/beneficiary,146.3,503,2026-08-03 17:12:32.555624,INC409740
REQ501770,/api/statement,247.7,200,2026-04-04 07:55:48.023654,
REQ501771,/api/transfer,368.5,201,2026-03-31 04:17:59.018148,
REQ501772,/api/statement,45.9,200,2026-08-19 17:02:04.009084,
REQ501773,/api/balance,117.9,201,2026-05-31 16:37:22.002315,
REQ501774,/api/balance,470.3,200,2026-03-24 09:38:21.985906,
REQ501775,/api/balance,344.6,200,2026-02-22 16:40:27.422341,
REQ501776,/api/kyc/verify,967.2,200,2026-06-29 13:29:08.940109,
REQ501777,/api/beneficiary,437.4,200,2026-05-30 18:42:09.901771,
REQ501778,/api/beneficiary,159.5,200,2026-03-14 18:45:02.154465,
REQ501779,/api/login,563.4,400,2026-05-25 13:02:59.000187,
REQ501780,/api/transfer,174.1,200,2026-04-16 19:01:31.674213,
REQ501781,/api/transfer,373.1,503,2026-03-09 07:03:13.394081,INC400645
REQ501782,/api/beneficiary,179.9,200,2026-04-11 01:56:15.800518,
REQ501783,/api/beneficiary,551.1,200,2026-08-13 03:51:57.779716,
REQ501784,/api/beneficiary,630.4,200,2026-04-03 15:32:10.993287,
REQ501785,/api/kyc/verify,110.9,200,2026-04-02 06:11:45.695472,
REQ501786,/api/beneficiary,96.4,200,2026-05-22 19:41:33.009824,
REQ501787,/api/balance,206.3,500,2026-07-21 11:21:18.441426,INC406791
REQ501788,/api/transfer,250.5,200,2026-06-13 23:40:20.137431,
REQ501789,/api/kyc/verify,600.1,200,2026-07-02 16:43:21.734847,
REQ501790,/api/transfer,108.3,200,2026-04-03 05:43:31.125260,
REQ501791,/api/balance,421.9,503,2026-04-02 22:33:29.472424,
REQ501792,/api/beneficiary,682.5,200,2026-08-01 01:59:46.294650,
REQ501793,/api/kyc/verify,264.0,200,2026-02-26 10:35:23.405644,
REQ501794,/api/beneficiary,246.0,200,2026-05-08 08:53:06.096272,
REQ501795,/api/balance,57.2,200,2026-08-16 06:50:20.511609,
REQ501796,/api/login,326.6,200,2026-04-15 09:06:36.505612,
REQ501797,/api/transfer,98.8,200,2026-03-06 05:49:35.857223,
REQ501798,/api/login,388.3,200,2026-05-19 06:29:37.523929,
REQ501799,/api/balance,113.3,200,2026-03-12 03:14:34.090219,
REQ501800,/api/kyc/verify,143.9,200,2026-07-15 08:14:28.763490,
REQ501801,/api/beneficiary,69.7,200,2026-02-23 07:11:07.008804,
REQ501802,/api/login,785.6,200,2026-07-13 00:52:03.650306,
REQ501803,/api/login,178.3,503,2026-06-14 22:49:54.167400,INC409599
REQ501804,/api/transfer,348.5,200,2026-06-14 05:19:40.171007,
REQ501805,/api/login,1120.3,200,2026-03-04 12:48:37.528271,
REQ501806,/api/transfer,201.4,200,2026-02-26 22:22:07.385177,
REQ501807,/api/transfer,219.4,201,2026-08-15 08:39:19.263704,
REQ501808,/api/beneficiary,243.5,503,2026-08-09 02:38:37.663151,
REQ501809,/api/statement,177.5,200,2026-07-08 14:34:43.097306,
REQ501810,/api/login,284.4,200,2026-03-19 13:49:09.398137,
REQ501811,/api/transfer,359.8,200,2026-05-21 04:10:17.786526,
REQ501812,/api/login,287.3,200,2026-07-18 07:34:29.931133,
REQ501813,/api/transfer,139.0,200,2026-07-23 18:37:59.612320,
REQ501814,/api/statement,401.7,200,2026-03-02 17:31:42.792314,
REQ501815,/api/login,200.9,200,2026-03-22 16:18:18.770580,
REQ501816,/api/balance,187.3,200,2026-03-26 15:41:05.307213,
REQ501817,/api/kyc/verify,175.4,200,2026-06-11 12:54:38.592867,
REQ501818,/api/beneficiary,178.0,200,2026-07-09 01:16:19.961273,
REQ501819,/api/balance,357.6,200,2026-04-05 04:49:03.843411,
REQ501820,/api/balance,140.7,200,2026-02-22 19:47:54.524674,
REQ501821,/api/login,207.7,200,2026-05-16 05:55:03.158249,
REQ501822,/api/beneficiary,603.1,200,2026-07-21 05:52:57.513862,
REQ501823,/api/statement,148.9,200,2026-05-19 00:31:28.875412,
REQ501824,/api/kyc/verify,262.1,200,2026-03-04 09:13:00.823800,
REQ501825,/api/balance,410.8,200,2026-07-11 10:21:51.813379,
REQ501826,/api/transfer,215.5,500,2026-04-18 21:46:27.153656,INC400900
REQ501827,/api/kyc/verify,173.9,200,2026-03-24 12:03:06.148773,
REQ501828,/api/kyc/verify,99.2,500,2026-04-25 05:37:50.166865,INC405644
REQ501829,/api/transfer,249.5,200,2026-05-11 15:37:58.705916,
REQ501830,/api/beneficiary,176.5,200,2026-06-16 14:30:58.758369,
REQ501831,/api/beneficiary,608.0,200,2026-07-29 20:25:08.589416,
REQ501832,/api/login,1020.0,200,2026-06-11 00:06:36.457770,
REQ501833,/api/beneficiary,205.1,400,2026-04-05 05:32:45.744256,
REQ501834,/api/kyc/verify,169.8,200,2026-03-06 01:42:04.565731,
REQ501835,/api/statement,380.3,200,2026-07-21 08:36:32.517072,
REQ501836,/api/transfer,377.5,200,2026-08-17 21:41:37.591039,
REQ501837,/api/statement,234.9,200,2026-05-31 11:50:14.799155,
REQ501838,/api/login,691.0,429,2026-03-20 21:42:00.657143,
REQ501839,/api/statement,284.6,200,2026-03-26 03:21:42.198733,
REQ501840,/api/statement,582.3,200,2026-03-18 02:48:03.576944,
REQ501841,/api/kyc/verify,71.9,200,2026-08-13 03:41:38.071307,
REQ501842,/api/statement,405.4,200,2026-04-21 04:44:30.977750,
REQ501843,/api/login,463.9,200,2026-05-17 18:26:40.097206,
REQ501844,/api/beneficiary,406.5,200,2026-05-21 01:08:03.648169,
REQ501845,/api/kyc/verify,301.7,401,2026-03-31 11:56:54.319866,
REQ501846,/api/transfer,268.3,200,2026-07-13 04:16:31.808891,
REQ501847,/api/statement,107.2,200,2026-03-10 21:50:01.530024,
REQ501848,/api/beneficiary,22.6,200,2026-08-02 20:48:40.685571,
REQ501849,/api/statement,163.9,200,2026-06-09 16:25:13.224989,
REQ501850,/api/beneficiary,8003.9,200,2026-07-26 09:32:10.007118,
REQ501851,/api/login,545.7,200,2026-08-17 19:15:32.179074,
REQ501852,/api/beneficiary,866.0,400,2026-05-09 22:30:38.842134,
REQ501853,/api/login,125.9,201,2026-05-30 07:31:10.118988,
REQ501854,/api/kyc/verify,211.2,200,2026-03-24 20:25:31.751390,
REQ501855,/api/beneficiary,103.5,200,2026-03-23 12:17:36.794082,
REQ501856,/api/balance,128.2,200,2026-08-14 21:31:39.958807,
REQ501857,/api/login,203.9,200,2026-04-10 07:44:31.148032,
REQ501858,/api/kyc/verify,76.0,200,2026-05-23 19:12:34.121207,
REQ501859,/api/balance,92.1,200,2026-06-21 23:22:31.514069,
REQ501860,/api/balance,653.4,200,2026-07-16 01:35:55.485971,
REQ501861,/api/beneficiary,143.3,200,2026-07-07 13:17:54.865121,
REQ501862,/api/balance,145.8,200,2026-03-25 10:16:59.290472,
REQ501863,/api/transfer,244.4,200,2026-06-01 01:06:56.806158,
REQ501864,/api/beneficiary,183.2,200,2026-06-01 19:27:32.309553,
REQ501865,/api/kyc/verify,95.0,200,2026-07-02 21:13:58.640900,
REQ501866,/api/statement,977.6,200,2026-03-27 21:20:13.143227,
REQ501867,/api/transfer,264.7,200,2026-03-23 23:54:31.774210,
REQ501868,/api/beneficiary,159.2,200,2026-07-19 07:28:55.645171,
REQ501869,/api/login,113.1,200,2026-07-19 18:07:22.004683,
REQ501870,/api/kyc/verify,249.1,503,2026-07-23 15:05:41.838286,
REQ501871,/api/statement,341.6,200,2026-06-14 03:54:26.866015,
REQ501872,/api/statement,233.6,200,2026-05-28 15:59:18.990172,
REQ501873,/api/transfer,499.8,200,2026-06-01 19:12:10.270877,
REQ501874,/api/login,36.7,200,2026-03-30 16:00:24.709973,
REQ501875,/api/transfer,139.6,400,2026-06-27 07:23:21.193676,
REQ501876,/api/balance,136.3,200,2026-03-22 17:19:21.663452,
REQ501877,/api/transfer,120.3,200,2026-04-02 12:45:36.259979,
REQ501878,/api/login,213.5,200,2026-06-12 05:59:09.918896,
REQ501879,/api/transfer,730.4,200,2026-07-13 12:45:20.688507,
REQ501880,/api/login,109.5,200,2026-08-06 18:02:58.518424,
REQ501881,/api/beneficiary,121.7,200,2026-07-27 13:38:46.028939,
REQ501882,/api/login,144.1,200,2026-08-09 05:42:03.402614,
REQ501883,/api/beneficiary,261.9,200,2026-08-12 21:59:00.129933,
REQ501884,/api/kyc/verify,410.2,200,2026-02-22 13:52:25.907933,
REQ501885,/api/balance,352.4,502,2026-07-17 00:56:28.086353,
REQ501886,/api/beneficiary,50.3,200,2026-05-19 15:20:19.155418,
REQ501887,/api/login,747.4,429,2026-02-21 07:30:07.421111,
REQ501888,/api/transfer,616.8,200,2026-06-07 11:42:32.459778,
REQ501889,/api/balance,441.5,200,2026-03-03 18:49:44.402561,
REQ501890,/api/transfer,89.2,200,2026-07-18 03:38:06.436869,
REQ501891,/api/statement,411.0,200,2026-02-26 04:28:34.428153,
REQ501892,/api/login,47.4,200,2026-07-02 00:44:54.976846,
REQ501893,/api/login,206.6,200,2026-04-03 05:50:48.914435,
REQ501894,/api/statement,775.9,200,2026-03-20 15:28:30.991743,
REQ501895,/api/transfer,88.2,200,2026-03-14 12:34:31.988714,
REQ501896,/api/transfer,244.0,401,2026-03-15 16:34:46.966795,
REQ501897,/api/login,102.9,200,2026-03-12 14:19:25.619683,
REQ501898,/api/balance,351.5,200,2026-05-22 20:59:21.916409,
REQ501899,/api/statement,47.4,201,2026-05-15 15:52:03.648462,
REQ501900,/api/balance,382.6,200,2026-07-02 23:08:39.201513,
REQ501901,/api/login,246.5,200,2026-06-19 23:08:18.556967,
REQ501902,/api/kyc/verify,265.2,200,2026-04-16 15:08:32.224324,
REQ501903,/api/statement,217.8,200,2026-08-13 01:56:28.528244,
REQ501904,/api/login,132.2,401,2026-07-28 14:22:21.245387,
REQ501905,/api/balance,592.8,200,2026-07-05 17:07:07.924283,
REQ501906,/api/statement,66.7,200,2026-02-26 12:35:27.194544,
REQ501907,/api/statement,264.3,200,2026-03-29 04:11:09.682881,
REQ501908,/api/balance,477.1,401,2026-06-20 12:11:30.511146,
REQ501909,/api/beneficiary,198.8,200,2026-03-07 07:09:25.430298,
REQ501910,/api/login,184.7,200,2026-07-26 10:02:37.092575,
REQ501911,/api/beneficiary,388.5,200,2026-03-31 06:02:11.565237,
REQ501912,/api/statement,289.7,200,2026-03-16 00:38:33.468362,
REQ501913,/api/transfer,171.0,200,2026-06-29 21:43:45.772784,
REQ501914,/api/balance,192.7,200,2026-08-06 13:58:30.381847,
REQ501915,/api/login,292.5,200,2026-05-14 14:00:13.142741,
REQ501916,/api/balance,366.0,400,2026-08-08 17:04:49.680036,
REQ501917,/api/kyc/verify,205.9,200,2026-05-11 12:12:43.804194,
REQ501918,/api/beneficiary,419.5,200,2026-05-04 09:51:50.341351,
REQ501919,/api/balance,348.0,200,2026-06-15 22:56:18.903790,
REQ501920,/api/statement,873.2,200,2026-05-23 17:49:20.563649,
REQ501921,/api/transfer,414.9,200,2026-04-23 08:24:30.884282,
REQ501922,/api/kyc/verify,165.4,200,2026-05-24 10:32:05.632002,
REQ501923,/api/balance,135.6,401,2026-03-07 14:34:52.887221,
REQ501924,/api/login,521.0,200,2026-06-08 10:25:33.339045,
REQ501925,/api/balance,119.8,200,2026-07-19 04:17:20.124565,
REQ501926,/api/statement,283.7,503,2026-03-21 07:05:07.283586,
REQ501927,/api/statement,508.5,200,2026-02-25 21:25:31.524667,
REQ501928,/api/beneficiary,369.6,200,2026-04-25 10:34:22.171444,
REQ501929,/api/kyc/verify,597.5,200,2026-04-16 01:25:20.570735,
REQ501930,/api/balance,884.0,200,2026-06-24 21:46:54.750243,
REQ501931,/api/kyc/verify,665.3,200,2026-03-06 09:38:57.848076,
REQ501932,/api/beneficiary,81.2,200,2026-04-19 10:52:27.249951,
REQ501933,/api/kyc/verify,203.5,200,2026-02-24 16:32:03.712276,
REQ501934,/api/kyc/verify,276.5,400,2026-07-27 12:11:46.356346,
REQ501935,/api/balance,33.1,503,2026-05-13 05:20:00.852955,INC406363
REQ501936,/api/login,57.0,201,2026-02-22 21:48:33.001425,
REQ501937,/api/kyc/verify,305.0,200,2026-08-07 03:35:34.854703,
REQ501938,/api/transfer,151.0,504,2026-04-19 15:06:17.239527,
REQ501939,/api/kyc/verify,363.2,200,2026-04-30 16:26:39.807916,
REQ501940,/api/beneficiary,391.2,200,2026-02-22 10:45:54.456192,
REQ501941,/api/beneficiary,257.6,200,2026-07-06 19:16:10.378737,
REQ501942,/api/kyc/verify,366.3,200,2026-08-17 14:02:59.867164,
REQ501943,/api/login,140.1,200,2026-07-20 17:13:50.922718,
REQ501944,/api/login,109.7,429,2026-08-05 19:28:13.823880,
REQ501945,/api/kyc/verify,133.7,200,2026-06-21 22:05:47.086681,
REQ501946,/api/statement,477.8,200,2026-04-03 20:21:13.886692,
REQ501947,/api/beneficiary,145.4,200,2026-08-14 06:38:56.372477,
REQ501948,/api/login,199.6,200,2026-07-15 01:28:14.120295,
REQ501949,/api/statement,96.5,400,2026-04-10 19:17:28.836125,
REQ501950,/api/statement,144.3,200,2026-05-03 21:06:37.001270,
REQ501951,/api/transfer,224.2,200,2026-04-14 01:23:31.434216,
REQ501952,/api/beneficiary,301.2,200,2026-07-05 09:35:03.962886,
REQ501953,/api/login,270.5,200,2026-07-23 18:54:14.265705,
REQ501954,/api/login,47.5,200,2026-07-03 14:16:08.398934,
REQ501955,/api/transfer,576.3,200,2026-04-11 17:19:19.363089,
REQ501956,/api/statement,287.7,200,2026-06-02 09:06:56.392480,
REQ501957,/api/statement,370.2,503,2026-03-01 15:24:50.746984,INC408058
REQ501958,/api/statement,375.7,200,2026-08-15 12:37:27.610001,
REQ501959,/api/login,902.3,200,2026-03-30 00:58:22.257124,
REQ501960,/api/kyc/verify,176.9,200,2026-02-24 05:10:48.230328,
REQ501961,/api/transfer,29.3,200,2026-07-29 08:54:54.644177,
REQ501962,/api/kyc/verify,210.7,200,2026-05-02 22:36:59.959305,
REQ501963,/api/balance,597.0,200,2026-02-28 02:36:10.893945,
REQ501964,/api/statement,171.7,200,2026-07-21 16:02:46.283124,
REQ501965,/api/kyc/verify,467.1,429,2026-07-02 04:25:24.067142,
REQ501966,/api/balance,89.8,200,2026-02-27 15:08:11.731410,
REQ501967,/api/transfer,58.0,200,2026-03-10 01:51:58.161579,
REQ501968,/api/kyc/verify,225.1,200,2026-05-01 12:47:14.306034,
REQ501969,/api/kyc/verify,314.1,200,2026-07-24 18:58:00.338548,
REQ501970,/api/beneficiary,394.6,200,2026-07-12 16:18:29.106185,
REQ501971,/api/kyc/verify,101.0,200,2026-02-22 09:32:03.459439,
REQ501972,/api/kyc/verify,559.8,200,2026-04-29 08:35:01.668939,
REQ501973,/api/beneficiary,976.1,200,2026-05-02 19:07:42.013832,
REQ501974,/api/statement,248.8,502,2026-05-29 02:00:30.877199,INC405102
REQ501975,/api/kyc/verify,173.1,200,2026-07-09 11:31:35.689734,
REQ501976,/api/kyc/verify,96.7,200,2026-03-25 21:54:25.907497,
REQ501977,/api/beneficiary,1024.7,400,2026-08-15 08:18:15.034444,
REQ501978,/api/login,135.1,200,2026-05-29 14:21:06.355804,
REQ501979,/api/transfer,140.7,503,2026-03-25 11:06:23.981307,INC406581
REQ501980,/api/balance,643.1,400,2026-02-25 08:13:15.887160,
REQ501981,/api/statement,233.7,200,2026-03-04 07:53:17.339473,
REQ501982,/api/login,125.0,200,2026-06-10 10:07:58.236885,
REQ501983,/api/transfer,410.0,200,2026-08-04 12:47:49.152776,
REQ501984,/api/login,273.8,200,2026-03-14 06:55:16.687309,
REQ501985,/api/balance,403.4,200,2026-05-11 05:32:58.818232,
REQ501986,/api/transfer,442.0,200,2026-05-31 01:56:30.626435,
REQ501987,/api/login,554.8,200,2026-07-13 22:18:51.868248,
REQ501988,/api/kyc/verify,675.9,200,2026-08-19 01:46:25.915833,
REQ501989,/api/transfer,204.0,400,2026-08-09 21:39:54.665495,
REQ501990,/api/transfer,396.6,200,2026-06-03 06:32:21.056035,
REQ501991,/api/balance,26.7,200,2026-02-25 16:31:06.105480,
REQ501992,/api/beneficiary,69.5,200,2026-07-02 10:29:23.948948,
REQ501993,/api/statement,589.3,200,2026-04-16 14:40:37.631072,
REQ501994,/api/balance,151.1,200,2026-08-12 00:30:17.674901,
REQ501995,/api/statement,125.3,500,2026-02-27 18:12:22.566615,INC409018
REQ501996,/api/beneficiary,78.2,429,2026-04-06 20:22:07.647098,
REQ501997,/api/beneficiary,119.2,200,2026-04-11 10:04:48.006341,
REQ501998,/api/transfer,757.3,200,2026-03-06 00:52:28.852796,
REQ501999,/api/statement,1023.6,200,2026-08-15 09:34:22.958471,
REQ502000,/api/login,279.6,200,2026-05-01 09:56:43.499492,
REQ502001,/api/balance,565.4,200,2026-07-18 02:24:40.988840,
REQ502002,/api/balance,573.4,200,2026-08-16 06:36:06.811021,
REQ502003,/api/login,116.0,200,2026-08-19 04:16:43.262032,
REQ502004,/api/kyc/verify,219.7,503,2026-05-03 09:07:46.487167,
REQ502005,/api/transfer,320.2,200,2026-04-05 02:43:26.368051,
REQ502006,/api/beneficiary,152.0,200,2026-07-19 20:34:10.099629,
REQ502007,/api/statement,165.9,200,2026-07-14 10:19:35.274625,
REQ502008,/api/transfer,248.7,200,2026-02-23 01:17:49.042786,
REQ502009,/api/login,635.3,200,2026-06-08 01:33:38.374673,
REQ502010,/api/balance,533.1,200,2026-05-02 07:02:01.811523,
REQ502011,/api/balance,574.6,200,2026-04-22 16:48:16.090542,
REQ502012,/api/beneficiary,48.9,201,2026-08-14 18:18:19.336593,
REQ502013,/api/transfer,272.6,200,2026-07-17 02:32:52.538775,
REQ502014,/api/balance,177.6,200,2026-07-15 10:52:21.344755,
REQ502015,/api/login,15.7,200,2026-05-20 21:22:38.592499,
REQ502016,/api/login,226.3,200,2026-05-31 14:30:04.059110,
REQ502017,/api/login,851.1,503,2026-04-07 08:57:54.375228,
REQ502018,/api/statement,367.3,200,2026-04-27 09:47:16.798131,
REQ502019,/api/statement,357.2,200,2026-06-27 11:15:40.811079,
REQ502020,/api/beneficiary,302.0,201,2026-06-29 06:33:23.856519,
REQ502021,/api/balance,247.1,200,2026-06-21 20:15:44.690897,
REQ502022,/api/beneficiary,101.1,200,2026-08-07 18:21:57.151924,
REQ502023,/api/balance,526.5,200,2026-04-30 02:52:58.812035,
REQ502024,/api/balance,67.6,429,2026-02-22 06:07:50.044062,
REQ502025,/api/transfer,152.6,200,2026-04-09 17:56:39.226128,
REQ502026,/api/statement,284.9,200,2026-05-01 05:29:56.936179,
REQ502027,/api/transfer,583.0,400,2026-07-11 22:11:10.952692,
REQ502028,/api/login,119.2,200,2026-07-23 22:30:55.097760,
REQ502029,/api/beneficiary,621.0,200,2026-04-09 17:45:16.327315,
REQ502030,/api/login,485.9,401,2026-06-24 18:20:33.680644,
REQ502031,/api/statement,568.3,200,2026-05-11 05:08:49.988357,
REQ502032,/api/beneficiary,265.9,200,2026-08-12 09:30:54.653840,
REQ502033,/api/kyc/verify,21.8,200,2026-03-11 03:48:28.272193,
REQ502034,/api/login,126.2,200,2026-07-27 21:37:24.849744,
REQ502035,/api/kyc/verify,571.0,200,2026-04-06 13:22:34.595249,
REQ502036,/api/kyc/verify,149.2,503,2026-05-11 05:52:28.764220,
REQ502037,/api/statement,294.1,200,2026-04-19 07:57:29.846986,
REQ502038,/api/beneficiary,413.4,200,2026-08-04 16:18:32.680945,
REQ502039,/api/balance,86.2,200,2026-04-10 15:03:39.186258,
REQ502040,/api/transfer,445.9,429,2026-05-19 04:36:19.975533,
REQ502041,/api/login,23.3,400,2026-06-16 01:00:19.972521,
REQ502042,/api/beneficiary,379.9,400,2026-06-29 06:48:04.527230,
REQ502043,/api/beneficiary,230.8,200,2026-04-27 20:00:58.597762,
REQ502044,/api/transfer,179.3,200,2026-05-04 22:46:39.656361,
REQ502045,/api/login,597.1,200,2026-08-11 06:08:31.082940,
REQ502046,/api/kyc/verify,274.9,200,2026-08-05 23:38:34.904501,
REQ502047,/api/beneficiary,467.8,200,2026-03-05 02:48:14.142613,
REQ502048,/api/beneficiary,40.3,429,2026-06-11 14:35:05.203429,
REQ502049,/api/statement,89.7,200,2026-04-06 14:10:11.458846,
REQ502050,/api/kyc/verify,296.7,200,2026-06-02 12:43:30.150721,
REQ502051,/api/transfer,233.0,200,2026-04-25 13:04:48.390149,
REQ502052,/api/statement,428.8,200,2026-05-19 04:08:55.275385,
REQ502053,/api/login,127.1,200,2026-08-19 12:36:34.853853,
REQ502054,/api/kyc/verify,795.7,200,2026-07-19 12:00:22.025355,
REQ502055,/api/kyc/verify,287.1,200,2026-04-22 05:40:14.028541,
REQ502056,/api/transfer,179.9,429,2026-06-09 05:31:23.775131,
REQ502057,/api/balance,197.2,200,2026-05-10 08:44:29.506615,
REQ502058,/api/login,171.3,200,2026-06-30 08:30:43.456443,
REQ502059,/api/statement,534.6,200,2026-08-17 11:29:08.384234,
REQ502060,/api/statement,389.4,200,2026-07-19 05:06:21.446102,
REQ502061,/api/login,167.8,200,2026-05-17 07:03:11.789310,
REQ502062,/api/beneficiary,427.6,200,2026-03-09 12:37:50.653166,
REQ502063,/api/login,243.1,200,2026-07-21 15:22:16.262063,
REQ502064,/api/balance,248.2,200,2026-06-02 00:32:20.737282,
REQ502065,/api/login,90.2,200,2026-04-17 13:21:56.015135,
REQ502066,/api/balance,555.6,200,2026-04-26 17:29:58.644465,
REQ502067,/api/balance,133.2,200,2026-06-26 10:24:50.972682,
REQ502068,/api/kyc/verify,242.5,200,2026-03-16 13:55:40.027113,
REQ502069,/api/beneficiary,254.7,200,2026-06-12 23:45:26.924213,
REQ502070,/api/statement,217.7,401,2026-07-31 11:43:49.996598,
REQ502071,/api/login,628.4,200,2026-07-07 04:21:08.153015,
REQ502072,/api/balance,116.9,429,2026-04-19 01:06:32.233920,
REQ502073,/api/balance,596.5,200,2026-04-07 20:28:59.398975,
REQ502074,/api/balance,134.2,200,2026-04-28 02:17:26.647499,
REQ502075,/api/beneficiary,160.4,200,2026-03-20 20:43:40.680273,
REQ502076,/api/beneficiary,158.7,200,2026-08-04 04:56:51.810458,
REQ502077,/api/kyc/verify,308.4,200,2026-05-09 19:54:38.231983,
REQ502078,/api/transfer,796.4,200,2026-07-05 05:57:28.804428,
REQ502079,/api/statement,101.9,200,2026-08-15 05:36:07.623521,
REQ502080,/api/login,97.2,200,2026-07-04 13:12:38.031902,
REQ502081,/api/balance,237.3,502,2026-04-18 06:18:45.557007,
REQ502082,/api/statement,269.9,200,2026-03-06 03:48:24.496748,
REQ502083,/api/beneficiary,99.2,200,2026-07-05 11:43:15.392411,
REQ502084,/api/statement,224.4,502,2026-06-22 22:24:38.169498,INC408333
REQ502085,/api/statement,1059.5,200,2026-06-20 17:38:44.899596,
REQ502086,/api/beneficiary,272.7,429,2026-08-07 02:43:16.698447,
REQ502087,/api/transfer,648.1,200,2026-07-04 15:28:08.291779,
REQ502088,/api/kyc/verify,80.9,200,2026-06-08 20:41:34.709573,
REQ502089,/api/login,426.3,200,2026-05-29 12:41:35.677280,
REQ502090,/api/balance,667.6,200,2026-05-15 10:30:44.791726,
REQ502091,/api/statement,114.2,200,2026-03-12 01:28:39.387869,
REQ502092,/api/statement,296.2,200,2026-06-22 08:25:18.462408,
REQ502093,/api/statement,67.3,200,2026-05-16 07:17:59.468501,
REQ502094,/api/transfer,290.9,200,2026-02-22 16:11:41.146116,
REQ502095,/api/statement,153.0,504,2026-04-19 03:39:02.731999,INC405647
REQ502096,/api/login,331.5,200,2026-07-24 19:15:11.867562,
REQ502097,/api/beneficiary,84.3,200,2026-04-23 05:24:47.006831,
REQ502098,/api/transfer,259.8,200,2026-07-04 16:01:39.612391,
REQ502099,/api/beneficiary,112.1,200,2026-03-25 00:13:34.129522,
REQ502100,/api/balance,692.4,200,2026-06-19 08:09:22.832329,
REQ502101,/api/login,101.9,200,2026-06-08 03:41:10.802311,
REQ502102,/api/login,98.7,200,2026-03-10 03:44:14.546598,
REQ502103,/api/beneficiary,193.2,200,2026-03-26 01:05:45.263389,
REQ502104,/api/transfer,922.3,200,2026-07-07 13:09:43.714315,
REQ502105,/api/beneficiary,131.5,200,2026-04-21 18:40:11.539500,
REQ502106,/api/beneficiary,275.0,200,2026-08-08 19:24:47.507462,
REQ502107,/api/kyc/verify,3678.1,200,2026-04-03 14:19:01.733958,
REQ502108,/api/statement,110.6,200,2026-06-30 11:47:38.656077,
REQ502109,/api/login,310.1,200,2026-05-12 22:26:01.369694,
REQ502110,/api/transfer,227.4,200,2026-06-24 19:56:31.219810,
REQ502111,/api/transfer,814.9,200,2026-04-30 07:01:54.842797,
REQ502112,/api/transfer,449.1,503,2026-04-17 15:11:22.527548,
REQ502113,/api/beneficiary,417.9,201,2026-03-30 19:19:37.321784,
REQ502114,/api/beneficiary,432.9,200,2026-04-20 12:07:52.718998,
REQ502115,/api/balance,385.5,500,2026-03-04 13:38:42.463789,INC406521
REQ502116,/api/login,264.1,200,2026-07-27 18:46:30.941364,
REQ502117,/api/balance,195.2,200,2026-08-12 07:43:27.356604,
REQ502118,/api/kyc/verify,55.7,200,2026-02-23 01:44:40.860103,
REQ502119,/api/login,326.7,200,2026-08-03 12:45:55.832713,
REQ502120,/api/beneficiary,87.0,500,2026-05-09 23:08:22.991330,INC405104
REQ502121,/api/statement,877.9,200,2026-08-07 15:51:55.610917,
REQ502122,/api/beneficiary,633.2,200,2026-07-08 10:48:25.332457,
REQ502123,/api/statement,129.3,401,2026-04-20 02:55:30.607800,
REQ502124,/api/transfer,457.3,500,2026-04-12 16:42:37.003682,INC409366
REQ502125,/api/login,230.1,200,2026-04-28 20:25:30.979666,
REQ502126,/api/beneficiary,126.1,429,2026-05-18 17:11:04.167826,
REQ502127,/api/transfer,272.2,200,2026-04-19 14:45:29.290737,
REQ502128,/api/statement,209.3,200,2026-07-22 06:13:33.655814,
REQ502129,/api/statement,156.4,200,2026-05-26 20:12:37.587635,
REQ502130,/api/login,233.5,200,2026-07-12 23:14:58.826556,
REQ502131,/api/kyc/verify,74.3,500,2026-06-28 07:48:14.231585,INC401807
REQ502132,/api/login,59.9,200,2026-05-23 22:23:21.598067,
REQ502133,/api/beneficiary,300.2,200,2026-06-30 20:26:39.699236,
REQ502134,/api/balance,431.4,200,2026-07-11 11:22:07.101958,
REQ502135,/api/login,359.8,200,2026-02-27 12:02:16.951969,
REQ502136,/api/kyc/verify,253.6,200,2026-06-19 23:39:21.621680,
REQ502137,/api/statement,302.2,200,2026-06-03 00:25:56.026813,
REQ502138,/api/balance,149.0,504,2026-04-06 01:30:19.859979,INC403142
REQ502139,/api/balance,168.2,200,2026-03-02 01:35:53.522070,
REQ502140,/api/statement,187.2,200,2026-06-15 20:45:59.661149,
REQ502141,/api/statement,626.0,200,2026-05-20 19:45:50.268936,
REQ502142,/api/transfer,100.0,200,2026-07-28 08:57:29.340231,
REQ502143,/api/statement,218.3,200,2026-05-29 06:22:54.637948,
REQ502144,/api/statement,212.9,200,2026-06-16 11:34:44.274990,
REQ502145,/api/transfer,208.3,200,2026-05-02 01:14:21.981989,
REQ502146,/api/statement,219.1,200,2026-03-06 13:07:49.657419,
REQ502147,/api/transfer,394.7,200,2026-07-09 22:22:24.921838,
REQ502148,/api/statement,593.6,200,2026-07-22 18:50:27.775997,
REQ502149,/api/kyc/verify,41.4,200,2026-07-24 10:49:34.032124,
REQ502150,/api/kyc/verify,13.7,200,2026-07-05 17:13:34.422372,
REQ502151,/api/kyc/verify,102.7,200,2026-04-02 23:10:14.974736,
REQ502152,/api/beneficiary,280.6,200,2026-06-25 21:09:18.170962,
REQ502153,/api/kyc/verify,630.0,200,2026-04-24 21:53:15.088537,
REQ502154,/api/balance,338.6,200,2026-05-30 14:14:26.870596,
REQ502155,/api/transfer,288.3,201,2026-07-07 05:45:04.561925,
REQ502156,/api/login,625.4,200,2026-07-08 01:02:14.776617,
REQ502157,/api/statement,235.7,200,2026-04-15 13:43:50.335454,
REQ502158,/api/balance,234.6,200,2026-04-04 08:45:58.204716,
REQ502159,/api/beneficiary,111.1,201,2026-04-19 05:25:53.985723,
REQ502160,/api/statement,325.2,200,2026-02-27 15:48:35.918385,
REQ502161,/api/kyc/verify,208.7,200,2026-03-10 19:52:47.923082,
REQ502162,/api/statement,298.6,200,2026-04-14 18:53:42.134610,
REQ502163,/api/statement,651.5,200,2026-05-18 16:42:01.182991,
REQ502164,/api/statement,539.3,200,2026-08-07 11:19:44.502144,
REQ502165,/api/statement,122.0,500,2026-03-17 04:16:32.781689,
REQ502166,/api/login,267.5,200,2026-07-03 13:44:09.388818,
REQ502167,/api/statement,232.2,200,2026-05-02 02:27:00.860883,
REQ502168,/api/beneficiary,1057.5,200,2026-05-11 10:39:39.048477,
REQ502169,/api/transfer,98.2,503,2026-07-27 00:24:48.272133,INC407944
REQ502170,/api/balance,73.9,200,2026-06-14 04:26:07.145264,
REQ502171,/api/transfer,132.3,503,2026-04-02 04:23:28.702542,INC405118
REQ502172,/api/statement,174.3,200,2026-04-06 10:02:41.866083,
REQ502173,/api/beneficiary,656.4,200,2026-08-01 08:51:43.917068,
REQ502174,/api/kyc/verify,236.0,200,2026-03-27 19:29:30.443733,
REQ502175,/api/balance,230.1,200,2026-06-16 12:23:32.817932,
REQ502176,/api/balance,317.9,200,2026-06-01 20:17:56.877352,
REQ502177,/api/beneficiary,96.5,200,2026-07-12 12:39:28.443315,
REQ502178,/api/kyc/verify,154.6,200,2026-08-14 13:43:58.426375,
REQ502179,/api/kyc/verify,410.6,200,2026-06-29 10:59:06.359703,
REQ502180,/api/kyc/verify,341.1,200,2026-05-14 15:20:29.293636,
REQ502181,/api/kyc/verify,171.0,200,2026-03-15 17:08:32.602519,
REQ502182,/api/transfer,124.7,200,2026-04-17 14:56:14.504813,
REQ502183,/api/balance,291.2,200,2026-08-11 20:16:18.353403,
REQ502184,/api/beneficiary,150.1,200,2026-03-07 14:38:04.290928,
REQ502185,/api/beneficiary,556.0,200,2026-03-08 16:15:35.190493,
REQ502186,/api/beneficiary,151.4,200,2026-05-17 01:43:09.161672,
REQ502187,/api/kyc/verify,402.4,200,2026-05-16 06:54:46.345757,
REQ502188,/api/login,148.1,200,2026-07-07 03:10:36.723443,
REQ502189,/api/kyc/verify,452.0,200,2026-07-20 04:42:14.214852,
REQ502190,/api/beneficiary,147.8,201,2026-06-17 09:00:06.014260,
REQ502191,/api/transfer,672.4,200,2026-05-23 21:00:44.079075,
REQ502192,/api/statement,628.4,200,2026-06-17 23:57:09.386638,
REQ502193,/api/statement,82.2,200,2026-08-09 08:37:05.590585,
REQ502194,/api/balance,227.3,200,2026-02-26 09:24:42.270516,
REQ502195,/api/login,236.5,200,2026-08-13 18:48:59.924277,
REQ502196,/api/beneficiary,108.8,200,2026-04-18 20:15:14.223434,
REQ502197,/api/beneficiary,158.5,200,2026-08-02 05:36:36.901956,
REQ502198,/api/balance,279.1,200,2026-04-23 10:05:35.344878,
REQ502199,/api/balance,497.9,401,2026-05-23 21:33:53.374419,
REQ502200,/api/beneficiary,260.3,200,2026-05-08 00:11:50.841045,
REQ502201,/api/kyc/verify,55.7,200,2026-06-01 23:39:33.187520,
REQ502202,/api/kyc/verify,37.4,200,2026-07-13 03:52:03.256706,
REQ502203,/api/beneficiary,244.4,200,2026-07-07 03:15:30.943977,
REQ502204,/api/balance,454.9,200,2026-05-08 13:47:54.613259,
REQ502205,/api/transfer,442.5,200,2026-07-08 22:44:05.203050,
REQ502206,/api/kyc/verify,73.8,200,2026-04-12 20:45:49.146785,
REQ502207,/api/statement,234.3,200,2026-03-07 14:06:49.748915,
REQ502208,/api/beneficiary,199.4,200,2026-02-28 12:21:56.376750,
REQ502209,/api/beneficiary,127.5,200,2026-05-11 13:29:15.667483,
REQ502210,/api/kyc/verify,292.5,200,2026-05-17 17:53:53.548894,
REQ502211,/api/login,374.9,201,2026-06-08 12:03:48.768237,
REQ502212,/api/beneficiary,428.4,200,2026-08-08 13:45:08.507880,
REQ502213,/api/beneficiary,128.5,200,2026-04-12 10:17:14.016124,
REQ502214,/api/balance,325.0,200,2026-07-09 08:47:12.669515,
REQ502215,/api/transfer,62.4,401,2026-08-07 15:47:28.807194,
REQ502216,/api/login,196.8,200,2026-05-21 12:06:06.196219,
REQ502217,/api/login,146.0,200,2026-08-06 04:25:56.374099,
REQ502218,/api/transfer,323.5,200,2026-03-12 05:33:59.408658,
REQ502219,/api/kyc/verify,214.9,200,2026-06-17 05:18:23.211700,
REQ502220,/api/statement,260.2,200,2026-07-30 01:46:48.194150,
REQ502221,/api/transfer,315.2,200,2026-07-21 23:52:26.440671,
REQ502222,/api/login,76.4,200,2026-07-20 23:44:06.442488,
REQ502223,/api/kyc/verify,162.6,200,2026-05-31 08:02:54.947075,
REQ502224,/api/transfer,522.1,200,2026-04-26 07:19:19.875960,
REQ502225,/api/transfer,497.8,200,2026-03-16 07:25:34.555475,
REQ502226,/api/statement,316.8,200,2026-07-07 01:59:52.007268,
REQ502227,/api/kyc/verify,216.7,401,2026-08-13 02:20:32.643131,
REQ502228,/api/login,1073.4,400,2026-07-29 01:00:00.995243,
REQ502229,/api/kyc/verify,520.8,200,2026-05-24 17:18:50.026682,
REQ502230,/api/kyc/verify,156.9,200,2026-08-08 11:16:11.765720,
REQ502231,/api/kyc/verify,259.8,200,2026-08-08 02:48:34.675918,
REQ502232,/api/login,138.2,500,2026-05-07 13:30:05.751604,
REQ502233,/api/statement,254.8,200,2026-04-24 07:27:50.297129,
REQ502234,/api/statement,365.4,200,2026-07-05 05:04:31.059847,
REQ502235,/api/balance,212.2,200,2026-06-20 05:02:30.257873,
REQ502236,/api/transfer,822.2,500,2026-08-15 19:26:58.167108,INC406265
REQ502237,/api/balance,240.7,200,2026-03-24 17:40:49.955020,
REQ502238,/api/beneficiary,239.8,200,2026-03-11 01:55:34.033495,
REQ502239,/api/beneficiary,279.4,200,2026-06-11 12:54:23.780852,
REQ502240,/api/kyc/verify,209.4,504,2026-04-11 16:58:32.747300,
REQ502241,/api/beneficiary,389.6,200,2026-04-10 13:57:29.779533,
REQ502242,/api/kyc/verify,468.6,200,2026-07-11 11:35:57.215766,
REQ502243,/api/beneficiary,520.1,200,2026-07-12 18:12:40.210120,
REQ502244,/api/login,328.3,200,2026-04-01 20:48:22.634966,
REQ502245,/api/kyc/verify,428.3,200,2026-06-24 22:26:57.085760,
REQ502246,/api/transfer,279.7,200,2026-03-05 00:37:50.764253,
REQ502247,/api/beneficiary,615.9,200,2026-02-21 07:58:57.794987,
REQ502248,/api/login,530.7,502,2026-08-03 08:01:25.281386,INC403220
REQ502249,/api/kyc/verify,125.4,200,2026-04-29 19:40:43.900617,
REQ502250,/api/balance,781.4,200,2026-06-22 23:53:56.490861,
REQ502251,/api/balance,181.5,200,2026-07-01 02:07:44.905652,
REQ502252,/api/transfer,304.3,200,2026-07-08 07:17:52.734079,
REQ502253,/api/beneficiary,301.1,200,2026-05-30 19:03:31.239395,
REQ502254,/api/beneficiary,432.9,200,2026-07-30 22:32:35.373861,
REQ502255,/api/kyc/verify,202.2,200,2026-07-03 11:39:09.948515,
REQ502256,/api/login,167.2,500,2026-06-01 12:41:05.563102,INC400837
REQ502257,/api/login,336.3,200,2026-03-06 00:07:35.697994,
REQ502258,/api/login,683.0,200,2026-06-14 13:27:47.682552,
REQ502259,/api/kyc/verify,869.6,200,2026-07-22 07:00:30.767773,
REQ502260,/api/kyc/verify,68.5,400,2026-04-16 12:23:16.857654,
REQ502261,/api/statement,124.0,201,2026-03-25 13:38:56.259208,
REQ502262,/api/beneficiary,807.6,201,2026-08-05 19:14:45.096074,
REQ502263,/api/beneficiary,358.6,200,2026-07-10 03:44:32.634484,
REQ502264,/api/transfer,249.4,400,2026-05-04 03:00:29.718825,
REQ502265,/api/statement,389.7,200,2026-03-14 15:14:25.234087,
REQ502266,/api/login,90.7,200,2026-03-15 23:16:19.585912,
REQ502267,/api/kyc/verify,56.6,200,2026-04-14 15:07:26.478952,
REQ502268,/api/statement,119.5,200,2026-04-22 14:46:23.840718,
REQ502269,/api/statement,216.1,200,2026-07-16 17:22:52.251213,
REQ502270,/api/transfer,314.6,200,2026-07-30 19:06:43.465589,
REQ502271,/api/transfer,285.8,200,2026-03-31 13:55:20.468838,
REQ502272,/api/login,94.7,200,2026-08-06 07:56:28.743184,
REQ502273,/api/balance,2.8,200,2026-05-13 01:10:22.831664,
REQ502274,/api/transfer,79.0,200,2026-06-17 14:28:28.599747,
REQ502275,/api/statement,175.3,200,2026-08-07 10:18:25.002919,
REQ502276,/api/login,561.9,200,2026-06-09 17:44:11.156561,
REQ502277,/api/kyc/verify,188.4,200,2026-05-27 15:28:38.390335,
REQ502278,/api/balance,35.1,200,2026-05-07 11:14:42.152446,
REQ502279,/api/transfer,511.7,200,2026-06-29 08:18:45.872924,
REQ502280,/api/statement,477.9,503,2026-03-24 06:58:41.225717,INC401402
REQ502281,/api/kyc/verify,313.6,429,2026-04-25 00:06:06.629858,
REQ502282,/api/kyc/verify,152.5,200,2026-06-26 19:39:48.025325,
REQ502283,/api/balance,42.4,400,2026-06-07 08:47:22.260802,
REQ502284,/api/balance,196.2,200,2026-06-27 14:36:43.710505,
REQ502285,/api/balance,163.3,200,2026-08-15 02:39:00.787412,
REQ502286,/api/kyc/verify,637.8,200,2026-08-06 20:36:02.601851,
REQ502287,/api/statement,467.7,200,2026-03-05 18:31:57.073286,
REQ502288,/api/balance,582.7,200,2026-03-03 22:36:26.556988,
REQ502289,/api/login,524.2,200,2026-05-13 13:36:53.155980,
REQ502290,/api/beneficiary,135.3,200,2026-08-13 07:41:00.533357,
REQ502291,/api/transfer,544.0,200,2026-06-16 22:59:39.931544,
REQ502292,/api/statement,246.3,200,2026-06-03 13:31:20.558313,
REQ502293,/api/beneficiary,157.8,200,2026-03-08 22:32:18.374360,
REQ502294,/api/kyc/verify,66.9,200,2026-08-17 06:46:09.472332,
REQ502295,/api/kyc/verify,55.0,429,2026-06-02 14:25:05.803959,
REQ502296,/api/beneficiary,536.3,200,2026-07-10 11:06:05.410073,
REQ502297,/api/balance,248.2,200,2026-04-27 18:26:43.480970,
REQ502298,/api/transfer,492.8,503,2026-07-26 04:33:58.468587,
REQ502299,/api/balance,132.8,200,2026-05-25 07:57:52.705615,
REQ502300,/api/beneficiary,424.6,200,2026-04-26 21:36:09.157397,
REQ502301,/api/login,281.6,200,2026-07-21 00:21:56.056600,
REQ502302,/api/kyc/verify,69.6,200,2026-03-15 19:47:48.978918,
REQ502303,/api/statement,303.6,200,2026-06-26 01:13:42.741868,
REQ502304,/api/beneficiary,277.9,200,2026-07-12 06:15:12.862203,
REQ502305,/api/beneficiary,188.0,200,2026-03-04 09:57:02.389131,
REQ502306,/api/transfer,824.1,429,2026-02-24 17:08:56.215972,
REQ502307,/api/kyc/verify,687.9,200,2026-08-15 07:43:09.344082,
REQ502308,/api/transfer,41.8,200,2026-05-03 04:28:39.373464,
REQ502309,/api/balance,220.3,200,2026-08-06 03:55:52.779053,
REQ502310,/api/kyc/verify,164.5,200,2026-06-15 07:03:18.722869,
REQ502311,/api/transfer,441.9,200,2026-07-12 01:00:30.903058,
REQ502312,/api/statement,306.0,500,2026-07-08 04:25:11.740879,INC406341
REQ502313,/api/statement,191.2,200,2026-07-31 03:01:35.666885,
REQ502314,/api/login,185.9,200,2026-04-21 03:21:05.650977,
REQ502315,/api/statement,475.6,200,2026-04-16 19:55:52.909821,
REQ502316,/api/transfer,697.0,200,2026-07-10 11:32:19.730521,
REQ502317,/api/kyc/verify,163.7,200,2026-07-29 00:02:56.329788,
REQ502318,/api/balance,171.2,200,2026-03-18 14:00:36.831946,
REQ502319,/api/kyc/verify,309.9,200,2026-02-24 17:31:02.405357,
REQ502320,/api/beneficiary,20.2,200,2026-06-30 20:16:27.516164,
REQ502321,/api/statement,208.9,200,2026-02-26 14:29:35.004315,
REQ502322,/api/balance,634.7,200,2026-04-09 07:48:56.704543,
REQ502323,/api/login,91.1,201,2026-04-06 04:01:18.156703,
REQ502324,/api/transfer,530.8,200,2026-04-13 05:31:47.800383,
REQ502325,/api/beneficiary,214.7,400,2026-06-10 20:29:41.089285,
REQ502326,/api/kyc/verify,444.9,200,2026-05-24 04:31:55.096624,
REQ502327,/api/kyc/verify,193.3,200,2026-05-14 17:54:08.568778,
REQ502328,/api/kyc/verify,289.1,200,2026-04-07 12:19:49.852336,
REQ502329,/api/beneficiary,489.9,200,2026-02-24 18:31:05.789141,
REQ502330,/api/balance,687.1,200,2026-04-21 04:51:03.673211,
REQ502331,/api/login,3434.9,200,2026-06-16 16:34:52.154036,
REQ502332,/api/beneficiary,452.3,200,2026-06-02 14:19:08.908946,
REQ502333,/api/beneficiary,15.9,500,2026-04-16 03:04:23.098932,INC400203
REQ502334,/api/statement,309.5,200,2026-07-10 05:03:25.533829,
REQ502335,/api/kyc/verify,138.5,200,2026-03-09 18:29:26.792410,
REQ502336,/api/kyc/verify,269.7,200,2026-08-02 11:55:45.815316,
REQ502337,/api/login,28.8,400,2026-05-06 17:01:06.371381,
REQ502338,/api/beneficiary,243.8,200,2026-06-29 14:06:23.688309,
REQ502339,/api/login,258.5,200,2026-02-27 02:34:53.163559,
REQ502340,/api/transfer,135.0,200,2026-06-16 11:19:10.840367,
REQ502341,/api/statement,65.3,200,2026-05-03 08:31:28.941335,
REQ502342,/api/beneficiary,310.8,200,2026-06-04 13:58:10.511479,
REQ502343,/api/transfer,445.9,200,2026-04-27 03:07:37.900285,
REQ502344,/api/transfer,105.5,200,2026-03-31 23:59:14.763138,
REQ502345,/api/kyc/verify,317.4,200,2026-03-29 16:21:09.812484,
REQ502346,/api/balance,724.1,500,2026-05-29 22:32:39.814223,
REQ502347,/api/statement,409.9,200,2026-03-12 23:27:15.390636,
REQ502348,/api/transfer,753.2,200,2026-07-11 21:49:22.734856,
REQ502349,/api/beneficiary,275.6,200,2026-06-25 15:33:26.947949,
REQ502350,/api/kyc/verify,319.4,200,2026-05-21 00:56:58.069289,
REQ502351,/api/kyc/verify,60.7,401,2026-06-04 01:58:29.590049,
REQ502352,/api/login,198.8,200,2026-06-25 20:53:04.364670,
REQ502353,/api/beneficiary,242.2,200,2026-02-26 09:56:56.897316,
REQ502354,/api/balance,567.9,200,2026-05-05 21:47:41.880807,
REQ502355,/api/kyc/verify,174.6,200,2026-05-18 07:43:58.172451,
REQ502356,/api/balance,108.3,200,2026-04-18 15:28:21.710343,
REQ502357,/api/kyc/verify,529.4,200,2026-05-18 14:06:56.187356,
REQ502358,/api/balance,309.8,200,2026-07-30 19:57:12.667462,
REQ502359,/api/kyc/verify,79.8,200,2026-05-03 07:11:20.952583,
REQ502360,/api/statement,162.8,200,2026-07-11 13:03:20.050715,
REQ502361,/api/beneficiary,320.8,504,2026-05-06 01:56:51.317695,INC405382
REQ502362,/api/login,80.8,200,2026-04-05 18:15:23.005853,
REQ502363,/api/login,189.3,200,2026-08-04 13:56:19.691746,
REQ502364,/api/balance,172.6,401,2026-05-18 13:27:49.658757,
REQ502365,/api/kyc/verify,222.3,200,2026-05-21 09:47:16.326232,
REQ502366,/api/transfer,468.6,200,2026-05-05 15:36:36.114537,
REQ502367,/api/login,247.2,200,2026-05-06 01:59:20.585953,
REQ502368,/api/balance,514.7,200,2026-07-04 20:08:11.628953,
REQ502369,/api/balance,213.6,200,2026-04-11 05:32:44.545447,
REQ502370,/api/statement,169.3,200,2026-05-31 00:46:38.780727,
REQ502371,/api/beneficiary,541.4,429,2026-02-27 03:24:38.322792,
REQ502372,/api/transfer,961.6,200,2026-04-05 21:14:15.551938,
REQ502373,/api/statement,275.3,200,2026-06-02 05:16:13.636187,
REQ502374,/api/transfer,49.3,200,2026-03-11 13:21:18.803537,
REQ502375,/api/kyc/verify,177.2,400,2026-05-10 05:20:43.386531,
REQ502376,/api/kyc/verify,203.6,200,2026-07-18 20:42:28.848338,
REQ502377,/api/balance,636.6,200,2026-05-15 11:34:19.879093,
REQ502378,/api/kyc/verify,737.8,200,2026-05-17 19:39:37.046604,
REQ502379,/api/statement,496.5,200,2026-08-05 04:47:23.397368,
REQ502380,/api/kyc/verify,388.4,504,2026-06-14 14:16:40.006789,INC407714
REQ502381,/api/statement,668.5,200,2026-04-29 10:21:06.633465,
REQ502382,/api/beneficiary,573.8,200,2026-04-21 10:15:12.151727,
REQ502383,/api/statement,58.1,200,2026-06-10 06:56:24.530928,
REQ502384,/api/beneficiary,355.7,200,2026-05-19 06:29:42.455842,
REQ502385,/api/statement,222.2,200,2026-04-11 02:10:14.627795,
REQ502386,/api/beneficiary,153.6,429,2026-03-18 09:58:41.665870,
REQ502387,/api/statement,260.2,200,2026-04-11 00:31:02.404528,
REQ502388,/api/balance,117.8,200,2026-05-10 21:49:59.268389,
REQ502389,/api/login,365.4,200,2026-06-19 03:11:35.217235,
REQ502390,/api/beneficiary,296.6,500,2026-05-17 09:52:26.822428,INC405694
REQ502391,/api/login,197.6,200,2026-04-25 14:05:42.858669,
REQ502392,/api/kyc/verify,105.2,200,2026-03-07 14:23:50.889628,
REQ502393,/api/transfer,257.8,200,2026-04-20 00:36:17.343270,
REQ502394,/api/statement,235.0,200,2026-02-25 18:28:21.884748,
REQ502395,/api/kyc/verify,233.7,200,2026-07-22 01:43:52.305534,
REQ502396,/api/kyc/verify,58.0,200,2026-08-10 05:35:31.351268,
REQ502397,/api/beneficiary,472.0,200,2026-07-17 20:16:44.404041,
REQ502398,/api/transfer,126.6,200,2026-06-24 08:14:15.261034,
REQ502399,/api/transfer,471.4,200,2026-04-20 19:17:33.601541,
REQ502400,/api/kyc/verify,334.0,200,2026-05-12 23:54:52.943255,
REQ502401,/api/balance,536.3,200,2026-05-01 08:56:48.628941,
REQ502402,/api/login,524.7,200,2026-05-16 15:04:07.070191,
REQ502403,/api/statement,367.8,200,2026-07-01 03:01:57.643676,
REQ502404,/api/kyc/verify,429.3,200,2026-08-13 18:22:13.588602,
REQ502405,/api/beneficiary,386.0,200,2026-07-20 18:55:52.484283,
REQ502406,/api/transfer,185.6,200,2026-08-04 20:06:49.567263,
REQ502407,/api/statement,106.0,200,2026-05-25 18:57:16.617427,
REQ502408,/api/beneficiary,197.2,200,2026-08-19 10:09:41.131494,
REQ502409,/api/statement,289.6,200,2026-07-09 02:14:07.410539,
REQ502410,/api/balance,351.0,400,2026-07-23 03:06:11.321400,
REQ502411,/api/kyc/verify,127.4,200,2026-03-24 03:54:46.362986,
REQ502412,/api/beneficiary,165.7,200,2026-07-31 02:52:59.182875,
REQ502413,/api/kyc/verify,350.7,200,2026-08-16 17:16:34.626465,
REQ502414,/api/kyc/verify,805.7,200,2026-05-29 17:52:39.611511,
REQ502415,/api/beneficiary,339.1,201,2026-05-05 20:24:31.129656,
REQ502416,/api/balance,200.4,200,2026-02-28 07:21:15.660229,
REQ502417,/api/kyc/verify,278.1,200,2026-08-07 15:59:58.374700,
REQ502418,/api/balance,161.2,200,2026-07-21 17:29:53.065405,
REQ502419,/api/login,1132.2,200,2026-05-29 18:36:00.899807,
REQ502420,/api/statement,581.4,201,2026-02-28 20:06:22.609841,
REQ502421,/api/transfer,190.2,200,2026-08-06 01:38:21.549961,
REQ502422,/api/login,496.8,200,2026-05-08 05:01:33.457314,
REQ502423,/api/transfer,581.2,429,2026-04-24 11:34:04.275843,
REQ502424,/api/transfer,462.3,200,2026-08-13 00:16:25.660567,
REQ502425,/api/login,522.4,200,2026-08-09 15:05:54.723746,
REQ502426,/api/beneficiary,258.6,200,2026-05-28 15:35:10.316501,
REQ502427,/api/statement,93.8,200,2026-05-03 12:38:59.932888,
REQ502428,/api/login,156.0,200,2026-04-11 06:20:40.135904,
REQ502429,/api/login,179.0,200,2026-03-22 17:26:06.543504,
REQ502430,/api/beneficiary,170.5,400,2026-04-10 21:06:15.368880,
REQ502431,/api/transfer,106.1,200,2026-05-09 05:17:21.601196,
REQ502432,/api/kyc/verify,399.2,200,2026-08-03 02:15:17.964448,
REQ502433,/api/kyc/verify,522.5,200,2026-03-09 08:38:53.868249,
REQ502434,/api/transfer,396.6,200,2026-04-08 08:24:24.437374,
REQ502435,/api/beneficiary,194.0,200,2026-07-14 13:36:32.744872,
REQ502436,/api/beneficiary,460.5,200,2026-03-02 08:59:45.888291,
REQ502437,/api/balance,7532.9,200,2026-05-03 23:06:08.829000,
REQ502438,/api/beneficiary,198.1,429,2026-05-07 21:43:44.226678,
REQ502439,/api/kyc/verify,266.8,200,2026-06-07 07:19:57.324528,
REQ502440,/api/login,152.1,200,2026-08-06 14:40:40.983896,
REQ502441,/api/beneficiary,185.8,200,2026-07-02 07:38:57.815835,
REQ502442,/api/kyc/verify,28.8,200,2026-04-21 13:30:26.732335,
REQ502443,/api/transfer,253.8,200,2026-03-21 11:13:58.613196,
REQ502444,/api/beneficiary,108.4,200,2026-05-12 10:05:04.723344,
REQ502445,/api/transfer,294.6,500,2026-07-19 03:26:35.692168,INC404172
REQ502446,/api/statement,172.6,200,2026-05-13 05:19:50.715951,
REQ502447,/api/login,375.6,200,2026-03-10 09:34:20.298893,
REQ502448,/api/beneficiary,194.0,200,2026-05-25 04:46:25.667943,
REQ502449,/api/login,268.3,200,2026-05-21 05:03:09.394920,
REQ502450,/api/statement,103.5,400,2026-05-20 08:20:41.892826,
REQ502451,/api/beneficiary,317.6,200,2026-04-16 13:42:10.383105,
REQ502452,/api/login,327.2,200,2026-05-04 16:03:57.015881,
REQ502453,/api/beneficiary,443.4,200,2026-06-05 15:11:03.027041,
REQ502454,/api/kyc/verify,345.5,500,2026-08-19 22:30:55.214831,INC405945
REQ502455,/api/transfer,67.0,429,2026-07-01 04:39:43.282302,
REQ502456,/api/balance,111.6,200,2026-06-08 19:13:15.142230,
REQ502457,/api/statement,1512.7,429,2026-07-12 20:15:35.822563,
REQ502458,/api/beneficiary,337.3,200,2026-04-07 20:26:24.548775,
REQ502459,/api/login,5597.6,200,2026-04-11 21:23:07.757545,
REQ502460,/api/kyc/verify,94.0,200,2026-03-09 02:45:45.743472,
REQ502461,/api/balance,27.0,200,2026-04-11 04:52:41.723120,
REQ502462,/api/balance,528.4,200,2026-02-22 18:52:54.714382,
REQ502463,/api/statement,237.9,200,2026-08-03 02:03:53.137591,
REQ502464,/api/kyc/verify,167.9,200,2026-08-18 12:07:04.730065,
REQ502465,/api/statement,169.4,200,2026-04-19 19:11:01.271648,
REQ502466,/api/balance,375.8,200,2026-07-26 22:55:20.386176,
REQ502467,/api/beneficiary,366.1,200,2026-06-17 20:34:20.518097,
REQ502468,/api/login,314.8,200,2026-07-12 01:15:53.344218,
REQ502469,/api/kyc/verify,377.3,200,2026-05-23 06:54:51.199617,
REQ502470,/api/login,381.6,200,2026-04-29 16:28:53.889639,
REQ502471,/api/transfer,347.6,200,2026-05-24 09:11:33.810556,
REQ502472,/api/transfer,349.8,200,2026-04-10 14:23:58.499706,
REQ502473,/api/transfer,139.5,200,2026-06-14 06:27:14.516824,
REQ502474,/api/kyc/verify,218.5,200,2026-05-25 06:37:02.279081,
REQ502475,/api/kyc/verify,55.6,200,2026-07-15 14:58:32.416821,
REQ502476,/api/beneficiary,332.0,200,2026-04-29 07:49:57.789709,
REQ502477,/api/statement,609.2,201,2026-06-04 09:26:37.201977,
REQ502478,/api/login,32.6,200,2026-07-08 22:49:32.952831,
REQ502479,/api/balance,20.7,200,2026-07-15 15:03:52.587931,
REQ502480,/api/balance,232.8,201,2026-08-01 18:25:27.666392,
REQ502481,/api/statement,336.7,200,2026-02-23 17:12:42.215285,
REQ502482,/api/transfer,572.9,200,2026-03-16 21:01:27.630689,
REQ502483,/api/transfer,173.0,200,2026-06-30 20:57:45.833331,
REQ502484,/api/login,512.2,200,2026-07-20 13:16:40.417550,
REQ502485,/api/balance,673.1,200,2026-05-05 11:40:22.090491,
REQ502486,/api/kyc/verify,127.4,200,2026-03-29 04:47:00.985124,
REQ502487,/api/statement,182.4,200,2026-06-08 03:58:21.695623,
REQ502488,/api/login,351.6,200,2026-04-25 01:38:55.459862,
REQ502489,/api/balance,168.8,200,2026-07-01 03:23:07.842792,
REQ502490,/api/login,370.3,200,2026-06-13 11:37:29.449764,
REQ502491,/api/balance,86.9,503,2026-08-05 13:45:10.049613,
REQ502492,/api/beneficiary,3710.2,200,2026-08-09 01:54:02.921511,
REQ502493,/api/login,187.0,500,2026-07-12 08:52:13.970280,INC401436
REQ502494,/api/login,200.0,200,2026-05-04 03:52:43.867979,
REQ502495,/api/statement,329.6,200,2026-08-18 15:03:41.885443,
REQ502496,/api/beneficiary,501.4,200,2026-05-19 03:42:09.565660,
REQ502497,/api/transfer,412.8,200,2026-07-26 09:23:26.465332,
REQ502498,/api/statement,301.6,200,2026-03-22 12:58:12.264203,
REQ502499,/api/statement,177.0,200,2026-03-29 23:25:29.124398,
REQ502500,/api/kyc/verify,250.2,200,2026-07-19 10:10:45.178723,
REQ502501,/api/balance,387.9,200,2026-03-28 10:05:54.146610,
REQ502502,/api/balance,693.0,200,2026-04-29 06:23:36.638740,
REQ502503,/api/kyc/verify,242.1,200,2026-06-06 21:26:48.294458,
REQ502504,/api/beneficiary,246.2,200,2026-08-19 12:44:57.569204,
REQ502505,/api/balance,373.2,504,2026-04-16 12:51:54.193933,
REQ502506,/api/statement,359.5,200,2026-07-04 04:20:05.636779,
REQ502507,/api/kyc/verify,162.0,429,2026-07-18 07:19:03.981428,
REQ502508,/api/statement,248.7,200,2026-05-25 20:48:53.620172,
REQ502509,/api/balance,768.8,200,2026-05-05 18:10:07.639924,
REQ502510,/api/balance,182.5,200,2026-06-19 05:05:22.671105,
REQ502511,/api/transfer,424.4,503,2026-05-18 05:01:08.883798,
REQ502512,/api/balance,965.6,200,2026-04-05 00:27:32.370877,
REQ502513,/api/statement,292.2,200,2026-07-28 15:32:47.052578,
REQ502514,/api/balance,674.8,500,2026-03-02 06:53:57.243593,INC404226
REQ502515,/api/beneficiary,275.6,200,2026-04-15 14:54:53.718544,
REQ502516,/api/kyc/verify,502.0,200,2026-03-02 14:50:20.108001,
REQ502517,/api/statement,261.6,200,2026-08-09 20:31:03.028595,
REQ502518,/api/statement,226.7,200,2026-07-05 16:49:59.944231,
REQ502519,/api/transfer,115.7,200,2026-08-18 09:06:11.478677,
REQ502520,/api/transfer,75.8,200,2026-03-03 08:22:55.633134,
REQ502521,/api/login,344.4,200,2026-06-27 10:36:08.791927,
REQ502522,/api/balance,540.3,200,2026-04-13 10:09:23.764175,
REQ502523,/api/login,43.1,503,2026-07-27 17:00:02.655764,INC409707
REQ502524,/api/login,433.2,200,2026-03-22 16:16:40.545341,
REQ502525,/api/login,157.9,200,2026-04-30 10:08:58.239324,
REQ502526,/api/balance,26.1,500,2026-05-11 01:18:55.870045,INC409936
REQ502527,/api/kyc/verify,1009.6,200,2026-05-11 08:40:47.539236,
REQ502528,/api/login,220.1,200,2026-04-22 03:29:43.629832,
REQ502529,/api/beneficiary,138.6,200,2026-07-08 12:04:33.883349,
REQ502530,/api/kyc/verify,125.1,200,2026-04-28 13:50:08.348884,
REQ502531,/api/statement,44.8,200,2026-05-07 19:47:09.545754,
REQ502532,/api/balance,509.2,200,2026-04-07 07:18:16.005569,
REQ502533,/api/statement,674.7,200,2026-05-07 04:24:53.495968,
REQ502534,/api/beneficiary,439.8,200,2026-05-21 20:35:01.241648,
REQ502535,/api/transfer,282.9,200,2026-05-12 03:49:50.862641,
REQ502536,/api/balance,244.0,400,2026-05-22 01:48:58.679204,
REQ502537,/api/kyc/verify,114.5,200,2026-04-22 03:42:30.934280,
REQ502538,/api/balance,481.3,200,2026-04-23 13:05:30.248969,
REQ502539,/api/login,72.2,200,2026-02-25 19:43:14.964625,
REQ502540,/api/statement,386.7,503,2026-06-08 18:07:55.887327,INC401812
REQ502541,/api/balance,301.7,200,2026-08-03 14:40:43.680307,
REQ502542,/api/statement,1192.0,200,2026-04-15 15:32:08.360559,
REQ502543,/api/login,431.9,200,2026-07-19 08:01:42.367022,
REQ502544,/api/kyc/verify,337.4,200,2026-07-12 18:29:24.425730,
REQ502545,/api/beneficiary,176.8,200,2026-06-01 21:13:07.116427,
REQ502546,/api/beneficiary,68.6,200,2026-04-01 15:58:12.766190,
REQ502547,/api/transfer,386.7,200,2026-05-31 20:20:48.337843,
REQ502548,/api/statement,59.1,200,2026-04-15 12:04:52.159558,
REQ502549,/api/login,264.6,200,2026-06-01 14:49:40.820982,
REQ502550,/api/login,8387.0,200,2026-08-01 08:39:38.557154,
REQ502551,/api/kyc/verify,553.8,200,2026-05-20 18:03:35.903778,
REQ502552,/api/login,570.4,200,2026-07-05 06:27:06.869911,
REQ502553,/api/statement,561.4,200,2026-03-12 02:59:33.707534,
REQ502554,/api/transfer,59.2,200,2026-05-08 21:03:09.178692,
REQ502555,/api/beneficiary,485.9,200,2026-05-14 05:16:09.195630,
REQ502556,/api/beneficiary,77.9,200,2026-07-21 02:28:53.234533,
REQ502557,/api/login,339.4,200,2026-06-27 04:03:02.147873,
REQ502558,/api/kyc/verify,210.1,200,2026-06-06 23:05:23.225345,
REQ502559,/api/login,489.2,200,2026-02-21 08:18:02.804096,
REQ502560,/api/login,336.0,200,2026-07-12 03:56:19.471135,
REQ502561,/api/statement,256.5,502,2026-08-13 17:00:02.535643,INC402085
REQ502562,/api/transfer,508.4,503,2026-07-16 10:03:28.442922,INC403718
REQ502563,/api/transfer,61.5,200,2026-06-09 12:37:23.892479,
REQ502564,/api/login,240.6,503,2026-05-17 23:40:25.267256,INC405937
REQ502565,/api/statement,407.4,200,2026-08-14 04:38:43.217767,
REQ502566,/api/beneficiary,86.9,200,2026-06-30 23:29:09.596486,
REQ502567,/api/kyc/verify,653.5,200,2026-05-12 19:51:45.150569,
REQ502568,/api/transfer,105.7,200,2026-08-02 23:04:21.887564,
REQ502569,/api/login,136.2,200,2026-07-11 10:36:48.224187,
REQ502570,/api/transfer,368.5,200,2026-04-21 20:39:33.078847,
REQ502571,/api/statement,17.5,200,2026-06-15 16:27:05.643796,
REQ502572,/api/beneficiary,574.9,200,2026-08-13 12:53:27.194774,
REQ502573,/api/balance,576.4,401,2026-07-01 13:11:48.213418,
REQ502574,/api/kyc/verify,593.6,200,2026-07-23 04:29:18.027636,
REQ502575,/api/login,304.9,200,2026-03-17 19:31:03.216007,
REQ502576,/api/statement,269.4,200,2026-04-20 19:21:38.742999,
REQ502577,/api/statement,434.7,200,2026-04-07 05:54:59.926303,
REQ502578,/api/statement,83.6,200,2026-07-02 13:40:08.109371,
REQ502579,/api/transfer,31.2,200,2026-06-09 19:50:29.865821,
REQ502580,/api/login,133.1,502,2026-06-07 11:05:39.370546,INC404247
REQ502581,/api/transfer,87.8,200,2026-05-08 00:30:58.937782,
REQ502582,/api/kyc/verify,751.8,200,2026-07-04 07:34:50.328533,
REQ502583,/api/statement,385.1,200,2026-08-16 19:11:09.941211,
REQ502584,/api/statement,214.6,200,2026-03-14 07:38:04.623286,
REQ502585,/api/balance,358.7,401,2026-06-13 22:21:36.157545,
REQ502586,/api/balance,647.7,200,2026-03-07 12:44:40.094715,
REQ502587,/api/login,386.1,200,2026-08-08 23:58:45.330381,
REQ502588,/api/statement,339.1,200,2026-05-08 11:42:33.168914,
REQ502589,/api/transfer,278.6,200,2026-05-14 01:55:19.094031,
REQ502590,/api/statement,223.4,200,2026-08-02 11:29:58.692783,
REQ502591,/api/kyc/verify,460.7,200,2026-07-09 11:03:07.067156,
REQ502592,/api/statement,477.3,200,2026-03-08 03:46:40.553746,
REQ502593,/api/beneficiary,216.5,200,2026-07-19 09:59:33.892785,
REQ502594,/api/balance,302.3,200,2026-03-15 23:27:37.697880,
REQ502595,/api/balance,478.6,200,2026-03-13 00:16:22.620216,
REQ502596,/api/statement,146.2,200,2026-06-26 12:43:25.005642,
REQ502597,/api/transfer,460.4,200,2026-05-24 23:38:13.309526,
REQ502598,/api/kyc/verify,73.5,401,2026-03-23 12:37:30.761759,
REQ502599,/api/beneficiary,76.4,200,2026-03-27 08:30:06.248859,
REQ502600,/api/beneficiary,213.8,400,2026-05-25 04:22:49.390349,
REQ502601,/api/kyc/verify,165.5,200,2026-04-27 07:15:04.533584,
REQ502602,/api/statement,684.4,200,2026-03-14 10:26:52.025767,
REQ502603,/api/kyc/verify,326.5,200,2026-06-26 06:56:24.119797,
REQ502604,/api/kyc/verify,25.7,200,2026-05-13 09:08:03.685512,
REQ502605,/api/transfer,268.9,200,2026-02-24 14:55:54.908826,
REQ502606,/api/kyc/verify,243.7,200,2026-06-03 19:18:41.838926,
REQ502607,/api/kyc/verify,325.2,200,2026-06-17 18:27:55.940914,
REQ502608,/api/balance,203.3,200,2026-08-17 09:44:56.212224,
REQ502609,/api/balance,212.8,200,2026-07-24 01:01:54.395740,
REQ502610,/api/transfer,188.8,200,2026-03-31 23:57:14.247951,
REQ502611,/api/login,225.6,200,2026-07-01 16:51:34.439403,
REQ502612,/api/transfer,376.9,200,2026-03-15 12:43:23.244609,
REQ502613,/api/kyc/verify,275.5,200,2026-07-15 16:26:57.018717,
REQ502614,/api/beneficiary,52.6,200,2026-07-03 12:55:39.003394,
REQ502615,/api/kyc/verify,54.6,200,2026-07-18 11:28:54.151008,
REQ502616,/api/login,147.9,200,2026-07-28 22:22:49.294788,
REQ502617,/api/transfer,297.6,200,2026-07-14 03:35:44.383459,
REQ502618,/api/transfer,97.4,200,2026-03-24 06:17:05.330192,
REQ502619,/api/statement,238.9,200,2026-06-21 18:08:33.060695,
REQ502620,/api/kyc/verify,359.5,200,2026-06-03 15:07:19.377049,
REQ502621,/api/kyc/verify,127.5,200,2026-05-26 10:03:10.599417,
REQ502622,/api/transfer,48.1,200,2026-07-29 12:02:11.370280,
REQ502623,/api/beneficiary,573.4,200,2026-05-12 01:30:53.070029,
REQ502624,/api/balance,199.8,200,2026-03-30 20:35:22.011395,
REQ502625,/api/transfer,228.3,200,2026-06-26 19:24:18.771867,
REQ502626,/api/beneficiary,207.1,200,2026-04-29 22:01:14.759099,
REQ502627,/api/balance,220.6,400,2026-07-23 00:28:41.402317,
REQ502628,/api/transfer,128.8,200,2026-03-05 12:34:26.582492,
REQ502629,/api/transfer,212.4,200,2026-07-21 04:07:02.735704,
REQ502630,/api/beneficiary,634.9,200,2026-03-07 05:41:59.722424,
REQ502631,/api/transfer,201.7,429,2026-06-10 12:30:49.090683,
REQ502632,/api/login,682.4,200,2026-04-25 05:17:53.193720,
REQ502633,/api/balance,600.3,200,2026-06-29 10:50:51.032567,
REQ502634,/api/balance,992.4,200,2026-04-20 07:08:18.568894,
REQ502635,/api/kyc/verify,387.8,400,2026-05-26 12:57:56.456334,
REQ502636,/api/balance,606.9,200,2026-05-20 11:10:39.206966,
REQ502637,/api/statement,327.8,200,2026-04-07 17:08:55.266783,
REQ502638,/api/login,79.0,200,2026-06-06 23:38:52.788078,
REQ502639,/api/kyc/verify,614.7,200,2026-06-28 03:48:03.467913,
REQ502640,/api/login,291.6,200,2026-08-03 06:23:09.722039,
REQ502641,/api/statement,401.6,200,2026-04-30 07:46:17.453918,
REQ502642,/api/transfer,523.3,200,2026-05-14 02:41:28.511746,
REQ502643,/api/beneficiary,543.7,200,2026-07-06 14:00:35.441347,
REQ502644,/api/login,238.1,429,2026-06-29 23:17:55.478538,
REQ502645,/api/kyc/verify,191.7,200,2026-04-20 09:45:39.767243,
REQ502646,/api/login,529.6,200,2026-08-01 15:26:37.144706,
REQ502647,/api/kyc/verify,413.3,200,2026-08-06 18:24:39.473200,
REQ502648,/api/statement,158.7,200,2026-04-22 20:24:29.294071,
REQ502649,/api/statement,269.6,400,2026-03-13 14:08:06.618124,
REQ502650,/api/statement,808.5,200,2026-04-03 02:18:45.751579,
REQ502651,/api/balance,66.1,201,2026-07-11 12:40:14.136491,
REQ502652,/api/statement,202.5,200,2026-07-11 09:08:55.673352,
REQ502653,/api/beneficiary,94.7,200,2026-04-04 20:05:49.149075,
REQ502654,/api/kyc/verify,284.6,200,2026-03-14 18:58:40.893724,
REQ502655,/api/beneficiary,262.3,200,2026-04-10 01:00:58.414805,
REQ502656,/api/balance,518.9,200,2026-07-06 18:06:41.395862,
REQ502657,/api/balance,176.9,200,2026-08-05 22:03:10.264856,
REQ502658,/api/transfer,91.1,200,2026-05-27 19:56:00.788419,
REQ502659,/api/login,547.6,502,2026-06-02 14:10:01.578065,
REQ502660,/api/beneficiary,268.1,200,2026-05-20 09:00:26.950584,
REQ502661,/api/transfer,263.6,200,2026-07-02 19:50:02.829986,
REQ502662,/api/kyc/verify,542.6,200,2026-02-25 23:52:40.964682,
REQ502663,/api/balance,439.5,200,2026-03-26 14:58:41.752606,
REQ502664,/api/statement,85.0,200,2026-04-14 23:20:43.116001,
REQ502665,/api/transfer,472.7,500,2026-04-22 14:29:59.675876,INC409040
REQ502666,/api/balance,758.3,200,2026-07-27 10:05:23.650169,
REQ502667,/api/transfer,116.4,503,2026-03-23 03:04:49.643968,
REQ502668,/api/balance,325.3,400,2026-05-18 01:59:04.831607,
REQ502669,/api/login,336.2,200,2026-03-30 13:32:19.720181,
REQ502670,/api/statement,228.4,200,2026-06-11 22:49:30.313088,
REQ502671,/api/balance,50.9,200,2026-06-02 15:08:26.747248,
REQ502672,/api/balance,44.8,200,2026-03-06 17:18:11.153456,
REQ502673,/api/beneficiary,275.0,200,2026-07-05 06:22:56.294511,
REQ502674,/api/balance,185.9,200,2026-03-14 00:15:02.917545,
REQ502675,/api/balance,258.0,200,2026-07-19 07:44:20.014512,
REQ502676,/api/beneficiary,277.8,200,2026-05-04 08:36:00.021170,
REQ502677,/api/kyc/verify,478.8,200,2026-03-08 00:56:13.931212,
REQ502678,/api/statement,148.2,200,2026-06-22 04:30:01.263428,
REQ502679,/api/transfer,71.8,200,2026-03-12 01:15:31.990337,
REQ502680,/api/balance,323.2,200,2026-02-26 20:37:14.110163,
REQ502681,/api/beneficiary,75.3,200,2026-04-18 14:26:23.556424,
REQ502682,/api/balance,671.1,200,2026-07-16 17:24:51.630910,
REQ502683,/api/statement,304.7,200,2026-06-16 02:06:10.569859,
REQ502684,/api/statement,52.8,400,2026-05-10 11:26:48.860919,
REQ502685,/api/beneficiary,259.1,200,2026-04-08 19:37:22.913221,
REQ502686,/api/transfer,46.9,200,2026-07-01 00:55:40.152686,
REQ502687,/api/balance,483.3,201,2026-05-06 06:34:45.250311,
REQ502688,/api/kyc/verify,109.7,200,2026-06-29 13:48:36.758011,
REQ502689,/api/kyc/verify,161.9,200,2026-05-24 18:37:47.822845,
REQ502690,/api/kyc/verify,92.5,200,2026-06-27 11:08:59.404263,
REQ502691,/api/balance,20.7,200,2026-06-16 19:00:27.499840,
REQ502692,/api/kyc/verify,696.8,200,2026-04-05 10:25:06.454492,
REQ502693,/api/kyc/verify,243.5,200,2026-07-29 10:03:59.280707,
REQ502694,/api/transfer,501.9,200,2026-06-02 23:24:36.284027,
REQ502695,/api/kyc/verify,932.1,200,2026-06-10 20:36:09.807331,
REQ502696,/api/kyc/verify,89.1,504,2026-07-02 03:10:08.503939,INC409072
REQ502697,/api/beneficiary,282.5,200,2026-03-25 17:37:28.849837,
REQ502698,/api/kyc/verify,212.5,429,2026-05-21 10:37:52.016249,
REQ502699,/api/statement,1134.9,200,2026-03-15 11:01:07.354728,
REQ502700,/api/kyc/verify,186.4,200,2026-07-28 21:04:33.448625,
REQ502701,/api/beneficiary,347.7,504,2026-04-08 23:04:06.261136,INC406274
REQ502702,/api/balance,175.4,200,2026-08-17 08:31:24.892347,
REQ502703,/api/transfer,260.0,200,2026-07-20 09:13:17.390824,
REQ502704,/api/login,129.7,429,2026-06-23 16:01:42.204302,
REQ502705,/api/transfer,646.9,200,2026-05-01 08:49:14.770784,
REQ502706,/api/balance,582.2,500,2026-03-21 21:56:00.586259,
REQ502707,/api/balance,56.9,200,2026-06-24 22:53:27.021454,
REQ502708,/api/beneficiary,345.2,200,2026-06-14 07:22:18.219802,
REQ502709,/api/statement,659.3,200,2026-06-01 02:57:38.461100,
REQ502710,/api/balance,213.8,400,2026-07-23 17:01:06.612444,
REQ502711,/api/statement,225.7,200,2026-02-21 18:13:34.559059,
REQ502712,/api/transfer,301.7,503,2026-05-27 01:26:14.685184,INC402044
REQ502713,/api/login,50.3,429,2026-06-16 15:23:26.474125,
REQ502714,/api/statement,214.2,200,2026-06-27 14:35:40.989699,
REQ502715,/api/beneficiary,102.3,200,2026-08-01 19:49:30.729008,
REQ502716,/api/transfer,3020.8,201,2026-06-13 06:07:41.557252,
REQ502717,/api/beneficiary,5308.6,400,2026-05-09 08:55:37.796205,
REQ502718,/api/balance,225.9,200,2026-06-05 23:00:13.817501,
REQ502719,/api/balance,265.3,200,2026-06-06 12:57:49.435262,
REQ502720,/api/transfer,162.6,502,2026-07-20 19:16:32.445522,INC404398
REQ502721,/api/transfer,438.6,200,2026-03-11 09:33:38.756388,
REQ502722,/api/login,367.4,200,2026-04-05 12:29:57.688214,
REQ502723,/api/balance,480.9,200,2026-03-09 11:01:38.093458,
REQ502724,/api/kyc/verify,253.1,429,2026-07-05 10:26:52.370360,
REQ502725,/api/statement,206.7,200,2026-06-08 00:43:32.452781,
REQ502726,/api/statement,646.5,500,2026-03-10 10:26:37.886900,
REQ502727,/api/beneficiary,209.4,200,2026-05-12 10:13:25.062213,
REQ502728,/api/beneficiary,227.8,200,2026-05-13 00:17:44.191971,
REQ502729,/api/balance,296.8,200,2026-08-17 17:55:05.980205,
REQ502730,/api/login,100.1,200,2026-04-11 05:11:37.222518,
REQ502731,/api/login,378.2,201,2026-03-27 14:22:54.656101,
REQ502732,/api/statement,39.8,200,2026-08-02 23:36:27.581775,
REQ502733,/api/kyc/verify,351.7,200,2026-02-22 03:44:22.333345,
REQ502734,/api/login,419.6,200,2026-06-18 06:41:39.838679,
REQ502735,/api/balance,132.3,200,2026-08-11 02:29:09.537185,
REQ502736,/api/login,126.0,400,2026-07-16 14:20:49.712591,
REQ502737,/api/beneficiary,531.7,200,2026-04-30 13:31:39.541170,
REQ502738,/api/beneficiary,427.5,503,2026-08-08 23:53:25.965843,
REQ502739,/api/login,850.1,200,2026-03-08 14:58:42.471720,
REQ502740,/api/beneficiary,432.7,200,2026-04-07 05:05:20.180814,
REQ502741,/api/balance,870.4,200,2026-06-03 11:57:54.951835,
REQ502742,/api/transfer,295.3,200,2026-04-25 04:23:05.011371,
REQ502743,/api/statement,8656.6,200,2026-06-21 20:49:41.282338,
REQ502744,/api/balance,325.1,200,2026-03-08 17:02:46.396722,
REQ502745,/api/kyc/verify,295.2,200,2026-04-19 14:02:31.610403,
REQ502746,/api/beneficiary,305.0,200,2026-05-12 19:21:57.255762,
REQ502747,/api/balance,509.7,200,2026-06-02 05:23:32.516866,
REQ502748,/api/transfer,273.9,200,2026-07-24 21:00:20.740831,
REQ502749,/api/login,483.2,200,2026-08-06 05:15:23.097152,
REQ502750,/api/transfer,279.5,200,2026-05-30 10:05:23.559988,
REQ502751,/api/statement,445.6,200,2026-08-13 22:11:17.395664,
REQ502752,/api/beneficiary,153.7,200,2026-05-17 11:28:49.565872,
REQ502753,/api/balance,500.4,200,2026-06-27 16:21:41.351294,
REQ502754,/api/transfer,485.1,503,2026-06-06 00:44:31.839212,INC401475
REQ502755,/api/login,525.0,200,2026-08-10 03:59:22.861424,
REQ502756,/api/beneficiary,186.2,500,2026-04-23 18:12:22.314307,
REQ502757,/api/balance,111.4,400,2026-07-07 22:40:44.394898,
REQ502758,/api/login,385.6,200,2026-04-22 00:45:32.751181,
REQ502759,/api/beneficiary,407.9,200,2026-06-01 23:23:12.227562,
REQ502760,/api/transfer,348.4,200,2026-07-14 21:17:01.890599,
REQ502761,/api/beneficiary,553.9,200,2026-03-11 21:25:23.604530,
REQ502762,/api/kyc/verify,1130.4,200,2026-08-09 04:47:32.384712,
REQ502763,/api/login,158.0,200,2026-02-23 19:08:44.921209,
REQ502764,/api/beneficiary,175.7,200,2026-04-11 00:00:43.858962,
REQ502765,/api/login,3222.0,200,2026-05-18 06:38:18.323834,
REQ502766,/api/balance,517.8,200,2026-06-09 05:30:18.673007,
REQ502767,/api/balance,129.9,200,2026-03-01 05:00:13.394050,
REQ502768,/api/transfer,191.0,200,2026-07-24 01:11:33.008468,
REQ502769,/api/transfer,427.4,200,2026-08-04 13:30:33.359045,
REQ502770,/api/balance,299.5,200,2026-06-17 04:14:16.755492,
REQ502771,/api/beneficiary,239.8,200,2026-05-18 02:11:39.268207,
REQ502772,/api/login,596.4,200,2026-02-21 12:49:18.871849,
REQ502773,/api/kyc/verify,195.2,200,2026-05-24 14:33:40.274377,
REQ502774,/api/login,286.9,200,2026-06-27 06:34:52.906462,
REQ502775,/api/login,85.8,200,2026-04-10 12:37:38.368747,
REQ502776,/api/kyc/verify,209.2,200,2026-03-16 14:50:03.968841,
REQ502777,/api/statement,122.9,200,2026-03-13 08:11:53.612685,
REQ502778,/api/balance,237.8,200,2026-03-08 19:33:23.109107,
REQ502779,/api/login,114.4,200,2026-07-18 18:46:57.187562,
REQ502780,/api/login,273.2,200,2026-05-12 04:32:07.540173,
REQ502781,/api/transfer,186.6,401,2026-03-02 00:51:38.337654,
REQ502782,/api/beneficiary,670.4,503,2026-03-31 02:01:14.889038,INC406966
REQ502783,/api/kyc/verify,112.4,200,2026-04-01 22:31:37.785706,
REQ502784,/api/beneficiary,299.7,200,2026-04-28 20:54:57.039235,
REQ502785,/api/login,157.1,200,2026-04-13 11:17:43.569546,
REQ502786,/api/transfer,235.5,200,2026-05-16 10:24:07.619734,
REQ502787,/api/login,189.6,200,2026-05-02 12:23:04.171236,
REQ502788,/api/transfer,99.2,200,2026-07-20 05:38:26.277051,
REQ502789,/api/balance,395.4,200,2026-06-16 00:40:22.635327,
REQ502790,/api/login,246.2,200,2026-06-01 06:50:19.183852,
REQ502791,/api/beneficiary,339.6,200,2026-04-16 23:09:17.736828,
REQ502792,/api/login,280.6,200,2026-06-24 00:32:29.215466,
REQ502793,/api/beneficiary,119.4,200,2026-04-25 19:12:53.102940,
REQ502794,/api/transfer,109.9,200,2026-04-14 02:34:10.577113,
REQ502795,/api/login,484.7,200,2026-06-12 01:03:06.124062,
REQ502796,/api/transfer,609.6,200,2026-04-15 03:13:46.840713,
REQ502797,/api/transfer,99.5,200,2026-05-31 04:10:57.386400,
REQ502798,/api/balance,141.8,200,2026-04-27 12:18:54.601690,
REQ502799,/api/transfer,277.8,200,2026-06-12 15:28:11.634457,
REQ502800,/api/balance,184.3,200,2026-06-01 14:41:15.583748,
REQ502801,/api/balance,98.2,200,2026-06-07 14:37:27.718101,
REQ502802,/api/transfer,153.2,200,2026-05-17 07:51:19.792141,
REQ502803,/api/statement,571.0,201,2026-07-09 09:38:34.131466,
REQ502804,/api/beneficiary,400.3,200,2026-08-16 10:43:21.651126,
REQ502805,/api/login,262.9,200,2026-06-20 02:58:02.671626,
REQ502806,/api/balance,380.4,200,2026-07-03 00:57:11.486877,
REQ502807,/api/statement,523.9,200,2026-03-18 11:42:40.884560,
REQ502808,/api/transfer,377.0,200,2026-08-12 09:37:48.356658,
REQ502809,/api/balance,17.6,400,2026-04-17 22:51:26.422838,
REQ502810,/api/balance,83.8,200,2026-05-28 17:10:52.954123,
REQ502811,/api/beneficiary,156.3,401,2026-07-20 13:30:59.078972,
REQ502812,/api/beneficiary,287.8,200,2026-06-26 09:48:11.347312,
REQ502813,/api/statement,351.6,200,2026-05-16 18:19:53.701791,
REQ502814,/api/login,507.1,200,2026-07-16 19:47:37.578911,
REQ502815,/api/kyc/verify,356.7,200,2026-08-13 19:49:07.711652,
REQ502816,/api/beneficiary,19.9,200,2026-08-17 22:17:17.259875,
REQ502817,/api/kyc/verify,387.4,200,2026-06-20 16:38:24.157348,
REQ502818,/api/login,241.2,200,2026-02-25 05:00:46.985747,
REQ502819,/api/beneficiary,333.9,200,2026-07-17 17:26:25.925400,
REQ502820,/api/statement,447.9,200,2026-06-05 07:27:58.042375,
REQ502821,/api/beneficiary,110.1,401,2026-06-24 15:08:01.762864,
REQ502822,/api/balance,510.3,200,2026-05-29 14:09:13.892244,
REQ502823,/api/statement,964.3,200,2026-06-13 16:25:50.423314,
REQ502824,/api/login,86.4,200,2026-06-20 13:20:26.132377,
REQ502825,/api/balance,330.6,200,2026-05-04 09:31:56.711777,
REQ502826,/api/balance,574.1,200,2026-04-17 21:12:45.225730,
REQ502827,/api/beneficiary,83.6,200,2026-02-27 03:13:40.752493,
REQ502828,/api/balance,68.0,200,2026-03-06 23:22:14.664546,
REQ502829,/api/kyc/verify,85.0,200,2026-07-09 09:40:00.548517,
REQ502830,/api/balance,69.4,201,2026-03-04 06:53:57.801946,
REQ502831,/api/balance,265.1,400,2026-06-09 09:21:04.503754,
REQ502832,/api/kyc/verify,262.7,200,2026-04-26 19:48:13.868731,
REQ502833,/api/transfer,248.3,200,2026-04-04 20:02:17.647859,
REQ502834,/api/beneficiary,237.5,200,2026-07-03 11:20:24.957756,
REQ502835,/api/statement,324.5,200,2026-06-25 08:24:24.601789,
REQ502836,/api/login,230.7,200,2026-03-02 15:28:23.339367,
REQ502837,/api/transfer,458.2,200,2026-06-07 16:03:22.759458,
REQ502838,/api/login,138.8,200,2026-05-28 03:33:51.641488,
REQ502839,/api/login,537.1,200,2026-04-01 08:21:56.534985,
REQ502840,/api/kyc/verify,447.6,200,2026-03-28 16:48:58.592688,
REQ502841,/api/balance,748.7,502,2026-07-08 17:58:56.326504,INC401396
REQ502842,/api/balance,240.4,200,2026-06-25 12:33:47.748486,
REQ502843,/api/balance,419.8,200,2026-03-02 14:34:43.458809,
REQ502844,/api/statement,527.1,200,2026-03-06 21:29:34.795561,
REQ502845,/api/login,184.1,200,2026-03-17 23:33:08.079856,
REQ502846,/api/login,441.3,200,2026-04-16 15:13:41.133257,
REQ502847,/api/login,115.5,200,2026-06-09 11:12:22.763084,
REQ502848,/api/statement,481.6,200,2026-08-14 01:50:33.379207,
REQ502849,/api/statement,126.5,503,2026-03-03 04:59:17.882953,
REQ502850,/api/kyc/verify,454.0,400,2026-03-25 13:42:33.990059,
REQ502851,/api/transfer,169.1,503,2026-08-03 23:58:01.098537,
REQ502852,/api/statement,442.5,200,2026-07-02 11:09:41.332190,
REQ502853,/api/transfer,149.0,200,2026-05-19 05:38:25.868148,
REQ502854,/api/balance,122.1,200,2026-07-24 08:48:07.176394,
REQ502855,/api/statement,305.9,201,2026-06-09 12:22:35.428432,
REQ502856,/api/kyc/verify,372.5,200,2026-05-05 16:08:58.444183,
REQ502857,/api/statement,386.8,200,2026-03-13 16:04:15.113872,
REQ502858,/api/login,462.7,504,2026-03-29 05:01:28.388573,INC408051
REQ502859,/api/balance,661.7,200,2026-04-21 09:19:45.198241,
REQ502860,/api/beneficiary,241.7,200,2026-02-27 22:06:07.797824,
REQ502861,/api/transfer,661.5,200,2026-07-06 03:48:10.469652,
REQ502862,/api/transfer,126.9,200,2026-04-24 10:25:06.227309,
REQ502863,/api/beneficiary,466.4,502,2026-07-07 07:16:53.837130,
REQ502864,/api/login,129.5,200,2026-08-19 19:38:56.304112,
REQ502865,/api/statement,223.8,200,2026-07-05 13:48:01.779686,
REQ502866,/api/statement,107.1,200,2026-03-29 07:33:43.098351,
REQ502867,/api/statement,766.7,200,2026-05-09 21:37:44.830619,
REQ502868,/api/beneficiary,135.5,200,2026-05-30 15:40:03.033811,
REQ502869,/api/beneficiary,196.9,200,2026-03-18 20:59:11.796318,
REQ502870,/api/transfer,153.8,200,2026-06-09 22:19:35.877935,
REQ502871,/api/beneficiary,572.1,200,2026-05-22 21:47:54.485197,
REQ502872,/api/statement,402.6,200,2026-08-11 20:15:16.132142,
REQ502873,/api/kyc/verify,8402.2,503,2026-08-03 11:41:18.234538,INC404353
REQ502874,/api/transfer,286.3,200,2026-03-07 17:17:29.642903,
REQ502875,/api/transfer,316.7,200,2026-03-08 17:55:56.870623,
REQ502876,/api/transfer,314.7,200,2026-04-15 02:05:07.508538,
REQ502877,/api/transfer,543.8,200,2026-05-17 18:35:30.478588,
REQ502878,/api/kyc/verify,381.8,200,2026-03-01 21:23:11.913112,
REQ502879,/api/statement,653.3,400,2026-08-01 21:25:53.195834,
REQ502880,/api/login,392.2,200,2026-06-11 21:43:20.929512,
REQ502881,/api/beneficiary,249.8,200,2026-08-14 19:31:18.485893,
REQ502882,/api/login,221.0,200,2026-03-07 10:28:54.777458,
REQ502883,/api/statement,129.2,200,2026-06-23 23:36:51.044991,
REQ502884,/api/transfer,524.9,200,2026-05-18 12:02:51.327886,
REQ502885,/api/kyc/verify,92.4,502,2026-07-23 22:59:31.510715,
REQ502886,/api/kyc/verify,245.2,200,2026-03-27 15:57:21.135960,
REQ502887,/api/kyc/verify,265.6,200,2026-07-20 20:43:51.779361,
REQ502888,/api/balance,268.6,200,2026-06-11 03:01:35.604557,
REQ502889,/api/balance,48.0,200,2026-04-20 20:20:51.889861,
REQ502890,/api/beneficiary,106.5,200,2026-08-14 06:55:33.819695,
REQ502891,/api/transfer,141.0,200,2026-05-21 20:48:11.978108,
REQ502892,/api/login,73.4,502,2026-05-18 20:58:35.353866,INC405377
REQ502893,/api/login,233.3,200,2026-03-15 20:51:12.647887,
REQ502894,/api/beneficiary,755.9,201,2026-06-16 19:18:47.243651,
REQ502895,/api/statement,6606.6,200,2026-07-07 12:20:31.170163,
REQ502896,/api/statement,92.1,200,2026-06-17 08:21:37.227723,
REQ502897,/api/beneficiary,21.5,200,2026-06-01 18:07:08.076842,
REQ502898,/api/balance,243.6,400,2026-03-30 01:41:39.181665,
REQ502899,/api/beneficiary,469.3,200,2026-07-26 04:32:51.799629,
REQ502900,/api/kyc/verify,142.1,200,2026-03-10 03:25:27.465077,
REQ502901,/api/transfer,397.8,200,2026-05-26 13:00:58.021370,
REQ502902,/api/kyc/verify,57.5,200,2026-03-08 21:03:11.981681,
REQ502903,/api/transfer,172.7,200,2026-05-27 01:35:42.886433,
REQ502904,/api/balance,105.3,401,2026-04-20 09:34:45.560701,
REQ502905,/api/kyc/verify,511.0,200,2026-03-29 10:03:49.093733,
REQ502906,/api/login,431.4,200,2026-07-30 15:42:15.663406,
REQ502907,/api/statement,256.9,200,2026-03-10 08:50:33.274402,
REQ502908,/api/login,275.3,200,2026-04-08 05:00:35.728897,
REQ502909,/api/kyc/verify,910.4,500,2026-08-17 13:41:41.180515,INC406461
REQ502910,/api/kyc/verify,67.6,200,2026-06-26 12:40:44.876065,
REQ502911,/api/kyc/verify,158.1,201,2026-06-04 06:27:25.591682,
REQ502912,/api/transfer,580.3,200,2026-08-02 12:19:21.142891,
REQ502913,/api/transfer,482.0,200,2026-07-08 01:12:09.023699,
REQ502914,/api/login,665.6,200,2026-05-09 02:42:13.435760,
REQ502915,/api/login,139.1,200,2026-02-24 17:03:35.228334,
REQ502916,/api/balance,176.0,200,2026-04-27 05:13:37.169681,
REQ502917,/api/kyc/verify,7983.4,200,2026-04-23 02:37:38.061241,
REQ502918,/api/statement,49.3,200,2026-05-14 22:02:50.438456,
REQ502919,/api/beneficiary,70.5,200,2026-08-09 22:22:08.428322,
REQ502920,/api/transfer,94.7,200,2026-04-23 04:24:22.644455,
REQ502921,/api/beneficiary,103.4,200,2026-04-04 02:28:36.383149,
REQ502922,/api/login,169.5,200,2026-08-17 09:44:43.146734,
REQ502923,/api/statement,112.6,200,2026-02-27 06:17:52.771690,
REQ502924,/api/balance,194.6,200,2026-04-18 18:58:38.746611,
REQ502925,/api/statement,353.7,200,2026-04-25 14:33:51.029736,
REQ502926,/api/balance,442.1,200,2026-03-07 16:56:29.159171,
REQ502927,/api/kyc/verify,90.9,200,2026-07-02 07:34:23.796873,
REQ502928,/api/beneficiary,311.0,200,2026-02-28 13:18:27.453790,
REQ502929,/api/login,180.6,200,2026-03-29 11:51:22.780089,
REQ502930,/api/kyc/verify,220.2,503,2026-07-05 02:27:41.205586,
REQ502931,/api/login,476.5,200,2026-06-26 12:40:38.089205,
REQ502932,/api/login,285.3,200,2026-05-04 20:32:23.997390,
REQ502933,/api/statement,88.2,200,2026-06-13 18:53:12.984969,
REQ502934,/api/balance,301.6,200,2026-05-12 13:27:27.114344,
REQ502935,/api/transfer,122.3,200,2026-08-19 01:13:30.107398,
REQ502936,/api/statement,291.2,200,2026-04-26 21:51:53.802516,
REQ502937,/api/statement,313.5,200,2026-08-16 14:38:48.582331,
REQ502938,/api/kyc/verify,230.0,500,2026-06-21 19:22:28.146320,
REQ502939,/api/login,943.4,400,2026-03-11 19:04:10.717873,
REQ502940,/api/beneficiary,493.7,200,2026-07-08 21:06:15.124428,
REQ502941,/api/beneficiary,29.9,200,2026-05-30 12:44:36.758797,
REQ502942,/api/balance,374.4,200,2026-03-01 18:59:11.944258,
REQ502943,/api/statement,127.1,200,2026-07-21 01:07:48.302280,
REQ502944,/api/beneficiary,121.6,200,2026-07-19 01:38:36.879880,
REQ502945,/api/transfer,130.9,200,2026-05-24 21:44:59.361106,
REQ502946,/api/login,298.1,200,2026-04-13 17:29:25.855287,
REQ502947,/api/transfer,106.9,201,2026-03-08 01:21:35.447057,
REQ502948,/api/login,232.9,502,2026-07-10 16:59:35.111367,INC409044
REQ502949,/api/kyc/verify,155.1,200,2026-05-08 16:41:25.648998,
REQ502950,/api/transfer,258.0,200,2026-06-23 05:03:26.560594,
REQ502951,/api/statement,185.4,200,2026-04-12 22:40:31.396146,
REQ502952,/api/beneficiary,295.5,200,2026-07-19 09:45:06.706081,
REQ502953,/api/transfer,434.7,200,2026-07-12 15:46:33.626943,
REQ502954,/api/login,453.6,200,2026-08-16 17:32:51.949965,
REQ502955,/api/kyc/verify,230.7,200,2026-07-25 16:50:20.999125,
REQ502956,/api/transfer,477.1,200,2026-06-03 01:04:31.022324,
REQ502957,/api/balance,454.8,200,2026-05-10 20:09:29.170833,
REQ502958,/api/kyc/verify,682.7,200,2026-06-09 23:26:56.565551,
REQ502959,/api/balance,274.4,500,2026-07-15 19:16:36.736255,
REQ502960,/api/statement,446.6,200,2026-02-25 11:40:05.906972,
REQ502961,/api/login,185.4,200,2026-07-12 19:29:37.380226,
REQ502962,/api/balance,359.9,200,2026-07-30 13:10:26.660531,
REQ502963,/api/balance,64.4,200,2026-08-03 02:52:53.034841,
REQ502964,/api/beneficiary,216.4,200,2026-04-26 22:08:00.104853,
REQ502965,/api/balance,235.6,200,2026-04-21 17:38:54.133890,
REQ502966,/api/transfer,49.3,200,2026-05-18 12:25:29.885276,
REQ502967,/api/beneficiary,165.2,200,2026-05-08 20:08:15.206695,
REQ502968,/api/balance,213.4,200,2026-02-24 06:23:10.571344,
REQ502969,/api/login,433.3,200,2026-05-06 16:05:47.635227,
REQ502970,/api/login,186.9,200,2026-07-28 05:04:02.254182,
REQ502971,/api/transfer,231.2,502,2026-08-17 17:00:55.034954,INC403431
REQ502972,/api/beneficiary,187.1,200,2026-05-14 05:52:39.333547,
REQ502973,/api/balance,79.6,201,2026-07-29 12:05:32.214148,
REQ502974,/api/balance,184.5,400,2026-06-02 13:50:00.713025,
REQ502975,/api/beneficiary,138.9,200,2026-05-30 14:44:13.496591,
REQ502976,/api/beneficiary,177.4,200,2026-05-12 15:09:29.624845,
REQ502977,/api/balance,6419.3,200,2026-04-15 02:32:45.849135,
REQ502978,/api/statement,453.1,200,2026-04-30 12:18:05.936771,
REQ502979,/api/kyc/verify,309.7,200,2026-05-02 16:36:36.935047,
REQ502980,/api/balance,682.2,200,2026-07-24 06:35:02.365785,
REQ502981,/api/beneficiary,475.3,200,2026-03-13 02:18:43.389131,
REQ502982,/api/transfer,181.2,200,2026-07-29 01:31:17.152595,
REQ502983,/api/login,311.0,200,2026-03-17 16:42:29.894159,
REQ502984,/api/transfer,452.0,201,2026-06-16 07:48:32.100900,
REQ502985,/api/kyc/verify,112.6,200,2026-05-27 01:53:08.129696,
REQ502986,/api/kyc/verify,336.5,200,2026-04-13 06:55:59.152177,
REQ502987,/api/balance,232.9,200,2026-08-13 05:46:15.953139,
REQ502988,/api/beneficiary,145.8,200,2026-02-24 10:29:39.229297,
REQ502989,/api/login,287.1,200,2026-05-03 02:40:15.853768,
REQ502990,/api/balance,236.8,200,2026-08-14 00:12:45.033103,
REQ502991,/api/balance,193.8,200,2026-06-02 07:34:28.025114,
REQ502992,/api/login,182.9,200,2026-06-19 04:52:10.281635,
REQ502993,/api/balance,222.5,200,2026-04-12 14:05:01.861757,
REQ502994,/api/balance,85.7,200,2026-04-27 17:24:29.558168,
REQ502995,/api/transfer,914.7,200,2026-05-20 15:36:45.675879,
REQ502996,/api/kyc/verify,66.6,200,2026-06-09 09:30:38.794021,
REQ502997,/api/transfer,477.9,429,2026-06-16 15:19:42.740069,
REQ502998,/api/balance,7468.8,200,2026-04-20 12:03:41.181758,
REQ502999,/api/balance,715.6,200,2026-06-07 08:01:26.159933,
REQ503000,/api/transfer,3182.9,500,2026-06-29 00:39:38.463351,
REQ503001,/api/login,175.2,200,2026-06-26 22:06:53.146526,
REQ503002,/api/balance,313.1,200,2026-07-19 05:19:47.404377,
REQ503003,/api/beneficiary,271.4,200,2026-05-17 21:11:35.925354,
REQ503004,/api/balance,292.4,200,2026-03-21 22:49:19.321182,
REQ503005,/api/transfer,816.7,200,2026-05-01 08:52:16.724123,
REQ503006,/api/kyc/verify,649.2,200,2026-08-16 15:56:10.798422,
REQ503007,/api/login,102.5,500,2026-06-17 11:15:44.622640,
REQ503008,/api/transfer,8939.0,200,2026-04-02 01:07:07.994585,
REQ503009,/api/balance,170.5,200,2026-05-07 22:31:04.521328,
REQ503010,/api/beneficiary,419.4,200,2026-02-21 23:45:57.844202,
REQ503011,/api/beneficiary,520.9,401,2026-05-08 11:13:12.183115,
REQ503012,/api/kyc/verify,633.6,200,2026-05-28 01:09:22.140824,
REQ503013,/api/beneficiary,586.8,400,2026-08-17 19:58:31.641923,
REQ503014,/api/statement,362.5,200,2026-05-16 05:57:35.916526,
REQ503015,/api/transfer,282.8,502,2026-04-17 16:00:25.375960,INC408171
REQ503016,/api/kyc/verify,317.0,200,2026-07-25 01:59:12.894724,
REQ503017,/api/balance,336.3,500,2026-04-12 13:19:34.624261,INC401986
REQ503018,/api/beneficiary,331.1,200,2026-08-16 06:33:52.727986,
REQ503019,/api/beneficiary,438.0,200,2026-04-14 06:25:07.719551,
REQ503020,/api/kyc/verify,215.7,200,2026-05-20 11:32:44.863560,
REQ503021,/api/balance,201.1,500,2026-05-31 19:55:42.610846,INC408919
REQ503022,/api/balance,70.8,200,2026-06-23 03:04:08.737298,
REQ503023,/api/transfer,584.8,201,2026-06-18 19:51:23.303883,
REQ503024,/api/beneficiary,343.4,200,2026-03-20 20:12:15.144198,
REQ503025,/api/kyc/verify,695.9,200,2026-07-23 15:16:51.462904,
REQ503026,/api/beneficiary,812.1,200,2026-05-16 08:20:58.905831,
REQ503027,/api/transfer,181.0,200,2026-03-30 05:51:02.112512,
REQ503028,/api/beneficiary,340.6,200,2026-03-13 08:07:05.979966,
REQ503029,/api/transfer,207.4,200,2026-08-01 03:15:31.326373,
REQ503030,/api/login,508.5,200,2026-07-06 20:05:48.460087,
REQ503031,/api/transfer,769.4,200,2026-07-08 16:36:52.850073,
REQ503032,/api/login,365.5,503,2026-04-18 03:22:11.150413,INC401360
REQ503033,/api/statement,319.9,200,2026-03-21 04:12:51.868143,
REQ503034,/api/kyc/verify,4402.3,429,2026-05-16 02:03:12.222944,
REQ503035,/api/balance,337.1,200,2026-06-22 22:10:11.477957,
REQ503036,/api/kyc/verify,181.1,200,2026-07-11 23:20:13.209778,
REQ503037,/api/kyc/verify,124.4,200,2026-07-09 21:31:01.500990,
REQ503038,/api/beneficiary,111.9,200,2026-03-15 18:39:37.595053,
REQ503039,/api/login,228.9,200,2026-06-22 07:51:00.405479,
REQ503040,/api/statement,101.4,200,2026-05-12 07:19:45.906607,
REQ503041,/api/statement,168.3,500,2026-07-04 22:56:00.272384,INC400522
REQ503042,/api/statement,283.4,201,2026-06-05 21:11:40.419711,
REQ503043,/api/beneficiary,304.4,504,2026-06-25 12:39:11.565203,INC407081
REQ503044,/api/kyc/verify,104.2,200,2026-07-15 06:16:29.597788,
REQ503045,/api/beneficiary,295.2,200,2026-06-17 01:17:42.570972,
REQ503046,/api/beneficiary,525.3,200,2026-03-08 22:31:21.440729,
REQ503047,/api/statement,265.2,200,2026-03-18 09:34:00.191395,
REQ503048,/api/transfer,80.1,200,2026-07-21 02:31:10.677380,
REQ503049,/api/beneficiary,686.4,200,2026-08-11 04:23:27.444619,
REQ503050,/api/balance,192.9,504,2026-07-09 11:06:22.225682,
REQ503051,/api/statement,76.5,200,2026-05-04 16:03:18.863895,
REQ503052,/api/login,3302.8,200,2026-03-26 19:32:46.221352,
REQ503053,/api/kyc/verify,354.6,200,2026-04-19 18:42:13.801524,
REQ503054,/api/balance,349.6,200,2026-03-01 21:49:57.376610,
REQ503055,/api/statement,242.3,200,2026-04-22 12:26:01.752917,
REQ503056,/api/transfer,428.0,200,2026-06-29 11:07:53.836888,
REQ503057,/api/kyc/verify,625.2,200,2026-06-15 19:09:08.086048,
REQ503058,/api/transfer,365.1,200,2026-04-11 12:15:58.866242,
REQ503059,/api/kyc/verify,272.8,200,2026-04-30 15:57:29.003428,
REQ503060,/api/kyc/verify,389.4,200,2026-06-27 23:13:38.251253,
REQ503061,/api/login,508.8,200,2026-04-25 01:30:48.556776,
REQ503062,/api/transfer,216.7,401,2026-04-09 13:30:08.251310,
REQ503063,/api/login,625.4,200,2026-08-08 23:52:50.800552,
REQ503064,/api/kyc/verify,368.8,502,2026-03-09 14:08:57.836385,INC400724
REQ503065,/api/statement,237.7,200,2026-05-05 05:33:56.947387,
REQ503066,/api/balance,348.9,200,2026-07-28 18:59:26.637185,
REQ503067,/api/login,193.5,200,2026-04-14 17:59:03.319845,
REQ503068,/api/kyc/verify,212.6,200,2026-06-29 03:46:20.164579,
REQ503069,/api/balance,543.8,500,2026-08-14 03:56:15.643087,
REQ503070,/api/beneficiary,250.7,200,2026-07-17 05:28:42.950514,
REQ503071,/api/transfer,440.8,200,2026-06-24 00:18:23.858405,
REQ503072,/api/login,100.4,502,2026-07-13 18:14:20.432390,INC407118
REQ503073,/api/statement,364.9,200,2026-07-17 12:14:20.782874,
REQ503074,/api/login,239.2,200,2026-05-09 23:46:13.991971,
REQ503075,/api/balance,88.5,200,2026-05-24 19:03:30.957482,
REQ503076,/api/balance,175.8,200,2026-06-29 09:24:28.075650,
REQ503077,/api/statement,389.5,200,2026-07-18 02:44:59.320058,
REQ503078,/api/kyc/verify,923.2,200,2026-06-14 12:28:21.505275,
REQ503079,/api/beneficiary,133.7,200,2026-03-08 15:04:20.544535,
REQ503080,/api/beneficiary,146.9,200,2026-04-25 05:40:13.028295,
REQ503081,/api/statement,162.2,200,2026-05-04 21:30:43.025788,
REQ503082,/api/beneficiary,339.4,200,2026-03-13 21:13:23.910504,
REQ503083,/api/statement,3257.2,200,2026-04-03 04:09:06.928386,
REQ503084,/api/statement,414.4,200,2026-07-15 11:07:29.311845,
REQ503085,/api/kyc/verify,339.6,200,2026-03-14 02:31:07.332495,
REQ503086,/api/balance,326.0,200,2026-07-29 20:41:11.823710,
REQ503087,/api/kyc/verify,269.3,200,2026-02-27 20:21:17.502601,
REQ503088,/api/beneficiary,92.5,200,2026-07-16 08:12:24.145586,
REQ503089,/api/kyc/verify,586.4,200,2026-07-06 00:42:06.374622,
REQ503090,/api/kyc/verify,313.8,200,2026-06-11 17:25:43.606189,
REQ503091,/api/transfer,537.9,200,2026-08-01 15:08:02.152161,
REQ503092,/api/login,134.8,429,2026-06-22 22:18:24.476054,
REQ503093,/api/balance,331.6,200,2026-04-15 00:57:07.942389,
REQ503094,/api/kyc/verify,201.0,200,2026-05-05 14:05:35.153680,
REQ503095,/api/kyc/verify,123.8,200,2026-04-20 04:01:16.300125,
REQ503096,/api/transfer,610.4,200,2026-08-14 01:25:15.257772,
REQ503097,/api/balance,674.6,200,2026-05-14 19:54:12.495233,
REQ503098,/api/kyc/verify,163.5,200,2026-06-21 13:31:01.547186,
REQ503099,/api/balance,130.8,200,2026-04-17 15:16:58.916962,
REQ503100,/api/statement,135.1,200,2026-06-06 03:20:34.834428,
REQ503101,/api/balance,272.2,200,2026-05-28 19:30:52.588412,
REQ503102,/api/transfer,727.4,200,2026-08-11 12:44:37.154834,
REQ503103,/api/kyc/verify,245.0,200,2026-06-04 05:55:52.727592,
REQ503104,/api/balance,39.3,400,2026-05-17 00:18:33.601391,
REQ503105,/api/beneficiary,255.9,400,2026-04-05 03:18:25.121242,
REQ503106,/api/balance,773.7,200,2026-05-21 11:43:59.220835,
REQ503107,/api/balance,266.4,200,2026-07-20 12:49:05.632377,
REQ503108,/api/statement,243.3,200,2026-07-23 19:43:50.729468,
REQ503109,/api/kyc/verify,259.4,200,2026-08-18 16:14:08.569038,
REQ503110,/api/beneficiary,17.3,200,2026-04-17 18:53:39.611666,
REQ503111,/api/transfer,330.6,200,2026-04-26 08:53:25.036862,
REQ503112,/api/transfer,187.0,200,2026-05-29 18:59:41.344739,
REQ503113,/api/balance,253.3,200,2026-08-16 10:16:45.158902,
REQ503114,/api/balance,655.1,200,2026-03-29 00:29:15.933337,
REQ503115,/api/transfer,253.0,200,2026-04-17 10:47:38.009040,
REQ503116,/api/balance,388.2,200,2026-06-10 20:16:13.582212,
REQ503117,/api/kyc/verify,46.6,200,2026-07-20 22:38:03.691872,
REQ503118,/api/kyc/verify,308.1,200,2026-04-20 03:31:41.288006,
REQ503119,/api/login,241.3,200,2026-04-23 06:27:49.209049,
REQ503120,/api/login,444.0,200,2026-06-04 02:03:36.176341,
REQ503121,/api/balance,379.7,200,2026-02-22 18:49:07.140071,
REQ503122,/api/statement,173.5,200,2026-06-21 22:13:56.669531,
REQ503123,/api/beneficiary,992.5,200,2026-04-21 12:55:19.762829,
REQ503124,/api/login,260.6,200,2026-04-23 13:25:44.081423,
REQ503125,/api/login,30.1,200,2026-04-02 21:00:18.768119,
REQ503126,/api/login,624.4,504,2026-03-24 08:39:40.869548,INC404067
REQ503127,/api/login,281.0,200,2026-06-02 05:22:24.724670,
REQ503128,/api/login,153.9,201,2026-06-24 16:51:11.209232,
REQ503129,/api/balance,83.6,200,2026-08-17 21:58:09.145348,
REQ503130,/api/beneficiary,213.7,200,2026-08-12 06:30:38.244558,
REQ503131,/api/transfer,136.4,200,2026-06-10 13:33:16.399616,
REQ503132,/api/login,113.0,200,2026-04-05 16:48:42.584604,
REQ503133,/api/transfer,278.2,401,2026-04-04 05:58:58.870788,
REQ503134,/api/kyc/verify,314.9,200,2026-05-29 21:27:20.743276,
REQ503135,/api/login,691.1,200,2026-04-10 05:59:20.246487,
REQ503136,/api/balance,122.2,200,2026-04-21 01:07:17.455659,
REQ503137,/api/transfer,508.8,200,2026-04-08 21:14:56.365491,
REQ503138,/api/kyc/verify,489.6,502,2026-06-25 01:56:53.785031,INC404072
REQ503139,/api/transfer,282.2,200,2026-05-27 17:28:26.978946,
REQ503140,/api/beneficiary,81.2,200,2026-07-01 04:01:15.163251,
REQ503141,/api/balance,99.9,504,2026-06-23 12:10:04.487113,
REQ503142,/api/transfer,571.2,200,2026-03-01 02:53:08.888592,
REQ503143,/api/login,210.8,200,2026-07-20 05:00:45.265663,
REQ503144,/api/transfer,455.6,200,2026-05-27 14:46:01.751030,
REQ503145,/api/statement,204.1,200,2026-06-23 22:33:54.927914,
REQ503146,/api/transfer,201.1,200,2026-05-19 19:33:56.482298,
REQ503147,/api/balance,122.0,200,2026-05-10 17:03:49.144341,
REQ503148,/api/kyc/verify,148.2,200,2026-03-04 20:31:10.938934,
REQ503149,/api/transfer,434.0,200,2026-03-31 15:51:10.599264,
REQ503150,/api/beneficiary,399.8,201,2026-03-23 17:37:03.551095,
REQ503151,/api/statement,169.6,200,2026-05-02 12:53:28.804970,
REQ503152,/api/beneficiary,1303.4,200,2026-05-19 20:40:28.093921,
REQ503153,/api/transfer,890.9,200,2026-03-02 09:29:07.457370,
REQ503154,/api/login,268.6,200,2026-02-26 11:10:18.663172,
REQ503155,/api/balance,353.2,200,2026-02-26 20:57:06.769585,
REQ503156,/api/login,221.8,200,2026-03-20 20:02:18.409498,
REQ503157,/api/transfer,478.2,200,2026-08-11 03:23:04.289994,
REQ503158,/api/statement,453.5,200,2026-06-29 19:00:37.653003,
REQ503159,/api/statement,185.8,200,2026-05-29 13:31:07.582755,
REQ503160,/api/beneficiary,339.4,200,2026-05-09 18:04:52.172201,
REQ503161,/api/transfer,153.5,401,2026-06-19 19:23:53.652350,
REQ503162,/api/login,513.9,200,2026-03-30 20:03:25.655619,
REQ503163,/api/login,364.8,200,2026-05-17 19:27:16.290523,
REQ503164,/api/balance,84.2,200,2026-05-02 10:47:13.383064,
REQ503165,/api/statement,154.4,200,2026-03-14 09:57:27.038068,
REQ503166,/api/statement,112.4,200,2026-05-01 02:21:49.542048,
REQ503167,/api/transfer,465.6,200,2026-03-31 05:44:25.102336,
REQ503168,/api/kyc/verify,396.0,200,2026-06-22 10:50:32.039017,
REQ503169,/api/balance,420.2,200,2026-06-02 17:44:05.354080,
REQ503170,/api/beneficiary,285.5,200,2026-08-02 03:18:44.223665,
REQ503171,/api/balance,135.4,200,2026-03-21 04:00:38.159349,
REQ503172,/api/login,664.9,200,2026-07-09 15:56:24.657829,
REQ503173,/api/beneficiary,100.2,200,2026-07-20 17:36:45.694746,
REQ503174,/api/transfer,113.5,200,2026-06-01 11:37:00.991412,
REQ503175,/api/transfer,144.1,200,2026-07-02 22:59:15.095346,
REQ503176,/api/login,232.0,200,2026-08-14 00:41:30.456456,
REQ503177,/api/beneficiary,460.3,200,2026-05-18 17:00:37.165592,
REQ503178,/api/transfer,476.9,429,2026-03-21 07:13:43.513019,
REQ503179,/api/beneficiary,213.2,200,2026-03-22 04:14:15.196235,
REQ503180,/api/balance,637.3,200,2026-06-07 11:29:47.522698,
REQ503181,/api/balance,434.3,200,2026-08-03 13:21:49.992692,
REQ503182,/api/balance,361.1,200,2026-08-11 13:14:27.555501,
REQ503183,/api/beneficiary,154.3,200,2026-05-19 22:52:12.153145,
REQ503184,/api/balance,54.8,200,2026-04-11 22:38:39.447773,
REQ503185,/api/transfer,313.6,200,2026-08-19 10:25:00.993890,
REQ503186,/api/login,43.0,200,2026-04-27 20:58:16.556311,
REQ503187,/api/kyc/verify,35.3,200,2026-08-17 06:09:14.330322,
REQ503188,/api/balance,25.1,200,2026-04-11 00:44:49.266836,
REQ503189,/api/beneficiary,711.2,200,2026-05-29 07:10:12.657391,
REQ503190,/api/transfer,612.2,400,2026-05-31 08:22:27.575243,
REQ503191,/api/transfer,482.6,200,2026-05-17 19:32:29.347505,
REQ503192,/api/transfer,234.8,200,2026-07-14 23:11:48.305709,
REQ503193,/api/statement,110.7,200,2026-03-14 15:40:19.777910,
REQ503194,/api/transfer,457.5,200,2026-03-11 00:12:42.493784,
REQ503195,/api/balance,281.6,200,2026-03-14 02:14:11.993919,
REQ503196,/api/statement,366.6,200,2026-07-05 10:37:06.801822,
REQ503197,/api/transfer,75.2,200,2026-06-10 12:40:37.864942,
REQ503198,/api/beneficiary,67.2,200,2026-08-18 11:35:45.105842,
REQ503199,/api/kyc/verify,145.0,200,2026-04-24 10:39:55.394208,
REQ503200,/api/transfer,433.3,500,2026-05-02 12:49:44.162520,INC403726
REQ503201,/api/statement,184.8,200,2026-05-14 22:42:39.626104,
REQ503202,/api/balance,414.2,200,2026-05-16 05:58:49.292151,
REQ503203,/api/kyc/verify,128.2,200,2026-08-18 15:15:06.402249,
REQ503204,/api/login,297.9,200,2026-08-04 13:39:54.303671,
REQ503205,/api/balance,116.2,200,2026-05-02 22:43:21.939592,
REQ503206,/api/kyc/verify,312.2,503,2026-05-07 16:34:40.365843,
REQ503207,/api/login,194.6,200,2026-04-17 23:05:52.613436,
REQ503208,/api/balance,593.9,200,2026-03-17 20:09:45.685443,
REQ503209,/api/beneficiary,4583.6,200,2026-08-02 14:15:56.629529,
REQ503210,/api/statement,476.9,200,2026-07-22 03:25:35.269216,
REQ503211,/api/kyc/verify,101.7,200,2026-05-21 11:42:25.974870,
REQ503212,/api/kyc/verify,280.5,200,2026-05-04 23:31:36.778918,
REQ503213,/api/login,250.2,200,2026-08-15 01:27:32.553375,
REQ503214,/api/kyc/verify,342.7,500,2026-03-09 22:20:23.892392,INC402654
REQ503215,/api/beneficiary,148.4,200,2026-05-04 03:57:48.057983,
REQ503216,/api/transfer,228.9,200,2026-03-06 13:59:22.185477,
REQ503217,/api/beneficiary,201.1,200,2026-03-10 08:50:39.599144,
REQ503218,/api/balance,145.6,200,2026-08-02 05:11:30.178580,
REQ503219,/api/login,374.0,200,2026-08-15 03:05:07.060212,
REQ503220,/api/kyc/verify,377.9,200,2026-07-21 18:49:32.167088,
REQ503221,/api/balance,654.4,200,2026-02-22 19:55:27.834518,
REQ503222,/api/beneficiary,142.7,200,2026-04-09 15:51:51.848335,
REQ503223,/api/kyc/verify,234.5,200,2026-08-08 22:45:12.923553,
REQ503224,/api/transfer,263.5,200,2026-07-24 20:45:46.284408,
REQ503225,/api/kyc/verify,3490.0,200,2026-03-02 09:31:31.962997,
REQ503226,/api/balance,202.6,200,2026-06-16 15:35:50.223966,
REQ503227,/api/transfer,148.3,200,2026-07-11 03:07:01.884143,
REQ503228,/api/transfer,161.8,429,2026-05-12 03:35:58.360653,
REQ503229,/api/login,362.2,200,2026-07-29 01:52:14.838964,
REQ503230,/api/beneficiary,404.6,200,2026-03-05 02:08:10.621092,
REQ503231,/api/login,77.7,200,2026-08-02 01:07:47.489261,
REQ503232,/api/statement,80.6,200,2026-02-25 19:07:37.483354,
REQ503233,/api/statement,324.7,200,2026-03-03 03:19:02.242985,
REQ503234,/api/statement,318.3,200,2026-04-04 03:52:26.603784,
REQ503235,/api/beneficiary,522.8,200,2026-04-13 01:35:05.399518,
REQ503236,/api/statement,241.4,200,2026-03-07 00:22:50.937055,
REQ503237,/api/transfer,159.1,200,2026-07-27 10:40:23.152965,
REQ503238,/api/beneficiary,451.6,200,2026-05-11 21:07:51.628333,
REQ503239,/api/login,392.5,200,2026-08-11 09:47:01.587810,
REQ503240,/api/beneficiary,304.1,200,2026-06-23 06:33:02.894641,
REQ503241,/api/statement,226.7,500,2026-07-29 11:22:29.684915,INC409857
REQ503242,/api/transfer,1002.3,200,2026-03-26 08:34:08.120790,
REQ503243,/api/statement,114.6,200,2026-03-26 18:21:55.674316,
REQ503244,/api/kyc/verify,468.3,200,2026-05-19 12:24:18.826967,
REQ503245,/api/balance,73.3,200,2026-06-11 01:36:58.527300,
REQ503246,/api/login,733.3,200,2026-05-04 06:45:25.363658,
REQ503247,/api/transfer,192.9,503,2026-08-15 05:28:09.014578,INC405044
REQ503248,/api/transfer,342.2,504,2026-07-15 00:16:12.555626,INC409050
REQ503249,/api/kyc/verify,696.4,200,2026-03-20 13:03:03.954100,
REQ503250,/api/balance,360.2,200,2026-05-29 06:43:23.581240,
REQ503251,/api/statement,267.6,200,2026-07-02 04:55:31.257043,
REQ503252,/api/balance,89.1,200,2026-04-05 13:46:57.915628,
REQ503253,/api/beneficiary,109.0,500,2026-06-24 11:32:42.340502,
REQ503254,/api/statement,355.5,200,2026-03-14 22:09:26.482004,
REQ503255,/api/kyc/verify,179.9,200,2026-06-09 17:15:06.834891,
REQ503256,/api/transfer,69.6,503,2026-06-03 11:22:30.236913,INC408528
REQ503257,/api/statement,179.7,200,2026-05-28 04:23:17.656096,
REQ503258,/api/kyc/verify,341.3,504,2026-06-16 16:16:48.381748,
REQ503259,/api/balance,295.5,401,2026-07-25 03:47:17.192988,
REQ503260,/api/statement,249.6,200,2026-07-09 10:33:29.628998,
REQ503261,/api/login,249.3,200,2026-06-04 16:50:10.110610,
REQ503262,/api/statement,258.2,200,2026-06-25 19:34:35.733525,
REQ503263,/api/transfer,114.2,200,2026-03-21 20:10:27.523620,
REQ503264,/api/transfer,197.1,201,2026-05-26 11:03:41.291823,
REQ503265,/api/balance,264.6,200,2026-07-05 05:07:50.975251,
REQ503266,/api/statement,485.2,200,2026-07-29 11:01:55.759355,
REQ503267,/api/transfer,431.0,200,2026-06-07 06:09:29.606953,
REQ503268,/api/transfer,148.9,200,2026-04-12 03:44:06.448690,
REQ503269,/api/transfer,294.9,502,2026-03-11 14:29:54.063668,INC409554
REQ503270,/api/beneficiary,220.5,200,2026-04-19 21:09:26.772997,
REQ503271,/api/kyc/verify,100.4,429,2026-08-05 14:12:13.760033,
REQ503272,/api/kyc/verify,209.3,200,2026-03-09 12:56:51.633186,
REQ503273,/api/login,172.3,200,2026-07-03 00:30:36.504687,
REQ503274,/api/statement,400.7,200,2026-03-05 04:39:26.641113,
REQ503275,/api/statement,172.8,401,2026-02-28 18:57:04.674679,
REQ503276,/api/balance,211.1,429,2026-07-20 02:23:40.878009,
REQ503277,/api/beneficiary,202.1,200,2026-02-24 15:08:40.345480,
REQ503278,/api/statement,133.1,504,2026-07-09 05:22:20.111912,INC407752
REQ503279,/api/statement,142.4,201,2026-03-27 01:34:58.139395,
REQ503280,/api/transfer,283.0,200,2026-07-12 02:11:34.733955,
REQ503281,/api/kyc/verify,428.7,200,2026-08-03 01:03:27.788638,
REQ503282,/api/login,278.7,200,2026-05-10 17:04:42.471049,
REQ503283,/api/transfer,82.4,200,2026-06-09 01:15:07.347939,
REQ503284,/api/kyc/verify,81.1,200,2026-06-15 23:01:39.767192,
REQ503285,/api/statement,262.1,200,2026-04-21 08:58:33.866761,
REQ503286,/api/kyc/verify,7823.7,200,2026-05-05 14:54:18.594841,
REQ503287,/api/beneficiary,70.5,200,2026-06-06 03:08:49.333546,
REQ503288,/api/balance,163.0,200,2026-05-17 06:55:06.530056,
REQ503289,/api/balance,45.7,200,2026-05-29 11:01:43.837503,
REQ503290,/api/statement,481.0,200,2026-07-01 09:34:11.368101,
REQ503291,/api/kyc/verify,357.5,200,2026-07-20 01:31:08.607510,
REQ503292,/api/transfer,149.9,200,2026-05-25 23:59:33.215322,
REQ503293,/api/transfer,226.0,200,2026-05-21 12:03:25.959319,
REQ503294,/api/transfer,297.3,200,2026-06-23 22:42:15.984868,
REQ503295,/api/balance,650.9,200,2026-03-10 07:24:16.043157,
REQ503296,/api/beneficiary,102.0,201,2026-06-01 11:07:26.236048,
REQ503297,/api/beneficiary,8759.3,201,2026-04-11 13:22:43.407200,
REQ503298,/api/transfer,617.0,200,2026-05-04 00:57:46.532919,
REQ503299,/api/beneficiary,276.2,200,2026-03-15 03:21:36.804350,
REQ503300,/api/kyc/verify,87.4,200,2026-08-17 20:39:05.558263,
REQ503301,/api/login,83.5,200,2026-05-05 19:25:35.489638,
REQ503302,/api/transfer,295.4,200,2026-07-13 11:34:30.212344,
REQ503303,/api/balance,79.1,503,2026-04-25 01:10:37.101464,
REQ503304,/api/balance,51.5,200,2026-03-03 15:11:58.655618,
REQ503305,/api/statement,337.5,200,2026-03-02 18:17:41.020058,
REQ503306,/api/statement,234.4,200,2026-04-13 12:05:27.710384,
REQ503307,/api/balance,139.0,200,2026-06-22 16:32:21.755708,
REQ503308,/api/balance,496.1,200,2026-04-19 12:29:26.952465,
REQ503309,/api/beneficiary,672.5,200,2026-06-27 21:16:25.534312,
REQ503310,/api/login,129.2,200,2026-04-06 23:40:12.277070,
REQ503311,/api/balance,99.8,200,2026-07-10 22:18:52.337093,
REQ503312,/api/login,332.9,200,2026-06-08 19:18:12.517913,
REQ503313,/api/statement,615.8,200,2026-06-16 13:44:05.348514,
REQ503314,/api/beneficiary,539.8,200,2026-04-16 04:19:37.775210,
REQ503315,/api/beneficiary,532.4,200,2026-04-01 00:19:27.806875,
REQ503316,/api/balance,98.7,200,2026-07-28 12:12:39.818410,
REQ503317,/api/statement,156.5,200,2026-05-29 18:14:44.366330,
REQ503318,/api/beneficiary,185.0,200,2026-07-02 20:58:20.121005,
REQ503319,/api/statement,168.8,200,2026-07-29 20:05:47.829432,
REQ503320,/api/beneficiary,66.4,200,2026-06-08 01:41:13.891193,
REQ503321,/api/transfer,338.8,200,2026-04-24 04:19:22.536613,
REQ503322,/api/balance,182.4,401,2026-04-07 06:16:17.721064,
REQ503323,/api/transfer,111.2,200,2026-07-28 13:43:38.300928,
REQ503324,/api/kyc/verify,535.8,200,2026-07-22 12:38:20.303699,
REQ503325,/api/statement,821.7,200,2026-03-22 20:39:11.612252,
REQ503326,/api/beneficiary,43.2,200,2026-07-12 11:37:49.193772,
REQ503327,/api/kyc/verify,205.8,200,2026-06-30 21:25:42.216667,
REQ503328,/api/balance,701.1,400,2026-07-25 17:02:17.466148,
REQ503329,/api/login,187.1,200,2026-04-13 18:03:07.514673,
REQ503330,/api/login,173.1,201,2026-03-08 07:59:23.134122,
REQ503331,/api/transfer,368.9,503,2026-07-28 01:05:49.704210,INC403718
REQ503332,/api/balance,411.5,200,2026-04-20 17:54:58.387792,
REQ503333,/api/statement,212.1,503,2026-04-15 09:58:17.548913,INC404765
REQ503334,/api/login,165.9,200,2026-03-03 23:18:41.908665,
REQ503335,/api/balance,431.5,200,2026-07-11 06:18:21.276120,
REQ503336,/api/kyc/verify,291.1,200,2026-08-08 16:19:59.352216,
REQ503337,/api/login,86.3,400,2026-03-08 23:17:07.817259,
REQ503338,/api/login,169.3,200,2026-08-15 12:20:44.770495,
REQ503339,/api/login,50.9,200,2026-07-16 16:30:46.573307,
REQ503340,/api/kyc/verify,228.3,200,2026-03-30 03:59:33.037395,
REQ503341,/api/kyc/verify,516.5,200,2026-08-19 20:13:38.379629,
REQ503342,/api/kyc/verify,60.9,200,2026-03-11 02:35:30.864749,
REQ503343,/api/transfer,225.8,200,2026-04-10 18:31:01.535526,
REQ503344,/api/login,3293.3,200,2026-07-31 07:48:01.184658,
REQ503345,/api/login,170.6,200,2026-05-05 08:23:01.411283,
REQ503346,/api/login,213.2,200,2026-05-07 17:10:26.875590,
REQ503347,/api/beneficiary,135.1,200,2026-03-11 09:59:40.698960,
REQ503348,/api/statement,683.6,200,2026-03-07 21:21:17.779541,
REQ503349,/api/kyc/verify,104.9,429,2026-04-18 02:37:33.309850,
REQ503350,/api/transfer,443.4,200,2026-04-21 21:27:07.070792,
REQ503351,/api/login,93.9,200,2026-07-10 19:03:30.303732,
REQ503352,/api/kyc/verify,182.4,200,2026-05-12 08:13:17.223180,
REQ503353,/api/kyc/verify,116.4,400,2026-08-04 11:01:53.584898,
REQ503354,/api/statement,560.1,200,2026-07-31 03:58:19.660025,
REQ503355,/api/statement,316.4,200,2026-07-24 12:25:12.586671,
REQ503356,/api/login,568.9,400,2026-06-15 12:52:43.962423,
REQ503357,/api/login,218.9,200,2026-02-23 15:18:41.281193,
REQ503358,/api/login,395.1,200,2026-08-11 11:07:07.677249,
REQ503359,/api/beneficiary,140.5,200,2026-07-17 05:10:49.826842,
REQ503360,/api/beneficiary,3419.8,200,2026-06-01 10:45:57.848914,
REQ503361,/api/balance,629.3,200,2026-07-25 12:09:32.027861,
REQ503362,/api/beneficiary,169.8,200,2026-03-08 21:49:11.796652,
REQ503363,/api/transfer,213.4,200,2026-08-03 10:20:54.268238,
REQ503364,/api/login,463.8,200,2026-05-01 10:17:22.015881,
REQ503365,/api/statement,444.4,200,2026-06-02 12:23:26.161999,
REQ503366,/api/login,223.9,200,2026-08-05 13:20:25.036410,
REQ503367,/api/transfer,190.8,200,2026-06-14 19:26:01.730319,
REQ503368,/api/login,580.0,200,2026-06-02 04:54:27.871253,
REQ503369,/api/transfer,186.0,200,2026-04-16 07:22:04.336299,
REQ503370,/api/kyc/verify,289.0,200,2026-07-25 08:06:42.506921,
REQ503371,/api/balance,676.5,400,2026-06-03 10:32:20.641087,
REQ503372,/api/statement,332.0,200,2026-04-18 21:29:49.982343,
REQ503373,/api/kyc/verify,300.6,200,2026-06-20 18:08:07.746609,
REQ503374,/api/balance,522.1,429,2026-07-02 09:44:05.406002,
REQ503375,/api/balance,702.6,500,2026-06-02 01:13:48.391823,
REQ503376,/api/beneficiary,669.1,401,2026-06-12 23:37:50.040017,
REQ503377,/api/beneficiary,204.1,200,2026-07-24 03:56:08.946166,
REQ503378,/api/login,807.3,200,2026-03-31 16:10:20.403864,
REQ503379,/api/kyc/verify,353.3,200,2026-04-05 01:44:00.206612,
REQ503380,/api/balance,111.5,200,2026-06-13 10:18:41.772586,
REQ503381,/api/balance,248.9,200,2026-05-19 09:34:32.751983,
REQ503382,/api/transfer,195.3,200,2026-07-02 08:08:29.145230,
REQ503383,/api/balance,388.1,200,2026-05-13 10:30:26.003002,
REQ503384,/api/balance,338.4,200,2026-04-20 20:39:54.226202,
REQ503385,/api/beneficiary,293.5,500,2026-03-26 02:31:26.519179,
REQ503386,/api/transfer,631.8,200,2026-08-07 21:47:00.469769,
REQ503387,/api/statement,396.0,200,2026-07-14 08:19:26.823525,
REQ503388,/api/beneficiary,600.8,429,2026-04-30 08:09:32.852368,
REQ503389,/api/transfer,372.9,200,2026-04-27 06:45:07.711978,
REQ503390,/api/kyc/verify,40.1,400,2026-07-21 13:18:11.460993,
REQ503391,/api/login,1057.3,200,2026-06-06 18:14:52.589161,
REQ503392,/api/login,359.5,200,2026-03-29 18:51:55.982580,
REQ503393,/api/transfer,174.7,200,2026-04-10 20:29:39.970623,
REQ503394,/api/login,193.2,200,2026-07-13 14:46:45.662071,
REQ503395,/api/login,89.5,200,2026-04-13 01:19:53.316978,
REQ503396,/api/login,429.8,500,2026-08-17 20:09:54.346701,INC406314
REQ503397,/api/statement,23.8,200,2026-05-20 18:54:33.014033,
REQ503398,/api/transfer,361.4,200,2026-06-13 01:25:03.295535,
REQ503399,/api/kyc/verify,41.5,503,2026-05-23 23:50:21.300405,INC400188
REQ503400,/api/balance,258.9,200,2026-08-05 18:36:17.654250,
REQ503401,/api/transfer,693.9,201,2026-07-19 03:44:46.547306,
REQ503402,/api/balance,318.4,200,2026-05-13 04:15:28.991284,
REQ503403,/api/statement,83.2,200,2026-04-24 06:46:02.253939,
REQ503404,/api/beneficiary,75.3,200,2026-05-21 08:49:43.163728,
REQ503405,/api/login,5443.6,503,2026-05-18 02:34:59.538642,INC406427
REQ503406,/api/statement,372.5,200,2026-08-12 15:52:47.162114,
REQ503407,/api/kyc/verify,152.3,502,2026-03-26 03:21:00.110510,INC408934
REQ503408,/api/balance,189.0,401,2026-03-09 14:24:40.261941,
REQ503409,/api/balance,490.1,200,2026-04-28 15:55:49.557425,
REQ503410,/api/statement,172.4,200,2026-07-23 12:50:14.050295,
REQ503411,/api/login,179.1,200,2026-04-08 01:27:36.312434,
REQ503412,/api/kyc/verify,284.9,201,2026-04-16 17:56:01.299383,
REQ503413,/api/balance,36.4,200,2026-04-10 18:20:50.406526,
REQ503414,/api/login,568.3,429,2026-08-17 00:59:03.241575,
REQ503415,/api/balance,169.2,200,2026-07-05 05:21:35.171501,
REQ503416,/api/login,213.6,504,2026-04-30 03:56:31.998065,
REQ503417,/api/login,395.2,200,2026-06-04 03:18:00.627565,
REQ503418,/api/beneficiary,85.3,200,2026-03-31 00:59:15.943000,
REQ503419,/api/kyc/verify,267.8,200,2026-06-17 22:33:34.364284,
REQ503420,/api/transfer,269.7,200,2026-05-18 08:49:39.727487,
REQ503421,/api/login,27.7,200,2026-06-02 20:51:21.416030,
REQ503422,/api/statement,76.4,200,2026-06-14 22:12:49.156565,
REQ503423,/api/statement,631.5,200,2026-07-18 12:03:27.882396,
REQ503424,/api/login,437.7,200,2026-06-02 16:52:30.201124,
REQ503425,/api/balance,644.0,201,2026-02-28 01:01:00.130084,
REQ503426,/api/login,73.2,200,2026-07-13 01:20:49.521437,
REQ503427,/api/balance,136.6,200,2026-02-22 07:31:42.350946,
REQ503428,/api/transfer,167.6,200,2026-04-14 14:00:01.877458,
REQ503429,/api/login,180.6,200,2026-03-05 10:58:45.087505,
REQ503430,/api/login,313.2,200,2026-08-09 07:15:01.048658,
REQ503431,/api/transfer,226.5,200,2026-06-24 02:16:00.737852,
REQ503432,/api/transfer,190.8,502,2026-07-04 10:30:14.978682,INC405951
REQ503433,/api/beneficiary,528.0,201,2026-07-07 10:53:35.077595,
REQ503434,/api/balance,501.9,401,2026-06-27 13:03:19.795318,
REQ503435,/api/beneficiary,168.5,200,2026-05-21 10:28:48.392692,
REQ503436,/api/kyc/verify,269.4,200,2026-05-27 18:54:30.944295,
REQ503437,/api/transfer,361.7,200,2026-03-21 15:51:35.259601,
REQ503438,/api/kyc/verify,794.9,200,2026-05-03 04:30:08.490514,
REQ503439,/api/login,338.7,500,2026-04-16 17:58:19.179684,INC408472
REQ503440,/api/balance,85.4,200,2026-03-30 21:48:44.018586,
REQ503441,/api/kyc/verify,88.5,200,2026-07-01 21:20:54.551171,
REQ503442,/api/login,208.3,200,2026-05-21 03:11:11.968325,
REQ503443,/api/login,430.0,200,2026-06-13 03:44:59.294951,
REQ503444,/api/transfer,268.6,200,2026-03-20 05:19:25.368070,
REQ503445,/api/balance,307.1,200,2026-07-23 10:41:19.823419,
REQ503446,/api/transfer,138.7,200,2026-06-11 05:30:08.055504,
REQ503447,/api/login,324.6,200,2026-07-08 07:32:29.577340,
REQ503448,/api/kyc/verify,224.8,200,2026-04-07 09:08:54.852719,
REQ503449,/api/kyc/verify,35.5,200,2026-04-17 01:18:50.952441,
REQ503450,/api/beneficiary,167.0,200,2026-07-18 18:59:37.718804,
REQ503451,/api/transfer,32.0,200,2026-03-20 04:25:23.085051,
REQ503452,/api/transfer,43.2,200,2026-06-07 15:35:49.029927,
REQ503453,/api/transfer,343.3,200,2026-03-23 14:17:38.179913,
REQ503454,/api/statement,189.1,200,2026-06-24 19:09:32.042138,
REQ503455,/api/login,517.5,502,2026-08-01 00:19:03.342239,INC406263
REQ503456,/api/kyc/verify,389.4,201,2026-05-04 08:59:38.746797,
REQ503457,/api/transfer,919.1,200,2026-03-02 06:41:43.292781,
REQ503458,/api/statement,87.7,200,2026-06-11 18:05:39.944037,
REQ503459,/api/beneficiary,698.0,200,2026-04-24 03:08:55.275017,
REQ503460,/api/login,394.1,200,2026-05-02 23:31:41.143681,
REQ503461,/api/kyc/verify,528.5,200,2026-04-23 13:16:39.737690,
REQ503462,/api/beneficiary,112.7,200,2026-08-15 18:48:44.441490,
REQ503463,/api/login,426.6,200,2026-02-24 18:42:31.862001,
REQ503464,/api/kyc/verify,313.1,200,2026-07-29 17:10:09.628407,
REQ503465,/api/transfer,379.4,200,2026-05-27 03:52:21.743050,
REQ503466,/api/statement,269.7,429,2026-06-09 21:55:57.156873,
REQ503467,/api/balance,599.4,200,2026-03-10 14:14:37.165650,
REQ503468,/api/kyc/verify,203.1,200,2026-04-21 17:57:21.094417,
REQ503469,/api/transfer,95.2,200,2026-07-20 14:19:25.993655,
REQ503470,/api/kyc/verify,186.2,200,2026-02-26 16:35:07.327158,
REQ503471,/api/kyc/verify,118.2,200,2026-02-26 02:26:36.138884,
REQ503472,/api/transfer,75.6,200,2026-03-26 15:04:05.003693,
REQ503473,/api/statement,374.7,400,2026-07-10 01:12:16.308165,
REQ503474,/api/beneficiary,87.9,200,2026-05-23 00:39:09.038156,
REQ503475,/api/transfer,348.7,200,2026-04-13 05:29:51.433890,
REQ503476,/api/transfer,613.3,200,2026-07-19 18:01:44.569811,
REQ503477,/api/kyc/verify,845.1,401,2026-06-21 21:30:27.850191,
REQ503478,/api/statement,299.3,503,2026-08-08 02:51:31.867909,
REQ503479,/api/balance,252.6,429,2026-04-29 09:55:10.732506,
REQ503480,/api/transfer,1424.2,200,2026-03-24 22:50:11.705883,
REQ503481,/api/kyc/verify,228.9,200,2026-04-29 18:55:57.541594,
REQ503482,/api/login,103.9,200,2026-06-17 13:36:45.076544,
REQ503483,/api/statement,139.5,200,2026-05-11 23:59:32.306016,
REQ503484,/api/login,61.4,200,2026-05-30 22:49:30.355011,
REQ503485,/api/statement,181.6,200,2026-08-07 10:41:44.552764,
REQ503486,/api/transfer,509.4,200,2026-05-04 05:49:41.261281,
REQ503487,/api/balance,505.7,200,2026-08-10 19:14:29.520031,
REQ503488,/api/login,104.2,200,2026-08-19 15:36:50.295410,
REQ503489,/api/login,97.1,200,2026-03-13 00:12:09.994072,
REQ503490,/api/beneficiary,536.3,200,2026-06-08 08:02:54.731661,
REQ503491,/api/login,561.0,200,2026-06-10 15:25:59.799056,
REQ503492,/api/beneficiary,199.8,200,2026-07-13 11:59:03.344787,
REQ503493,/api/statement,392.5,200,2026-07-17 16:03:12.049456,
REQ503494,/api/login,328.6,200,2026-05-23 06:59:06.057609,
REQ503495,/api/kyc/verify,365.1,201,2026-05-26 17:38:10.187395,
REQ503496,/api/kyc/verify,126.5,504,2026-05-26 18:17:02.063388,
REQ503497,/api/beneficiary,220.1,200,2026-07-01 06:09:10.278451,
REQ503498,/api/kyc/verify,186.7,200,2026-06-19 08:29:33.302905,
REQ503499,/api/balance,341.4,200,2026-07-06 22:32:16.424125,
REQ503500,/api/statement,405.2,200,2026-02-23 13:59:06.921844,
REQ503501,/api/kyc/verify,169.6,200,2026-08-14 14:26:29.967922,
REQ503502,/api/kyc/verify,148.8,200,2026-08-07 11:06:26.353710,
REQ503503,/api/transfer,127.6,200,2026-05-05 12:48:08.712889,
REQ503504,/api/balance,335.8,200,2026-03-01 04:38:24.096046,
REQ503505,/api/login,161.8,200,2026-05-04 20:37:58.549438,
REQ503506,/api/statement,110.9,200,2026-06-13 16:23:45.332855,
REQ503507,/api/login,404.1,200,2026-08-08 06:50:45.064091,
REQ503508,/api/login,125.7,400,2026-05-16 03:39:47.912142,
REQ503509,/api/login,410.0,200,2026-03-13 07:04:37.525580,
REQ503510,/api/kyc/verify,148.4,200,2026-04-11 07:08:51.617416,
REQ503511,/api/beneficiary,441.8,200,2026-03-06 00:53:24.527497,
REQ503512,/api/statement,123.4,201,2026-05-04 20:30:58.029467,
REQ503513,/api/balance,226.9,200,2026-02-24 23:19:00.221874,
REQ503514,/api/beneficiary,143.3,200,2026-04-27 14:11:49.532381,
REQ503515,/api/transfer,615.4,200,2026-06-06 21:16:08.713137,
REQ503516,/api/kyc/verify,363.8,200,2026-05-18 18:46:23.649442,
REQ503517,/api/statement,196.6,200,2026-08-04 16:37:17.064248,
REQ503518,/api/beneficiary,174.9,200,2026-05-19 13:18:20.453955,
REQ503519,/api/statement,171.5,200,2026-05-20 03:37:08.191914,
REQ503520,/api/kyc/verify,170.7,504,2026-05-09 12:47:34.084361,INC401176
REQ503521,/api/balance,289.3,200,2026-05-01 11:22:46.748321,
REQ503522,/api/beneficiary,489.1,200,2026-04-05 19:33:34.211834,
REQ503523,/api/beneficiary,192.0,200,2026-04-19 23:19:55.310640,
REQ503524,/api/beneficiary,132.0,200,2026-03-10 00:18:44.040544,
REQ503525,/api/login,681.2,500,2026-06-18 05:49:11.379910,
REQ503526,/api/kyc/verify,569.8,200,2026-05-18 04:58:31.033095,
REQ503527,/api/login,363.0,200,2026-08-13 03:51:03.352033,
REQ503528,/api/statement,573.2,200,2026-07-10 04:57:43.580879,
REQ503529,/api/transfer,82.6,200,2026-08-18 13:19:16.727745,
REQ503530,/api/statement,165.5,200,2026-04-13 00:01:11.884222,
REQ503531,/api/balance,503.5,200,2026-06-06 12:05:55.915810,
REQ503532,/api/statement,469.4,200,2026-03-16 00:51:54.486324,
REQ503533,/api/kyc/verify,586.1,502,2026-05-15 19:02:59.886777,
REQ503534,/api/transfer,444.9,400,2026-04-25 16:47:19.248637,
REQ503535,/api/statement,107.8,200,2026-07-11 21:27:24.767084,
REQ503536,/api/balance,207.0,200,2026-05-24 01:24:52.652265,
REQ503537,/api/beneficiary,75.2,200,2026-07-12 11:45:03.712848,
REQ503538,/api/statement,417.0,200,2026-05-25 11:44:59.831313,
REQ503539,/api/statement,711.1,200,2026-04-27 12:28:38.183431,
REQ503540,/api/balance,128.1,200,2026-06-06 04:21:47.040675,
REQ503541,/api/beneficiary,118.1,200,2026-06-30 14:09:31.680484,
REQ503542,/api/login,220.8,200,2026-04-01 17:37:54.459815,
REQ503543,/api/statement,57.3,200,2026-04-29 23:27:59.835785,
REQ503544,/api/balance,98.4,200,2026-06-17 21:44:45.721025,
REQ503545,/api/statement,244.6,502,2026-05-31 08:19:41.959592,
REQ503546,/api/balance,284.3,200,2026-06-16 02:21:10.255222,
REQ503547,/api/transfer,82.0,200,2026-06-03 16:08:17.546394,
REQ503548,/api/kyc/verify,713.4,200,2026-05-06 10:54:50.974504,
REQ503549,/api/balance,438.7,200,2026-07-10 11:09:04.821128,
REQ503550,/api/statement,109.9,200,2026-07-02 09:20:03.493685,
REQ503551,/api/beneficiary,235.7,200,2026-04-09 11:53:02.022581,
REQ503552,/api/kyc/verify,378.8,200,2026-07-15 22:16:26.047182,
REQ503553,/api/transfer,247.8,200,2026-07-17 07:25:42.808338,
REQ503554,/api/statement,267.9,200,2026-06-28 08:11:21.864476,
REQ503555,/api/beneficiary,138.4,500,2026-08-06 16:00:24.457788,INC406184
REQ503556,/api/statement,339.0,200,2026-08-02 06:05:46.884424,
REQ503557,/api/kyc/verify,424.6,200,2026-08-06 07:09:08.089983,
REQ503558,/api/balance,671.0,200,2026-08-12 07:59:32.700275,
REQ503559,/api/kyc/verify,325.1,200,2026-03-28 18:37:05.428784,
REQ503560,/api/transfer,49.9,200,2026-03-14 13:15:36.012806,
REQ503561,/api/statement,120.1,401,2026-03-14 17:35:07.651345,
REQ503562,/api/transfer,444.4,200,2026-05-31 02:22:02.042423,
REQ503563,/api/statement,500.4,200,2026-03-24 18:09:41.176419,
REQ503564,/api/balance,8888.4,200,2026-06-22 22:57:53.558670,
REQ503565,/api/transfer,266.0,200,2026-03-04 23:09:08.517410,
REQ503566,/api/beneficiary,353.5,201,2026-06-29 03:28:40.289211,
REQ503567,/api/kyc/verify,137.6,200,2026-04-30 08:12:41.708830,
REQ503568,/api/statement,501.1,504,2026-08-05 19:18:39.872799,
REQ503569,/api/transfer,35.5,500,2026-08-17 20:18:27.165084,INC404552
REQ503570,/api/login,281.7,200,2026-02-28 12:40:33.501248,
REQ503571,/api/kyc/verify,743.3,200,2026-07-10 01:24:59.750984,
REQ503572,/api/statement,339.5,200,2026-06-23 09:31:14.105817,
REQ503573,/api/statement,328.6,200,2026-07-30 07:06:04.552281,
REQ503574,/api/balance,1312.9,200,2026-05-03 13:19:45.450950,
REQ503575,/api/balance,198.1,200,2026-03-09 06:51:40.528454,
REQ503576,/api/kyc/verify,361.7,200,2026-05-12 12:25:04.278474,
REQ503577,/api/balance,310.0,200,2026-05-31 10:50:21.495310,
REQ503578,/api/kyc/verify,227.3,200,2026-05-21 20:09:10.387158,
REQ503579,/api/login,621.3,200,2026-04-15 16:22:32.907056,
REQ503580,/api/beneficiary,271.4,200,2026-06-07 09:32:47.966146,
REQ503581,/api/transfer,117.7,200,2026-04-12 05:21:44.184176,
REQ503582,/api/beneficiary,6.9,200,2026-04-24 18:24:28.958184,
REQ503583,/api/transfer,283.8,400,2026-07-11 20:29:01.821461,
REQ503584,/api/transfer,248.6,400,2026-07-12 10:06:18.255441,
REQ503585,/api/login,231.7,200,2026-06-04 15:30:07.031234,
REQ503586,/api/transfer,47.2,200,2026-04-11 10:13:37.056333,
REQ503587,/api/login,134.6,200,2026-03-23 14:23:55.469499,
REQ503588,/api/kyc/verify,133.6,504,2026-07-07 03:52:05.815170,INC408939
REQ503589,/api/statement,242.5,200,2026-04-13 18:31:05.914080,
REQ503590,/api/statement,83.5,503,2026-03-02 19:01:46.260259,
REQ503591,/api/statement,453.0,200,2026-07-18 11:56:51.198194,
REQ503592,/api/balance,241.6,200,2026-04-21 19:21:29.199739,
REQ503593,/api/login,323.4,500,2026-05-31 13:15:30.832780,
REQ503594,/api/statement,693.3,200,2026-04-21 14:56:48.509677,
REQ503595,/api/transfer,639.5,200,2026-05-06 03:17:15.313140,
REQ503596,/api/beneficiary,120.1,200,2026-06-24 18:34:42.669663,
REQ503597,/api/kyc/verify,93.4,200,2026-03-19 23:06:52.407274,
REQ503598,/api/balance,257.6,200,2026-07-08 07:47:49.545700,
REQ503599,/api/beneficiary,672.3,200,2026-05-18 15:17:53.967917,
REQ503600,/api/balance,591.5,200,2026-07-22 10:36:17.656896,
REQ503601,/api/transfer,39.1,200,2026-07-13 10:02:07.747935,
REQ503602,/api/transfer,65.7,200,2026-03-21 21:55:09.396718,
REQ503603,/api/login,371.6,200,2026-06-14 15:21:16.923145,
REQ503604,/api/kyc/verify,146.8,200,2026-07-23 13:49:16.427038,
REQ503605,/api/statement,168.9,200,2026-04-26 10:57:53.566017,
REQ503606,/api/transfer,192.3,200,2026-06-10 18:49:26.035001,
REQ503607,/api/login,157.0,502,2026-03-06 15:24:23.801638,
REQ503608,/api/transfer,406.2,504,2026-06-02 00:12:16.836975,INC408758
REQ503609,/api/balance,193.5,200,2026-05-10 10:30:22.421058,
REQ503610,/api/kyc/verify,73.6,200,2026-08-02 07:29:00.468414,
REQ503611,/api/kyc/verify,844.3,200,2026-05-05 01:46:53.050174,
REQ503612,/api/login,734.0,200,2026-04-10 14:07:50.561539,
REQ503613,/api/balance,914.0,200,2026-04-15 10:05:57.861453,
REQ503614,/api/kyc/verify,624.5,200,2026-08-16 14:29:03.704924,
REQ503615,/api/transfer,189.9,200,2026-04-18 20:01:36.474464,
REQ503616,/api/statement,929.8,200,2026-06-25 02:32:04.111367,
REQ503617,/api/transfer,183.3,401,2026-04-23 21:45:31.184974,
REQ503618,/api/kyc/verify,452.8,200,2026-04-06 22:56:41.264442,
REQ503619,/api/statement,400.1,200,2026-05-21 03:59:09.351215,
REQ503620,/api/login,551.8,200,2026-06-17 07:53:47.206592,
REQ503621,/api/beneficiary,250.1,200,2026-03-20 02:32:56.227088,
REQ503622,/api/beneficiary,152.1,200,2026-06-20 00:38:34.884208,
REQ503623,/api/login,318.9,200,2026-02-28 09:44:39.947765,
REQ503624,/api/beneficiary,261.9,504,2026-03-20 16:22:10.613460,
REQ503625,/api/balance,569.3,200,2026-07-06 14:50:17.585340,
REQ503626,/api/balance,221.3,429,2026-05-09 11:57:55.051281,
REQ503627,/api/statement,325.0,504,2026-04-25 23:43:15.006979,INC400858
REQ503628,/api/beneficiary,401.1,200,2026-07-04 15:32:34.860209,
REQ503629,/api/beneficiary,262.0,200,2026-02-22 22:56:06.392974,
REQ503630,/api/beneficiary,157.0,500,2026-03-12 22:36:02.805173,INC409242
REQ503631,/api/statement,361.2,200,2026-04-18 22:36:34.043880,
REQ503632,/api/kyc/verify,560.0,200,2026-06-15 15:09:03.775969,
REQ503633,/api/statement,265.1,200,2026-04-10 21:58:10.296447,
REQ503634,/api/balance,83.0,200,2026-03-08 03:45:00.324768,
REQ503635,/api/statement,456.6,200,2026-05-25 17:01:15.468687,
REQ503636,/api/kyc/verify,113.0,200,2026-03-28 12:01:24.163029,
REQ503637,/api/balance,69.5,200,2026-06-09 22:34:12.460994,
REQ503638,/api/balance,322.4,502,2026-04-09 10:20:01.544060,
REQ503639,/api/login,428.9,500,2026-06-08 03:56:20.161494,INC407147
REQ503640,/api/kyc/verify,384.5,401,2026-03-01 22:51:51.956131,
REQ503641,/api/beneficiary,299.5,200,2026-03-11 21:06:45.438260,
REQ503642,/api/beneficiary,206.3,200,2026-07-10 01:32:52.809630,
REQ503643,/api/login,356.4,200,2026-06-19 14:53:32.077225,
REQ503644,/api/kyc/verify,372.2,200,2026-05-31 11:41:59.115343,
REQ503645,/api/beneficiary,510.7,200,2026-04-26 18:14:42.803693,
REQ503646,/api/beneficiary,215.7,200,2026-07-28 19:35:01.883896,
REQ503647,/api/beneficiary,363.6,200,2026-03-08 18:54:28.298955,
REQ503648,/api/kyc/verify,156.5,200,2026-04-25 13:52:41.030647,
REQ503649,/api/beneficiary,3089.4,200,2026-03-08 19:18:27.857066,
REQ503650,/api/transfer,423.2,200,2026-05-01 20:59:53.734295,
REQ503651,/api/kyc/verify,110.4,200,2026-07-02 04:47:20.499352,
REQ503652,/api/beneficiary,170.7,200,2026-06-19 04:33:45.417020,
REQ503653,/api/transfer,301.8,200,2026-04-30 09:57:00.518881,
REQ503654,/api/beneficiary,175.1,200,2026-08-16 08:17:20.998074,
REQ503655,/api/transfer,457.1,200,2026-06-02 01:46:08.412275,
REQ503656,/api/beneficiary,501.8,200,2026-06-10 04:05:15.781916,
REQ503657,/api/transfer,252.5,200,2026-05-24 08:21:09.722581,
REQ503658,/api/beneficiary,208.5,200,2026-03-17 04:42:23.570637,
REQ503659,/api/balance,137.7,200,2026-06-17 21:34:02.696470,
REQ503660,/api/beneficiary,101.7,200,2026-03-07 11:10:48.012279,
REQ503661,/api/login,71.9,200,2026-05-16 17:06:19.584674,
REQ503662,/api/kyc/verify,113.1,200,2026-07-06 06:19:32.356688,
REQ503663,/api/transfer,276.1,400,2026-08-02 15:41:11.902586,
REQ503664,/api/balance,446.5,200,2026-05-27 12:05:01.149623,
REQ503665,/api/balance,96.9,200,2026-08-16 18:48:04.196189,
REQ503666,/api/kyc/verify,70.3,400,2026-08-12 19:43:44.896778,
REQ503667,/api/statement,88.8,200,2026-05-13 19:50:59.302472,
REQ503668,/api/kyc/verify,395.7,400,2026-02-28 07:28:19.796240,
REQ503669,/api/beneficiary,434.2,200,2026-03-23 19:33:41.701487,
REQ503670,/api/beneficiary,400.5,200,2026-03-14 14:36:53.353941,
REQ503671,/api/login,150.0,200,2026-07-18 13:10:02.485505,
REQ503672,/api/statement,358.2,200,2026-08-13 21:18:52.576555,
REQ503673,/api/balance,277.3,200,2026-07-07 06:36:58.089315,
REQ503674,/api/balance,110.5,502,2026-03-18 11:57:40.062726,
REQ503675,/api/beneficiary,370.0,500,2026-05-27 10:15:15.773035,
REQ503676,/api/kyc/verify,249.4,200,2026-06-26 09:27:30.872457,
REQ503677,/api/beneficiary,618.1,200,2026-05-03 00:30:42.977547,
REQ503678,/api/statement,275.4,200,2026-03-17 04:51:14.164940,
REQ503679,/api/login,279.3,200,2026-06-30 11:49:49.898742,
REQ503680,/api/beneficiary,65.0,400,2026-07-21 01:14:30.079284,
REQ503681,/api/transfer,377.9,200,2026-05-04 14:41:41.781122,
REQ503682,/api/kyc/verify,132.8,200,2026-03-29 10:11:57.108673,
REQ503683,/api/login,174.6,200,2026-03-22 17:55:54.140392,
REQ503684,/api/transfer,527.6,200,2026-03-16 06:07:24.564396,
REQ503685,/api/beneficiary,220.6,200,2026-08-05 00:10:42.670515,
REQ503686,/api/beneficiary,36.4,200,2026-07-24 13:08:06.627177,
REQ503687,/api/login,205.8,200,2026-04-27 22:45:07.518482,
REQ503688,/api/beneficiary,252.5,200,2026-03-23 04:54:42.580537,
REQ503689,/api/kyc/verify,182.3,200,2026-06-15 16:43:49.994950,
REQ503690,/api/login,258.8,200,2026-05-10 23:58:07.406896,
REQ503691,/api/beneficiary,150.8,200,2026-03-08 12:20:39.663338,
REQ503692,/api/login,105.9,200,2026-02-28 13:55:55.765306,
REQ503693,/api/kyc/verify,5664.4,200,2026-04-05 22:45:54.389121,
REQ503694,/api/kyc/verify,24.5,200,2026-06-23 07:12:38.883025,
REQ503695,/api/beneficiary,77.6,200,2026-06-03 11:57:47.705817,
REQ503696,/api/login,110.2,200,2026-07-01 02:46:31.206622,
REQ503697,/api/kyc/verify,174.5,200,2026-06-01 15:59:40.297640,
REQ503698,/api/beneficiary,281.0,400,2026-03-15 07:53:57.613647,
REQ503699,/api/statement,47.6,200,2026-07-19 17:27:51.028811,
REQ503700,/api/balance,485.7,200,2026-03-01 04:28:54.028143,
REQ503701,/api/balance,19.1,200,2026-04-24 06:31:54.457597,
REQ503702,/api/statement,564.4,200,2026-05-21 14:12:22.013649,
REQ503703,/api/beneficiary,410.5,401,2026-05-31 12:08:33.322253,
REQ503704,/api/login,107.0,200,2026-05-11 04:53:26.949103,
REQ503705,/api/balance,462.8,200,2026-07-03 11:51:33.598032,
REQ503706,/api/beneficiary,420.6,200,2026-05-31 19:01:21.482118,
REQ503707,/api/balance,240.7,200,2026-05-15 21:00:22.549628,
REQ503708,/api/kyc/verify,221.2,200,2026-03-23 03:41:03.321407,
REQ503709,/api/transfer,161.8,200,2026-04-21 22:44:37.679020,
REQ503710,/api/balance,60.7,200,2026-08-06 17:00:27.728834,
REQ503711,/api/statement,308.2,200,2026-05-24 07:34:16.511853,
REQ503712,/api/login,91.4,200,2026-07-27 10:08:09.320079,
REQ503713,/api/login,613.7,200,2026-05-28 18:47:17.272625,
REQ503714,/api/balance,127.9,200,2026-05-20 04:01:39.496357,
REQ503715,/api/balance,127.3,200,2026-07-09 05:32:02.143074,
REQ503716,/api/kyc/verify,761.8,200,2026-03-25 03:21:29.494486,
REQ503717,/api/transfer,658.3,200,2026-05-04 22:14:52.503565,
REQ503718,/api/balance,90.0,200,2026-07-11 01:16:38.915236,
REQ503719,/api/kyc/verify,544.2,200,2026-03-16 04:38:37.279258,
REQ503720,/api/statement,767.0,200,2026-08-06 14:29:06.922757,
REQ503721,/api/transfer,412.0,200,2026-08-16 07:21:36.892089,
REQ503722,/api/kyc/verify,487.7,200,2026-05-21 13:56:24.132197,
REQ503723,/api/kyc/verify,163.7,200,2026-07-03 16:21:14.925549,
REQ503724,/api/login,175.0,200,2026-06-13 00:27:16.318266,
REQ503725,/api/kyc/verify,172.8,503,2026-04-25 09:42:08.492483,
REQ503726,/api/beneficiary,477.0,200,2026-05-04 21:49:50.656235,
REQ503727,/api/transfer,197.1,200,2026-05-02 09:23:56.346937,
REQ503728,/api/balance,320.3,503,2026-07-31 21:44:54.895441,INC407136
REQ503729,/api/beneficiary,123.9,429,2026-05-12 19:33:47.753016,
REQ503730,/api/balance,549.8,200,2026-02-22 10:39:08.244500,
REQ503731,/api/kyc/verify,311.9,200,2026-03-31 15:11:16.965954,
REQ503732,/api/statement,89.3,200,2026-07-10 17:44:08.566629,
REQ503733,/api/kyc/verify,217.0,200,2026-07-19 08:39:56.072333,
REQ503734,/api/transfer,189.5,200,2026-07-02 16:22:34.822543,
REQ503735,/api/transfer,252.4,200,2026-06-22 15:19:43.074850,
REQ503736,/api/login,347.0,200,2026-06-22 16:11:58.005988,
REQ503737,/api/balance,365.8,200,2026-06-25 22:08:40.968182,
REQ503738,/api/kyc/verify,357.5,201,2026-04-17 03:00:43.851784,
REQ503739,/api/transfer,406.6,200,2026-06-04 18:59:22.031921,
REQ503740,/api/kyc/verify,299.2,200,2026-04-11 20:40:35.929842,
REQ503741,/api/transfer,156.4,200,2026-05-03 16:36:09.168409,
REQ503742,/api/transfer,293.8,200,2026-07-22 02:53:40.613186,
REQ503743,/api/beneficiary,239.4,200,2026-06-21 15:25:51.658495,
REQ503744,/api/login,379.9,200,2026-08-18 12:47:32.366997,
REQ503745,/api/kyc/verify,8056.9,200,2026-07-15 11:41:36.158068,
REQ503746,/api/balance,381.2,200,2026-08-18 00:10:46.050917,
REQ503747,/api/statement,419.1,200,2026-07-02 07:47:46.616020,
REQ503748,/api/login,4912.8,502,2026-03-25 23:30:37.535451,INC405820
REQ503749,/api/login,72.3,200,2026-03-16 15:49:31.469144,
REQ503750,/api/transfer,276.3,503,2026-04-07 14:24:06.540283,
REQ503751,/api/transfer,210.9,200,2026-07-14 05:07:30.809235,
REQ503752,/api/kyc/verify,148.9,200,2026-08-12 22:55:35.942262,
REQ503753,/api/transfer,216.9,200,2026-03-31 07:52:19.886041,
REQ503754,/api/kyc/verify,163.6,429,2026-03-24 23:41:39.766307,
REQ503755,/api/transfer,57.2,500,2026-06-05 16:23:28.384303,
REQ503756,/api/kyc/verify,67.7,200,2026-07-26 14:20:39.129566,
REQ503757,/api/login,384.4,201,2026-05-06 18:55:37.637980,
REQ503758,/api/transfer,370.9,200,2026-05-17 08:50:58.512843,
REQ503759,/api/balance,193.3,200,2026-04-19 12:54:30.000694,
REQ503760,/api/kyc/verify,207.4,200,2026-04-01 16:16:58.751439,
REQ503761,/api/statement,663.3,200,2026-03-02 23:42:06.094480,
REQ503762,/api/transfer,167.3,200,2026-03-29 03:34:44.046295,
REQ503763,/api/statement,298.0,200,2026-07-16 12:14:14.927194,
REQ503764,/api/kyc/verify,299.4,200,2026-07-15 11:09:54.868031,
REQ503765,/api/balance,238.1,200,2026-06-16 15:11:20.938322,
REQ503766,/api/kyc/verify,171.5,200,2026-04-10 17:36:35.544368,
REQ503767,/api/balance,807.9,200,2026-06-12 07:46:40.212193,
REQ503768,/api/balance,212.5,200,2026-06-15 19:20:17.312829,
REQ503769,/api/transfer,129.6,200,2026-03-17 10:41:10.138687,
REQ503770,/api/balance,52.4,200,2026-05-09 22:23:59.300664,
REQ503771,/api/login,603.6,200,2026-02-21 01:31:25.341737,
REQ503772,/api/kyc/verify,427.4,200,2026-07-21 17:12:46.759751,
REQ503773,/api/kyc/verify,589.9,200,2026-04-01 17:20:17.907383,
REQ503774,/api/transfer,322.8,200,2026-03-15 12:54:09.643384,
REQ503775,/api/balance,194.3,200,2026-03-21 23:05:20.864273,
REQ503776,/api/kyc/verify,437.6,200,2026-04-04 01:10:57.753147,
REQ503777,/api/kyc/verify,655.2,200,2026-04-21 12:12:00.412124,
REQ503778,/api/kyc/verify,77.4,200,2026-04-15 06:28:16.954816,
REQ503779,/api/statement,636.8,503,2026-04-27 07:01:23.178392,INC401346
REQ503780,/api/balance,130.4,200,2026-05-10 02:46:42.179130,
REQ503781,/api/beneficiary,190.6,200,2026-04-28 12:51:39.478406,
REQ503782,/api/transfer,330.9,200,2026-04-14 01:55:27.040065,
REQ503783,/api/statement,384.5,200,2026-07-08 23:00:43.234277,
REQ503784,/api/kyc/verify,122.9,200,2026-05-11 00:55:59.940852,
REQ503785,/api/transfer,484.8,500,2026-07-12 22:58:38.882550,
REQ503786,/api/statement,538.8,200,2026-04-14 19:33:03.728210,
REQ503787,/api/transfer,123.6,400,2026-06-17 13:08:10.164351,
REQ503788,/api/statement,74.5,200,2026-07-31 20:39:33.244175,
REQ503789,/api/login,93.0,502,2026-05-25 15:15:19.393619,INC401997
REQ503790,/api/transfer,185.7,200,2026-07-08 02:43:58.219811,
REQ503791,/api/balance,152.9,200,2026-07-07 23:44:41.267965,
REQ503792,/api/login,152.3,200,2026-02-23 11:33:27.396485,
REQ503793,/api/kyc/verify,321.3,200,2026-06-23 04:34:29.512801,
REQ503794,/api/transfer,1182.2,200,2026-05-25 22:58:18.655422,
REQ503795,/api/beneficiary,145.8,200,2026-06-21 13:42:27.970651,
REQ503796,/api/beneficiary,527.6,200,2026-02-21 13:05:58.707776,
REQ503797,/api/balance,276.2,429,2026-05-08 17:21:22.765156,
REQ503798,/api/kyc/verify,387.8,200,2026-04-03 06:52:53.095265,
REQ503799,/api/balance,382.5,200,2026-03-09 19:53:40.839610,
REQ503800,/api/statement,94.7,200,2026-08-04 19:05:26.731199,
REQ503801,/api/statement,139.1,500,2026-03-17 03:49:45.156153,INC401188
REQ503802,/api/kyc/verify,84.0,401,2026-08-02 07:37:09.894283,
REQ503803,/api/transfer,112.6,200,2026-04-13 19:12:01.518715,
REQ503804,/api/beneficiary,103.2,200,2026-08-05 09:43:02.687071,
REQ503805,/api/balance,595.5,200,2026-04-27 23:27:27.450955,
REQ503806,/api/login,58.0,200,2026-08-16 04:12:22.132947,
REQ503807,/api/transfer,353.1,200,2026-05-14 13:32:42.642899,
REQ503808,/api/statement,555.9,200,2026-02-23 02:46:31.577190,
REQ503809,/api/beneficiary,354.0,200,2026-03-20 04:00:39.763659,
REQ503810,/api/kyc/verify,523.8,200,2026-02-28 06:26:04.809518,
REQ503811,/api/statement,330.0,200,2026-06-20 04:17:35.722602,
REQ503812,/api/beneficiary,51.8,200,2026-04-24 05:11:43.631393,
REQ503813,/api/balance,191.3,200,2026-03-18 09:35:29.918938,
REQ503814,/api/statement,749.2,200,2026-07-05 07:26:53.519987,
REQ503815,/api/balance,341.3,200,2026-06-10 16:38:40.554136,
REQ503816,/api/login,417.1,200,2026-06-22 19:37:00.816224,
REQ503817,/api/login,153.6,401,2026-07-31 11:47:59.863612,
REQ503818,/api/balance,765.4,200,2026-02-27 10:15:20.134329,
REQ503819,/api/transfer,112.9,200,2026-03-29 00:27:29.690245,
REQ503820,/api/beneficiary,537.2,200,2026-04-18 21:56:59.450821,
REQ503821,/api/login,320.0,200,2026-05-21 13:24:04.097560,
REQ503822,/api/login,155.5,201,2026-04-17 20:17:45.677245,
REQ503823,/api/balance,415.7,200,2026-04-22 00:24:35.021465,
REQ503824,/api/balance,166.6,200,2026-04-27 14:17:23.960814,
REQ503825,/api/statement,30.3,200,2026-08-10 13:35:31.017408,
REQ503826,/api/beneficiary,272.2,200,2026-03-06 06:31:56.084832,
REQ503827,/api/balance,342.2,200,2026-04-21 08:36:21.724659,
REQ503828,/api/login,88.4,200,2026-05-30 08:49:01.986545,
REQ503829,/api/kyc/verify,158.1,200,2026-08-07 00:06:27.398237,
REQ503830,/api/login,225.4,200,2026-04-07 10:47:57.046460,
REQ503831,/api/beneficiary,270.0,200,2026-06-28 04:04:34.247576,
REQ503832,/api/login,82.1,200,2026-07-30 04:29:48.769728,
REQ503833,/api/statement,120.9,200,2026-08-07 22:30:00.211316,
REQ503834,/api/transfer,1029.5,200,2026-03-11 11:31:56.393709,
REQ503835,/api/statement,253.6,200,2026-05-01 09:22:57.350067,
REQ503836,/api/statement,318.2,200,2026-05-14 06:50:46.983200,
REQ503837,/api/login,342.0,401,2026-06-10 06:46:28.885613,
REQ503838,/api/transfer,248.7,200,2026-04-20 09:43:22.195603,
REQ503839,/api/kyc/verify,5795.2,500,2026-06-17 05:24:22.095962,INC404778
REQ503840,/api/kyc/verify,141.2,201,2026-05-10 00:11:52.084704,
REQ503841,/api/transfer,306.7,502,2026-03-15 17:07:34.950364,INC408332
REQ503842,/api/balance,196.4,200,2026-03-05 16:31:30.570756,
REQ503843,/api/statement,89.3,401,2026-03-21 11:05:06.804140,
REQ503844,/api/login,86.0,200,2026-08-06 03:04:10.620657,
REQ503845,/api/balance,248.0,200,2026-07-27 13:13:54.715569,
REQ503846,/api/login,3969.9,200,2026-06-04 01:17:47.309338,
REQ503847,/api/kyc/verify,129.7,200,2026-06-11 20:40:26.778061,
REQ503848,/api/balance,33.5,200,2026-04-17 04:31:58.931019,
REQ503849,/api/balance,270.2,200,2026-06-15 16:42:55.946235,
REQ503850,/api/login,196.8,200,2026-06-18 20:37:33.369824,
REQ503851,/api/kyc/verify,653.8,200,2026-03-11 16:14:29.942441,
REQ503852,/api/login,86.2,200,2026-08-04 11:13:04.751824,
REQ503853,/api/kyc/verify,439.3,200,2026-04-22 17:20:31.989414,
REQ503854,/api/login,309.7,200,2026-03-02 05:01:29.530333,
REQ503855,/api/beneficiary,185.9,200,2026-04-28 18:51:43.247232,
REQ503856,/api/transfer,101.8,200,2026-05-02 11:43:53.161623,
REQ503857,/api/statement,678.9,502,2026-08-16 12:22:15.346881,INC406790
REQ503858,/api/statement,302.9,200,2026-04-28 18:59:12.723986,
REQ503859,/api/balance,72.6,502,2026-03-05 05:48:27.424833,
REQ503860,/api/balance,124.4,200,2026-04-07 12:08:19.384680,
REQ503861,/api/transfer,291.5,200,2026-05-31 07:17:10.073134,
REQ503862,/api/beneficiary,57.4,200,2026-08-10 01:50:15.842714,
REQ503863,/api/balance,592.5,200,2026-03-10 07:15:27.942179,
REQ503864,/api/kyc/verify,365.4,200,2026-04-12 16:32:26.168721,
REQ503865,/api/statement,95.2,200,2026-07-02 13:24:38.420258,
REQ503866,/api/transfer,239.7,200,2026-06-11 22:58:22.810421,
REQ503867,/api/transfer,338.8,200,2026-06-24 05:46:52.298777,
REQ503868,/api/beneficiary,231.7,200,2026-06-11 15:45:26.865978,
REQ503869,/api/beneficiary,359.4,200,2026-07-10 20:40:46.501561,
REQ503870,/api/balance,607.8,200,2026-05-08 22:12:34.279824,
REQ503871,/api/kyc/verify,160.5,200,2026-08-04 23:21:57.827872,
REQ503872,/api/statement,139.5,200,2026-05-21 00:27:04.777398,
REQ503873,/api/transfer,505.7,200,2026-05-23 05:18:02.597637,
REQ503874,/api/login,74.3,400,2026-04-03 16:45:31.629320,
REQ503875,/api/kyc/verify,99.4,401,2026-03-29 21:41:20.303749,
REQ503876,/api/login,26.6,200,2026-07-25 08:02:01.213130,
REQ503877,/api/balance,168.2,200,2026-03-30 16:44:44.768990,
REQ503878,/api/kyc/verify,136.0,200,2026-04-20 14:13:54.629123,
REQ503879,/api/transfer,151.0,200,2026-06-22 02:25:42.337822,
REQ503880,/api/statement,538.8,200,2026-05-11 08:55:42.225295,
REQ503881,/api/statement,93.3,200,2026-07-26 09:32:49.173680,
REQ503882,/api/balance,23.6,200,2026-07-25 09:48:03.423060,
REQ503883,/api/transfer,106.3,200,2026-08-11 08:56:00.020881,
REQ503884,/api/login,434.6,200,2026-06-20 14:02:01.951125,
REQ503885,/api/beneficiary,131.7,401,2026-03-18 21:14:30.726307,
REQ503886,/api/balance,299.8,200,2026-05-30 07:05:12.336153,
REQ503887,/api/transfer,51.4,200,2026-03-10 09:42:30.147250,
REQ503888,/api/balance,757.9,200,2026-05-20 18:13:54.186013,
REQ503889,/api/kyc/verify,225.0,200,2026-03-11 16:36:18.959338,
REQ503890,/api/transfer,165.7,200,2026-06-13 12:13:17.003484,
REQ503891,/api/login,1057.6,200,2026-05-26 13:01:31.909079,
REQ503892,/api/login,387.5,200,2026-04-13 06:43:36.094381,
REQ503893,/api/statement,154.0,200,2026-07-12 00:01:40.861858,
REQ503894,/api/statement,169.3,200,2026-03-29 13:45:10.747054,
REQ503895,/api/beneficiary,494.7,200,2026-05-10 19:04:02.396048,
REQ503896,/api/balance,155.4,400,2026-04-30 16:11:27.342938,
REQ503897,/api/balance,137.6,200,2026-05-11 22:58:17.085213,
REQ503898,/api/transfer,188.6,200,2026-03-17 17:10:33.054568,
REQ503899,/api/kyc/verify,384.7,429,2026-04-01 04:16:48.000005,
REQ503900,/api/statement,62.7,201,2026-06-02 02:58:59.207149,
REQ503901,/api/kyc/verify,171.6,500,2026-02-28 05:08:19.542082,
REQ503902,/api/login,710.7,200,2026-05-04 15:07:20.361263,
REQ503903,/api/login,28.8,200,2026-03-12 09:58:32.769878,
REQ503904,/api/transfer,363.0,200,2026-06-02 19:30:21.305794,
REQ503905,/api/beneficiary,825.0,200,2026-06-13 22:22:16.998799,
REQ503906,/api/beneficiary,81.9,200,2026-03-28 05:59:47.083653,
REQ503907,/api/transfer,228.3,401,2026-03-17 21:16:00.075439,
REQ503908,/api/transfer,228.9,200,2026-07-22 04:19:55.065673,
REQ503909,/api/beneficiary,7097.9,400,2026-03-03 12:42:27.213144,
REQ503910,/api/statement,291.0,200,2026-05-15 10:47:27.339699,
REQ503911,/api/transfer,119.9,200,2026-08-17 00:08:24.547146,
REQ503912,/api/balance,605.0,400,2026-06-11 16:17:08.353542,
REQ503913,/api/beneficiary,198.2,200,2026-06-20 12:27:49.592982,
REQ503914,/api/transfer,234.0,200,2026-04-13 04:26:49.783976,
REQ503915,/api/kyc/verify,578.8,200,2026-05-20 12:27:03.037674,
REQ503916,/api/balance,67.4,200,2026-02-26 15:41:04.687352,
REQ503917,/api/balance,642.3,200,2026-05-20 04:14:55.414436,
REQ503918,/api/kyc/verify,168.1,200,2026-03-23 16:48:26.619460,
REQ503919,/api/balance,674.6,201,2026-04-20 23:44:58.027982,
REQ503920,/api/login,66.3,200,2026-06-06 21:30:34.540747,
REQ503921,/api/kyc/verify,45.9,200,2026-07-13 02:39:12.799413,
REQ503922,/api/kyc/verify,438.9,200,2026-08-07 03:47:25.680622,
REQ503923,/api/transfer,198.1,200,2026-04-07 13:08:13.906957,
REQ503924,/api/kyc/verify,500.7,200,2026-03-21 06:23:45.503712,
REQ503925,/api/login,746.6,200,2026-07-15 03:06:58.927728,
REQ503926,/api/transfer,66.9,200,2026-04-02 06:05:09.531676,
REQ503927,/api/kyc/verify,457.3,200,2026-04-27 07:34:03.470648,
REQ503928,/api/balance,304.6,200,2026-06-22 23:54:06.608282,
REQ503929,/api/kyc/verify,7804.3,200,2026-07-16 22:23:21.405522,
REQ503930,/api/login,239.8,201,2026-06-12 16:28:51.386092,
REQ503931,/api/statement,46.2,200,2026-03-20 20:17:28.724024,
REQ503932,/api/login,497.7,200,2026-03-10 07:31:54.538174,
REQ503933,/api/login,118.1,200,2026-06-25 09:21:59.154239,
REQ503934,/api/statement,90.4,200,2026-05-24 17:51:30.761443,
REQ503935,/api/kyc/verify,114.2,200,2026-07-31 12:09:35.480333,
REQ503936,/api/login,414.8,200,2026-05-23 18:34:42.285506,
REQ503937,/api/beneficiary,243.8,200,2026-03-01 16:02:13.496414,
REQ503938,/api/login,180.8,200,2026-07-05 14:18:31.104505,
REQ503939,/api/balance,135.9,200,2026-05-06 12:22:44.443566,
REQ503940,/api/transfer,326.8,200,2026-08-12 06:57:36.149850,
REQ503941,/api/statement,86.0,200,2026-04-18 14:02:28.778681,
REQ503942,/api/transfer,347.4,200,2026-07-24 23:52:35.724521,
REQ503943,/api/beneficiary,101.0,502,2026-03-11 18:40:12.370065,
REQ503944,/api/balance,396.1,200,2026-02-23 10:56:52.183094,
REQ503945,/api/statement,371.4,200,2026-06-18 13:42:33.999757,
REQ503946,/api/kyc/verify,156.9,503,2026-04-13 09:09:01.551207,
REQ503947,/api/transfer,218.0,200,2026-03-08 10:18:33.279575,
REQ503948,/api/balance,58.2,200,2026-05-15 03:12:50.193048,
REQ503949,/api/transfer,29.0,200,2026-03-25 15:25:32.577946,
REQ503950,/api/statement,247.1,200,2026-05-06 07:27:11.353339,
REQ503951,/api/beneficiary,259.2,200,2026-05-16 17:02:49.562905,
REQ503952,/api/balance,506.9,500,2026-08-13 04:04:54.940845,
REQ503953,/api/login,96.6,200,2026-05-18 19:06:53.219031,
REQ503954,/api/balance,330.9,200,2026-06-28 02:12:37.244269,
REQ503955,/api/beneficiary,45.6,200,2026-05-06 08:38:04.108143,
REQ503956,/api/kyc/verify,612.0,201,2026-02-26 01:05:15.961951,
REQ503957,/api/kyc/verify,264.6,200,2026-04-01 23:45:22.033509,
REQ503958,/api/beneficiary,423.7,200,2026-04-18 14:11:31.246035,
REQ503959,/api/balance,3392.0,200,2026-06-04 14:51:26.029157,
REQ503960,/api/statement,212.7,200,2026-08-12 14:57:12.322684,
REQ503961,/api/kyc/verify,275.8,200,2026-03-25 02:44:55.036875,
REQ503962,/api/statement,233.0,200,2026-05-02 10:08:21.160609,
REQ503963,/api/transfer,633.2,200,2026-04-15 01:10:07.260958,
REQ503964,/api/transfer,157.1,200,2026-06-06 19:26:14.579731,
REQ503965,/api/transfer,529.3,200,2026-06-10 22:13:32.387912,
REQ503966,/api/statement,160.8,200,2026-04-21 20:31:55.629755,
REQ503967,/api/transfer,490.4,200,2026-08-11 12:43:18.597562,
REQ503968,/api/kyc/verify,164.2,400,2026-05-10 09:51:11.950598,
REQ503969,/api/kyc/verify,142.2,200,2026-04-03 16:06:22.085055,
REQ503970,/api/login,172.5,200,2026-03-06 02:58:41.769520,
REQ503971,/api/kyc/verify,183.9,200,2026-04-04 15:08:53.424817,
REQ503972,/api/kyc/verify,247.8,200,2026-07-04 14:39:00.351158,
REQ503973,/api/balance,436.8,200,2026-07-27 02:46:55.948833,
REQ503974,/api/login,24.7,401,2026-04-24 09:09:04.284899,
REQ503975,/api/login,269.4,200,2026-05-15 12:54:24.920616,
REQ503976,/api/beneficiary,584.0,200,2026-04-23 09:54:26.192480,
REQ503977,/api/transfer,388.0,504,2026-07-30 19:00:54.652027,INC402928
REQ503978,/api/statement,466.3,200,2026-03-16 16:20:46.126817,
REQ503979,/api/beneficiary,145.7,200,2026-06-11 17:18:35.712859,
REQ503980,/api/login,145.2,500,2026-03-13 21:27:23.704122,INC409668
REQ503981,/api/statement,82.1,429,2026-03-13 08:36:10.518632,
REQ503982,/api/login,173.8,200,2026-03-13 23:36:08.992727,
REQ503983,/api/beneficiary,396.3,200,2026-04-12 09:40:27.713121,
REQ503984,/api/balance,157.6,500,2026-06-17 08:49:08.006295,INC404013
REQ503985,/api/kyc/verify,498.5,200,2026-05-17 04:53:37.700601,
REQ503986,/api/login,400.9,200,2026-05-25 07:43:19.167335,
REQ503987,/api/kyc/verify,246.7,200,2026-07-02 01:45:33.114837,
REQ503988,/api/balance,143.3,200,2026-08-01 06:45:54.219497,
REQ503989,/api/kyc/verify,72.9,200,2026-03-13 14:36:25.094555,
REQ503990,/api/statement,148.7,200,2026-06-19 23:13:22.043567,
REQ503991,/api/balance,319.4,400,2026-05-29 06:06:09.754454,
REQ503992,/api/beneficiary,327.3,200,2026-03-27 08:49:09.381727,
REQ503993,/api/transfer,12.1,200,2026-06-30 15:40:11.718409,
REQ503994,/api/beneficiary,145.1,200,2026-06-13 19:02:35.391048,
REQ503995,/api/beneficiary,249.2,502,2026-08-02 07:34:15.940765,
REQ503996,/api/beneficiary,410.2,200,2026-07-15 19:03:09.378803,
REQ503997,/api/login,581.5,200,2026-08-04 09:55:51.706831,
REQ503998,/api/statement,583.8,200,2026-06-01 17:53:31.775447,
REQ503999,/api/login,169.7,200,2026-05-12 06:47:22.513263,
REQ504000,/api/statement,108.4,200,2026-05-10 18:08:59.494523,
REQ504001,/api/statement,323.3,200,2026-07-18 01:09:55.111032,
REQ504002,/api/transfer,167.8,200,2026-03-10 07:44:57.140933,
REQ504003,/api/transfer,173.0,200,2026-08-15 21:13:53.635423,
REQ504004,/api/login,401.1,200,2026-06-22 06:08:56.676221,
REQ504005,/api/statement,440.8,200,2026-05-02 11:10:30.636082,
REQ504006,/api/login,383.1,200,2026-02-22 04:41:28.300505,
REQ504007,/api/kyc/verify,122.3,200,2026-04-15 13:24:46.285868,
REQ504008,/api/balance,89.6,200,2026-08-17 13:19:32.890644,
REQ504009,/api/beneficiary,370.8,201,2026-02-26 18:05:05.042208,
REQ504010,/api/kyc/verify,102.3,400,2026-07-15 12:01:13.529860,
REQ504011,/api/balance,144.1,200,2026-05-18 13:08:41.650482,
REQ504012,/api/balance,517.3,200,2026-04-09 20:33:03.934712,
REQ504013,/api/login,415.1,201,2026-08-01 22:53:54.654365,
REQ504014,/api/beneficiary,604.8,200,2026-03-24 03:46:57.194034,
REQ504015,/api/transfer,176.1,200,2026-06-19 13:35:27.978477,
REQ504016,/api/transfer,212.1,200,2026-06-29 02:04:11.913905,
REQ504017,/api/transfer,168.2,200,2026-08-13 21:09:44.503488,
REQ504018,/api/beneficiary,172.5,400,2026-07-24 09:37:48.531317,
REQ504019,/api/kyc/verify,556.9,503,2026-05-11 23:22:32.491763,
REQ504020,/api/login,260.4,200,2026-03-11 11:58:47.833069,
REQ504021,/api/kyc/verify,51.4,200,2026-08-12 18:16:05.207091,
REQ504022,/api/beneficiary,6037.7,200,2026-06-27 04:59:54.374354,
REQ504023,/api/balance,263.0,200,2026-08-09 03:30:25.192768,
REQ504024,/api/statement,133.5,200,2026-08-03 06:23:43.450620,
REQ504025,/api/kyc/verify,476.0,200,2026-07-25 13:17:18.168481,
REQ504026,/api/balance,680.0,500,2026-03-24 07:46:06.456216,
REQ504027,/api/balance,305.5,200,2026-05-15 06:53:08.942388,
REQ504028,/api/kyc/verify,815.2,200,2026-05-12 15:32:20.983892,
REQ504029,/api/login,470.0,503,2026-05-29 17:51:40.996884,INC402494
REQ504030,/api/kyc/verify,407.5,200,2026-04-28 11:32:57.121473,
REQ504031,/api/login,259.2,200,2026-05-26 04:35:46.981060,
REQ504032,/api/login,177.3,201,2026-07-04 06:55:29.319454,
REQ504033,/api/kyc/verify,150.7,200,2026-02-28 20:49:48.977511,
REQ504034,/api/transfer,133.0,200,2026-03-10 17:02:48.288821,
REQ504035,/api/statement,137.5,200,2026-06-25 21:01:43.227616,
REQ504036,/api/balance,610.0,200,2026-07-09 22:35:07.032299,
REQ504037,/api/login,220.7,200,2026-07-21 00:45:44.328650,
REQ504038,/api/login,151.3,200,2026-05-24 16:46:28.987478,
REQ504039,/api/balance,417.3,200,2026-02-21 06:24:34.003674,
REQ504040,/api/statement,217.8,200,2026-08-08 15:50:13.831906,
REQ504041,/api/login,383.8,400,2026-06-06 22:49:58.093057,
REQ504042,/api/kyc/verify,144.1,200,2026-03-15 21:05:12.503363,
REQ504043,/api/statement,29.0,504,2026-05-21 02:45:36.842893,
REQ504044,/api/statement,457.9,200,2026-02-23 23:12:26.126902,
REQ504045,/api/kyc/verify,347.5,200,2026-08-09 06:54:04.328080,
REQ504046,/api/statement,91.8,400,2026-08-11 21:02:58.707458,
REQ504047,/api/transfer,522.9,200,2026-05-25 21:58:38.666850,
REQ504048,/api/balance,962.5,400,2026-06-20 11:29:00.229874,
REQ504049,/api/beneficiary,180.2,200,2026-05-15 13:04:05.228574,
REQ504050,/api/statement,412.2,502,2026-07-07 03:54:50.185830,INC402022
REQ504051,/api/kyc/verify,124.8,200,2026-02-23 11:37:19.172460,
REQ504052,/api/statement,315.8,200,2026-03-26 02:07:24.821759,
REQ504053,/api/transfer,200.7,200,2026-07-24 10:37:42.646723,
REQ504054,/api/kyc/verify,261.9,200,2026-04-13 18:30:10.988110,
REQ504055,/api/balance,910.3,200,2026-03-12 11:21:53.991875,
REQ504056,/api/statement,405.3,200,2026-05-25 19:39:11.844355,
REQ504057,/api/kyc/verify,229.7,400,2026-08-05 20:12:06.566611,
REQ504058,/api/balance,113.1,200,2026-05-03 10:34:25.392102,
REQ504059,/api/login,39.2,400,2026-07-31 19:01:36.410204,
REQ504060,/api/login,165.6,200,2026-08-15 15:54:16.105937,
REQ504061,/api/balance,511.9,200,2026-04-02 19:41:08.817477,
REQ504062,/api/transfer,188.5,200,2026-05-08 08:34:29.335799,
REQ504063,/api/kyc/verify,158.8,200,2026-03-15 02:55:31.082487,
REQ504064,/api/login,730.4,429,2026-04-29 12:32:04.608642,
REQ504065,/api/transfer,470.2,200,2026-03-03 20:01:01.346709,
REQ504066,/api/statement,72.0,200,2026-04-23 23:05:11.630068,
REQ504067,/api/transfer,333.6,200,2026-07-01 21:14:35.581688,
REQ504068,/api/kyc/verify,423.2,200,2026-03-02 16:10:12.955160,
REQ504069,/api/balance,279.4,200,2026-02-25 04:44:10.274660,
REQ504070,/api/balance,360.2,200,2026-03-09 14:36:57.687253,
REQ504071,/api/login,84.6,200,2026-03-19 11:15:53.256496,
REQ504072,/api/balance,183.5,201,2026-05-12 10:06:30.016881,
REQ504073,/api/beneficiary,151.3,201,2026-04-13 20:24:56.170878,
REQ504074,/api/transfer,377.7,503,2026-08-16 09:40:09.881814,INC405679
REQ504075,/api/transfer,590.3,200,2026-03-28 04:29:48.217666,
REQ504076,/api/kyc/verify,141.5,200,2026-05-21 12:08:54.296850,
REQ504077,/api/balance,620.6,200,2026-04-05 19:40:50.414082,
REQ504078,/api/kyc/verify,241.8,502,2026-02-24 02:50:03.318050,INC406040
REQ504079,/api/login,230.6,200,2026-04-28 00:11:51.265615,
REQ504080,/api/beneficiary,305.1,200,2026-03-27 08:30:06.559220,
REQ504081,/api/login,638.6,200,2026-02-27 20:42:06.522400,
REQ504082,/api/beneficiary,577.1,200,2026-03-22 09:29:49.503811,
REQ504083,/api/kyc/verify,431.8,200,2026-04-27 11:28:17.306571,
REQ504084,/api/kyc/verify,319.8,200,2026-08-18 17:56:29.134749,
REQ504085,/api/beneficiary,269.1,200,2026-07-22 23:24:22.155092,
REQ504086,/api/login,211.5,200,2026-07-02 11:57:36.098872,
REQ504087,/api/statement,344.3,200,2026-07-29 09:44:26.101818,
REQ504088,/api/transfer,192.6,200,2026-07-15 11:44:40.781895,
REQ504089,/api/balance,438.9,200,2026-05-19 22:36:13.534366,
REQ504090,/api/login,519.1,200,2026-05-16 07:25:51.021002,
REQ504091,/api/transfer,665.5,200,2026-05-26 09:16:31.756663,
REQ504092,/api/login,280.4,200,2026-02-26 05:38:52.539408,
REQ504093,/api/kyc/verify,572.1,200,2026-04-28 15:44:45.760131,
REQ504094,/api/transfer,284.2,200,2026-04-29 06:39:53.338563,
REQ504095,/api/transfer,279.4,200,2026-03-09 15:30:10.709532,
REQ504096,/api/statement,382.2,200,2026-05-30 20:35:14.889064,
REQ504097,/api/kyc/verify,324.4,200,2026-08-06 11:54:20.573177,
REQ504098,/api/beneficiary,604.2,201,2026-06-02 21:13:00.325828,
REQ504099,/api/statement,322.1,200,2026-04-20 09:41:19.756103,
REQ504100,/api/transfer,258.1,200,2026-04-09 10:15:59.339094,
REQ504101,/api/beneficiary,223.8,200,2026-06-01 04:35:22.852459,
REQ504102,/api/beneficiary,310.3,200,2026-07-15 08:40:41.208912,
REQ504103,/api/login,813.5,200,2026-03-02 20:51:48.292763,
REQ504104,/api/balance,98.4,200,2026-06-15 19:55:55.383377,
REQ504105,/api/statement,627.9,200,2026-07-18 06:17:48.558911,
REQ504106,/api/beneficiary,94.7,200,2026-05-04 15:30:40.777034,
REQ504107,/api/transfer,430.6,200,2026-08-13 15:40:55.469229,
REQ504108,/api/login,245.9,401,2026-07-16 15:49:56.174989,
REQ504109,/api/statement,238.5,200,2026-03-30 02:12:49.859978,
REQ504110,/api/login,148.4,200,2026-05-02 00:02:14.166134,
REQ504111,/api/beneficiary,224.6,200,2026-08-18 16:08:58.525000,
REQ504112,/api/statement,141.7,401,2026-03-04 21:56:52.203814,
REQ504113,/api/kyc/verify,84.4,200,2026-05-21 21:08:45.099827,
REQ504114,/api/transfer,573.6,200,2026-08-17 10:12:07.474202,
REQ504115,/api/statement,482.8,200,2026-05-03 07:13:06.069521,
REQ504116,/api/beneficiary,1016.7,200,2026-03-04 10:14:53.903298,
REQ504117,/api/beneficiary,89.5,200,2026-05-16 17:02:59.285432,
REQ504118,/api/login,256.4,200,2026-04-27 01:12:18.737046,
REQ504119,/api/beneficiary,227.5,200,2026-08-01 16:01:53.801945,
REQ504120,/api/login,701.2,200,2026-04-09 22:42:57.774648,
REQ504121,/api/transfer,476.1,200,2026-07-09 11:20:16.631064,
REQ504122,/api/kyc/verify,278.7,200,2026-03-03 21:06:23.044961,
REQ504123,/api/balance,98.7,503,2026-02-27 04:44:08.834221,INC408317
REQ504124,/api/transfer,54.0,503,2026-05-05 15:36:28.425717,INC405364
REQ504125,/api/login,352.9,200,2026-06-21 22:07:59.230041,
REQ504126,/api/kyc/verify,197.7,504,2026-06-10 05:49:47.723224,INC406982
REQ504127,/api/login,147.6,200,2026-07-24 08:14:29.343623,
REQ504128,/api/statement,481.3,200,2026-03-03 23:30:50.668710,
REQ504129,/api/beneficiary,180.8,200,2026-04-11 12:10:03.840084,
REQ504130,/api/login,210.4,200,2026-04-24 23:11:45.771854,
REQ504131,/api/statement,126.5,200,2026-05-13 03:16:58.025158,
REQ504132,/api/balance,186.6,401,2026-03-17 09:34:04.502539,
REQ504133,/api/balance,284.6,200,2026-07-03 22:36:49.481682,
REQ504134,/api/kyc/verify,353.5,502,2026-04-20 18:45:26.936192,INC407511
REQ504135,/api/beneficiary,141.0,200,2026-05-04 11:59:34.530061,
REQ504136,/api/balance,53.9,200,2026-03-13 12:51:48.946942,
REQ504137,/api/balance,462.2,200,2026-05-28 10:51:29.569087,
REQ504138,/api/balance,259.6,200,2026-07-15 16:43:13.325610,
REQ504139,/api/balance,119.9,200,2026-07-25 14:43:37.275343,
REQ504140,/api/balance,288.7,200,2026-06-21 06:52:12.378556,
REQ504141,/api/transfer,91.7,200,2026-08-01 10:56:18.554852,
REQ504142,/api/kyc/verify,146.7,200,2026-04-17 13:12:16.846771,
REQ504143,/api/kyc/verify,449.1,200,2026-07-09 20:46:39.749801,
REQ504144,/api/beneficiary,278.5,200,2026-07-20 00:07:17.646562,
REQ504145,/api/login,301.7,200,2026-08-02 19:19:00.879669,
REQ504146,/api/balance,500.3,200,2026-05-08 06:20:52.398339,
REQ504147,/api/balance,20.1,200,2026-05-11 12:37:53.975347,
REQ504148,/api/balance,492.3,200,2026-07-06 02:21:23.693202,
REQ504149,/api/beneficiary,413.9,429,2026-04-13 22:22:37.256296,
REQ504150,/api/beneficiary,198.7,200,2026-03-22 11:22:11.440976,
REQ504151,/api/transfer,206.6,429,2026-02-28 07:48:50.466527,
REQ504152,/api/transfer,112.3,502,2026-03-09 09:29:30.570865,INC404811
REQ504153,/api/statement,304.6,200,2026-03-11 03:36:17.756503,
REQ504154,/api/statement,224.6,200,2026-03-04 01:21:54.515229,
REQ504155,/api/login,170.6,401,2026-03-17 08:50:47.184339,
REQ504156,/api/statement,209.7,200,2026-06-17 03:44:00.687459,
REQ504157,/api/statement,332.7,429,2026-03-14 07:15:42.704093,
REQ504158,/api/balance,365.5,401,2026-05-11 16:05:46.663687,
REQ504159,/api/kyc/verify,58.0,200,2026-04-28 19:19:26.818520,
REQ504160,/api/balance,210.0,200,2026-08-18 17:50:12.127539,
REQ504161,/api/kyc/verify,195.6,200,2026-07-25 06:48:21.761513,
REQ504162,/api/beneficiary,183.9,200,2026-05-10 05:20:13.217625,
REQ504163,/api/beneficiary,425.9,504,2026-02-21 08:24:27.973997,INC402685
REQ504164,/api/kyc/verify,319.2,502,2026-04-30 11:35:26.636781,INC407469
REQ504165,/api/login,223.5,200,2026-03-05 03:37:18.692839,
REQ504166,/api/login,441.5,200,2026-04-16 12:32:36.682801,
REQ504167,/api/balance,202.7,200,2026-06-28 11:44:44.023131,
REQ504168,/api/beneficiary,313.1,200,2026-06-12 04:50:45.443046,
REQ504169,/api/transfer,279.3,200,2026-08-12 08:03:53.834317,
REQ504170,/api/login,26.6,200,2026-07-09 23:52:41.407935,
REQ504171,/api/kyc/verify,408.5,200,2026-03-22 15:38:00.407968,
REQ504172,/api/statement,300.2,503,2026-05-09 20:00:04.662153,
REQ504173,/api/transfer,236.3,200,2026-07-30 12:19:47.642554,
REQ504174,/api/balance,275.3,200,2026-04-07 17:47:44.539317,
REQ504175,/api/beneficiary,318.8,500,2026-05-23 00:04:22.171183,INC403432
REQ504176,/api/statement,151.1,200,2026-07-26 08:34:31.522752,
REQ504177,/api/beneficiary,83.2,200,2026-05-06 05:07:40.846280,
REQ504178,/api/kyc/verify,8377.1,200,2026-03-05 14:27:51.442007,
REQ504179,/api/statement,193.6,200,2026-03-08 05:18:24.812856,
REQ504180,/api/login,252.1,503,2026-03-24 12:02:43.460970,
REQ504181,/api/beneficiary,208.0,500,2026-04-14 13:07:06.672353,
REQ504182,/api/beneficiary,365.4,200,2026-06-10 00:37:54.416569,
REQ504183,/api/kyc/verify,61.7,201,2026-05-30 03:47:29.460808,
REQ504184,/api/transfer,556.1,200,2026-04-23 04:50:58.131874,
REQ504185,/api/kyc/verify,111.8,200,2026-05-23 01:54:22.675227,
REQ504186,/api/transfer,323.6,200,2026-04-19 06:56:52.493125,
REQ504187,/api/transfer,479.6,200,2026-03-29 13:52:09.775978,
REQ504188,/api/login,246.5,200,2026-06-29 19:27:02.303199,
REQ504189,/api/beneficiary,370.0,200,2026-05-26 12:06:16.164873,
REQ504190,/api/balance,582.5,200,2026-03-22 14:26:57.674223,
REQ504191,/api/balance,165.5,200,2026-05-09 07:58:06.296773,
REQ504192,/api/beneficiary,373.9,503,2026-07-10 15:23:32.780244,
REQ504193,/api/login,150.3,200,2026-03-30 23:42:45.383490,
REQ504194,/api/login,242.7,200,2026-08-03 08:12:02.945932,
REQ504195,/api/beneficiary,410.2,200,2026-02-23 10:43:38.831389,
REQ504196,/api/transfer,726.2,200,2026-04-17 18:41:04.741419,
REQ504197,/api/statement,276.0,200,2026-05-06 10:49:28.637252,
REQ504198,/api/beneficiary,184.9,200,2026-06-29 12:27:45.166344,
REQ504199,/api/login,207.5,200,2026-04-12 18:49:33.980159,
REQ504200,/api/balance,102.7,400,2026-03-23 11:28:51.805122,
REQ504201,/api/login,8037.7,429,2026-03-02 21:17:14.025235,
REQ504202,/api/login,281.6,200,2026-05-16 13:57:12.779141,
REQ504203,/api/kyc/verify,320.1,200,2026-06-02 11:41:01.844702,
REQ504204,/api/balance,190.8,200,2026-06-20 00:01:00.662338,
REQ504205,/api/beneficiary,492.1,200,2026-07-22 12:16:29.936410,
REQ504206,/api/statement,161.7,200,2026-05-25 19:43:55.809345,
REQ504207,/api/login,286.8,200,2026-05-19 17:43:24.702036,
REQ504208,/api/balance,436.4,502,2026-04-20 08:09:35.007583,
REQ504209,/api/login,604.0,200,2026-05-13 16:51:32.529933,
REQ504210,/api/balance,524.2,200,2026-07-09 09:43:19.225352,
REQ504211,/api/login,362.7,200,2026-06-02 07:43:43.433269,
REQ504212,/api/kyc/verify,30.2,200,2026-05-29 14:04:29.261226,
REQ504213,/api/transfer,673.7,429,2026-06-15 00:05:42.202055,
REQ504214,/api/login,311.6,200,2026-07-15 02:25:44.156060,
REQ504215,/api/beneficiary,758.9,503,2026-05-22 18:39:02.578590,INC402009
REQ504216,/api/balance,450.4,200,2026-05-09 21:17:08.346046,
REQ504217,/api/login,583.9,200,2026-06-02 03:31:57.071140,
REQ504218,/api/balance,143.9,200,2026-06-11 10:10:06.429867,
REQ504219,/api/statement,254.4,200,2026-03-15 10:02:15.861325,
REQ504220,/api/balance,430.2,503,2026-05-03 18:42:23.296344,INC408877
REQ504221,/api/kyc/verify,353.4,201,2026-06-10 05:03:39.520804,
REQ504222,/api/login,271.9,504,2026-07-07 01:20:17.219986,
REQ504223,/api/beneficiary,101.5,200,2026-03-15 20:03:12.880736,
REQ504224,/api/balance,110.5,200,2026-05-02 20:53:08.344946,
REQ504225,/api/login,1166.6,200,2026-07-21 11:52:10.636653,
REQ504226,/api/login,302.8,200,2026-07-04 03:38:58.962881,
REQ504227,/api/login,666.5,502,2026-06-15 21:35:38.773381,INC406991
REQ504228,/api/login,381.8,200,2026-08-14 06:15:02.766937,
REQ504229,/api/beneficiary,114.8,200,2026-08-14 14:37:20.272181,
REQ504230,/api/beneficiary,304.1,200,2026-04-06 15:09:01.091751,
REQ504231,/api/statement,185.6,200,2026-07-31 08:02:23.593506,
REQ504232,/api/statement,129.7,201,2026-05-17 00:34:17.006522,
REQ504233,/api/login,185.0,200,2026-05-16 22:23:17.791821,
REQ504234,/api/kyc/verify,179.4,200,2026-03-06 23:09:40.300465,
REQ504235,/api/statement,134.0,200,2026-06-08 07:22:55.781046,
REQ504236,/api/beneficiary,55.6,200,2026-04-13 21:27:03.284552,
REQ504237,/api/balance,463.6,200,2026-03-06 13:34:06.966594,
REQ504238,/api/beneficiary,87.5,200,2026-07-23 19:01:08.485401,
REQ504239,/api/kyc/verify,257.6,200,2026-02-25 21:01:08.576593,
REQ504240,/api/transfer,245.2,500,2026-06-24 23:35:33.795071,INC405265
REQ504241,/api/beneficiary,260.0,200,2026-02-26 08:02:38.319943,
REQ504242,/api/login,260.8,503,2026-04-12 04:15:12.640764,INC401421
REQ504243,/api/login,628.1,429,2026-08-10 03:55:19.657635,
REQ504244,/api/kyc/verify,143.5,200,2026-04-13 19:02:51.166218,
REQ504245,/api/balance,346.4,200,2026-04-15 19:01:43.503234,
REQ504246,/api/transfer,156.3,200,2026-05-02 05:23:14.641982,
REQ504247,/api/transfer,398.8,503,2026-06-17 18:16:15.027166,INC408401
REQ504248,/api/kyc/verify,147.2,200,2026-03-24 11:35:23.161266,
REQ504249,/api/beneficiary,343.5,200,2026-05-04 23:20:42.693226,
REQ504250,/api/transfer,111.1,200,2026-06-29 06:34:27.680991,
REQ504251,/api/beneficiary,484.0,200,2026-03-12 01:58:18.203790,
REQ504252,/api/kyc/verify,197.9,400,2026-04-24 22:30:58.454815,
REQ504253,/api/beneficiary,110.2,200,2026-05-03 05:35:48.756649,
REQ504254,/api/transfer,962.6,200,2026-03-31 22:25:21.323209,
REQ504255,/api/statement,70.9,200,2026-06-25 16:36:13.444744,
REQ504256,/api/beneficiary,115.2,200,2026-04-09 20:26:51.267355,
REQ504257,/api/beneficiary,24.9,200,2026-06-13 02:57:03.037963,
REQ504258,/api/balance,45.9,200,2026-05-14 10:44:19.610703,
REQ504259,/api/balance,153.5,502,2026-04-18 18:38:55.074041,
REQ504260,/api/kyc/verify,152.0,200,2026-06-08 03:14:05.817840,
REQ504261,/api/beneficiary,238.6,201,2026-07-19 19:45:23.149714,
REQ504262,/api/statement,203.6,200,2026-08-02 03:35:25.183105,
REQ504263,/api/balance,109.9,200,2026-07-08 18:52:12.194070,
REQ504264,/api/balance,226.2,200,2026-03-27 01:31:41.554453,
REQ504265,/api/beneficiary,107.9,400,2026-03-19 07:21:40.190880,
REQ504266,/api/beneficiary,147.3,200,2026-06-10 01:30:28.937694,
REQ504267,/api/beneficiary,397.9,200,2026-03-01 21:45:11.583495,
REQ504268,/api/balance,141.9,200,2026-06-24 04:46:18.172156,
REQ504269,/api/balance,465.7,200,2026-03-25 06:19:13.669436,
REQ504270,/api/transfer,408.6,200,2026-03-15 03:17:43.568535,
REQ504271,/api/statement,640.0,200,2026-06-26 04:21:19.252022,
REQ504272,/api/beneficiary,144.2,200,2026-08-14 21:02:45.697185,
REQ504273,/api/kyc/verify,61.3,200,2026-08-18 05:47:18.906409,
REQ504274,/api/transfer,101.4,200,2026-05-29 03:21:43.379933,
REQ504275,/api/kyc/verify,274.1,200,2026-03-05 03:01:49.234490,
REQ504276,/api/balance,326.5,200,2026-06-23 14:35:26.346418,
REQ504277,/api/login,57.6,200,2026-02-25 01:18:12.534604,
REQ504278,/api/transfer,77.4,200,2026-06-23 04:43:55.664706,
REQ504279,/api/beneficiary,357.1,200,2026-06-06 12:28:58.968451,
REQ504280,/api/statement,141.7,429,2026-04-03 16:18:55.285849,
REQ504281,/api/transfer,185.7,200,2026-03-23 10:18:30.607276,
REQ504282,/api/beneficiary,458.6,200,2026-06-25 11:59:33.484405,
REQ504283,/api/kyc/verify,558.1,201,2026-05-22 21:35:56.765802,
REQ504284,/api/beneficiary,318.6,200,2026-02-22 02:55:55.067004,
REQ504285,/api/beneficiary,119.2,200,2026-08-10 04:01:22.146405,
REQ504286,/api/statement,199.8,200,2026-06-27 14:40:19.071967,
REQ504287,/api/login,225.4,200,2026-08-15 03:57:20.740194,
REQ504288,/api/statement,62.7,200,2026-08-08 09:36:30.799883,
REQ504289,/api/balance,59.6,503,2026-07-20 05:19:38.481581,
REQ504290,/api/transfer,127.5,200,2026-03-26 03:21:40.776486,
REQ504291,/api/kyc/verify,411.3,200,2026-07-21 22:28:45.006890,
REQ504292,/api/kyc/verify,279.1,201,2026-04-17 12:49:14.504402,
REQ504293,/api/login,188.3,200,2026-08-07 13:24:58.435254,
REQ504294,/api/transfer,20.1,200,2026-05-15 05:53:33.084979,
REQ504295,/api/transfer,57.9,200,2026-04-07 18:00:32.499166,
REQ504296,/api/transfer,176.4,200,2026-06-23 08:02:56.061321,
REQ504297,/api/statement,113.0,200,2026-04-17 22:28:21.361747,
REQ504298,/api/balance,476.3,200,2026-07-18 19:38:29.540001,
REQ504299,/api/beneficiary,4649.8,200,2026-08-14 08:14:15.134130,
REQ504300,/api/login,354.1,503,2026-05-26 14:07:04.469012,
REQ504301,/api/kyc/verify,519.9,200,2026-06-20 14:17:46.563790,
REQ504302,/api/balance,299.8,200,2026-07-29 07:14:21.063007,
REQ504303,/api/balance,71.9,200,2026-05-16 13:48:17.687989,
REQ504304,/api/transfer,172.5,200,2026-06-29 20:00:58.950029,
REQ504305,/api/transfer,356.0,200,2026-05-17 03:28:42.793147,
REQ504306,/api/login,738.6,201,2026-06-03 00:05:39.081547,
REQ504307,/api/kyc/verify,246.0,200,2026-04-19 03:55:15.851931,
REQ504308,/api/transfer,461.1,500,2026-02-28 12:54:59.219086,INC401380
REQ504309,/api/login,296.8,200,2026-06-24 15:41:36.582111,
REQ504310,/api/kyc/verify,206.3,200,2026-04-12 04:07:10.663121,
REQ504311,/api/beneficiary,557.4,200,2026-04-30 15:15:59.402921,
REQ504312,/api/beneficiary,274.3,200,2026-03-26 02:50:46.905368,
REQ504313,/api/beneficiary,336.4,200,2026-03-10 04:42:01.501382,
REQ504314,/api/transfer,460.3,201,2026-03-23 12:04:20.985823,
REQ504315,/api/kyc/verify,224.8,504,2026-06-13 09:54:31.482958,
REQ504316,/api/beneficiary,319.0,200,2026-07-07 03:03:38.823288,
REQ504317,/api/beneficiary,164.8,200,2026-05-10 19:41:08.371645,
REQ504318,/api/transfer,8499.2,200,2026-02-23 07:20:29.779388,
REQ504319,/api/statement,259.2,200,2026-03-17 15:14:10.299818,
REQ504320,/api/login,142.9,200,2026-03-13 20:38:33.869727,
REQ504321,/api/beneficiary,74.3,200,2026-07-07 16:47:37.118611,
REQ504322,/api/statement,37.4,200,2026-07-07 08:12:04.872643,
REQ504323,/api/beneficiary,103.1,200,2026-07-19 06:35:24.350076,
REQ504324,/api/kyc/verify,155.5,200,2026-06-25 05:37:08.403358,
REQ504325,/api/statement,188.9,200,2026-03-03 16:37:00.346566,
REQ504326,/api/balance,819.9,200,2026-06-23 05:45:17.179917,
REQ504327,/api/kyc/verify,195.5,200,2026-05-08 09:05:03.637722,
REQ504328,/api/statement,276.6,200,2026-07-25 19:52:07.785703,
REQ504329,/api/balance,180.9,200,2026-05-04 08:47:56.692525,
REQ504330,/api/balance,191.6,200,2026-04-04 07:36:05.454635,
REQ504331,/api/login,257.0,200,2026-08-19 05:34:19.320411,
REQ504332,/api/beneficiary,198.0,200,2026-04-28 04:05:23.480118,
REQ504333,/api/transfer,522.9,201,2026-06-14 02:58:35.474232,
REQ504334,/api/statement,189.7,401,2026-03-18 00:50:25.244802,
REQ504335,/api/statement,241.0,200,2026-07-04 03:38:00.747878,
REQ504336,/api/transfer,247.9,200,2026-07-31 08:09:11.756890,
REQ504337,/api/kyc/verify,204.6,200,2026-06-10 13:51:02.228621,
REQ504338,/api/balance,533.3,200,2026-05-09 21:27:21.697512,
REQ504339,/api/login,669.6,500,2026-05-20 14:48:39.846906,INC405339
REQ504340,/api/transfer,6904.2,200,2026-06-07 15:01:18.590905,
REQ504341,/api/balance,387.9,200,2026-03-13 04:19:19.908683,
REQ504342,/api/beneficiary,412.8,200,2026-05-23 20:38:23.512928,
REQ504343,/api/balance,121.5,200,2026-07-15 20:50:05.898667,
REQ504344,/api/login,575.4,200,2026-04-01 20:59:16.086282,
REQ504345,/api/beneficiary,257.4,200,2026-05-17 09:47:37.247432,
REQ504346,/api/login,67.1,504,2026-05-27 11:05:57.005094,
REQ504347,/api/kyc/verify,69.7,200,2026-06-03 02:49:40.785319,
REQ504348,/api/kyc/verify,164.3,400,2026-07-27 00:35:00.010557,
REQ504349,/api/transfer,142.2,200,2026-04-25 11:14:05.365041,
REQ504350,/api/kyc/verify,627.7,200,2026-08-09 03:12:26.253688,
REQ504351,/api/login,51.9,200,2026-07-02 08:05:49.236988,
REQ504352,/api/statement,36.0,500,2026-06-02 04:33:56.209576,
REQ504353,/api/kyc/verify,352.0,200,2026-07-23 13:37:08.689814,
REQ504354,/api/kyc/verify,114.1,200,2026-07-10 04:41:02.706574,
REQ504355,/api/balance,137.4,200,2026-04-14 05:09:43.554899,
REQ504356,/api/beneficiary,64.1,500,2026-06-19 17:11:52.786379,INC406547
REQ504357,/api/balance,243.7,200,2026-04-22 09:05:39.443104,
REQ504358,/api/transfer,421.3,200,2026-03-10 07:30:51.096822,
REQ504359,/api/beneficiary,364.8,200,2026-08-10 11:44:43.778930,
REQ504360,/api/beneficiary,350.3,429,2026-08-16 12:26:33.428430,
REQ504361,/api/balance,278.4,200,2026-04-28 04:43:01.972265,
REQ504362,/api/statement,426.5,201,2026-04-28 04:30:59.394787,
REQ504363,/api/balance,148.8,200,2026-03-21 13:35:22.672893,
REQ504364,/api/beneficiary,369.9,200,2026-08-06 14:37:14.118469,
REQ504365,/api/kyc/verify,413.6,201,2026-03-09 15:05:27.200957,
REQ504366,/api/beneficiary,530.3,200,2026-08-07 16:03:04.376243,
REQ504367,/api/balance,276.1,200,2026-03-27 12:04:04.732543,
REQ504368,/api/balance,164.5,200,2026-05-16 23:44:48.635800,
REQ504369,/api/beneficiary,150.1,200,2026-04-12 04:10:09.722999,
REQ504370,/api/kyc/verify,53.7,200,2026-03-27 04:55:53.587142,
REQ504371,/api/kyc/verify,224.6,200,2026-06-26 12:52:12.842861,
REQ504372,/api/balance,151.3,200,2026-07-05 11:16:43.245271,
REQ504373,/api/beneficiary,350.1,200,2026-07-17 13:18:10.841445,
REQ504374,/api/balance,213.8,200,2026-05-05 05:36:00.036521,
REQ504375,/api/kyc/verify,527.4,502,2026-08-04 08:15:10.738763,INC403480
REQ504376,/api/balance,314.5,200,2026-08-15 10:02:59.601407,
REQ504377,/api/login,145.0,200,2026-04-02 02:12:21.366761,
REQ504378,/api/transfer,99.6,200,2026-03-19 15:31:48.382139,
REQ504379,/api/login,50.6,200,2026-02-28 18:43:36.593631,
REQ504380,/api/beneficiary,115.4,200,2026-08-02 18:26:56.919333,
REQ504381,/api/beneficiary,291.3,200,2026-04-16 21:56:29.252294,
REQ504382,/api/beneficiary,384.9,200,2026-07-17 16:24:41.952888,
REQ504383,/api/kyc/verify,391.2,200,2026-03-25 03:48:30.499666,
REQ504384,/api/login,263.5,200,2026-04-08 03:45:32.390962,
REQ504385,/api/kyc/verify,7900.4,200,2026-03-21 03:21:56.240279,
REQ504386,/api/beneficiary,581.0,200,2026-05-19 23:20:30.671705,
REQ504387,/api/kyc/verify,411.5,503,2026-05-29 15:57:09.602404,INC403273
REQ504388,/api/statement,144.6,200,2026-05-17 12:19:07.241919,
REQ504389,/api/login,43.4,200,2026-07-22 02:54:45.417855,
REQ504390,/api/kyc/verify,148.1,503,2026-05-25 02:30:43.551648,INC402944
REQ504391,/api/transfer,321.9,502,2026-05-04 07:06:36.744050,
REQ504392,/api/transfer,206.5,200,2026-08-07 16:18:53.602910,
REQ504393,/api/login,136.6,200,2026-04-15 12:17:52.994134,
REQ504394,/api/transfer,180.0,200,2026-06-09 11:15:49.909772,
REQ504395,/api/statement,274.3,200,2026-04-12 09:55:41.905544,
REQ504396,/api/balance,822.5,200,2026-07-04 15:12:20.221092,
REQ504397,/api/transfer,190.0,200,2026-03-26 04:20:55.727383,
REQ504398,/api/login,99.1,200,2026-07-18 12:51:33.961537,
REQ504399,/api/balance,119.6,504,2026-02-22 09:10:14.700690,
REQ504400,/api/login,122.4,200,2026-05-19 13:12:45.852646,
REQ504401,/api/kyc/verify,40.5,201,2026-07-19 10:53:16.302030,
REQ504402,/api/beneficiary,39.7,200,2026-04-21 17:25:17.546570,
REQ504403,/api/kyc/verify,190.5,500,2026-04-19 11:35:27.671410,INC405011
REQ504404,/api/login,143.8,200,2026-03-09 01:35:10.741017,
REQ504405,/api/kyc/verify,110.0,200,2026-04-15 21:58:56.297138,
REQ504406,/api/login,180.0,400,2026-04-04 03:21:32.281745,
REQ504407,/api/balance,678.8,200,2026-03-08 12:28:22.974658,
REQ504408,/api/transfer,348.5,200,2026-05-24 01:34:08.177754,
REQ504409,/api/login,217.1,200,2026-07-08 23:08:41.368953,
REQ504410,/api/beneficiary,214.8,200,2026-03-12 06:53:04.064114,
REQ504411,/api/beneficiary,415.8,200,2026-04-27 09:46:19.986044,
REQ504412,/api/beneficiary,541.2,200,2026-03-07 12:20:28.050510,
REQ504413,/api/kyc/verify,686.3,200,2026-04-22 07:14:02.945100,
REQ504414,/api/balance,168.1,200,2026-05-13 01:47:11.768939,
REQ504415,/api/kyc/verify,306.4,200,2026-08-15 05:16:33.947433,
REQ504416,/api/kyc/verify,163.3,200,2026-08-02 21:42:32.606125,
REQ504417,/api/kyc/verify,253.6,200,2026-05-16 08:48:44.055538,
REQ504418,/api/balance,310.1,503,2026-04-03 08:00:07.357897,
REQ504419,/api/beneficiary,138.8,200,2026-02-27 23:19:21.486254,
REQ504420,/api/statement,225.9,201,2026-04-28 06:30:06.150928,
REQ504421,/api/statement,102.1,429,2026-08-12 18:19:23.985471,
REQ504422,/api/beneficiary,233.7,200,2026-03-03 22:25:50.670829,
REQ504423,/api/transfer,342.1,200,2026-03-17 22:20:03.379589,
REQ504424,/api/transfer,443.2,200,2026-07-08 04:55:53.336576,
REQ504425,/api/kyc/verify,293.3,200,2026-03-22 11:54:56.768242,
REQ504426,/api/kyc/verify,47.5,200,2026-06-25 18:30:21.298234,
REQ504427,/api/balance,472.6,201,2026-04-09 01:49:54.818655,
REQ504428,/api/balance,372.4,200,2026-04-03 12:24:49.514902,
REQ504429,/api/beneficiary,401.0,200,2026-04-29 07:37:36.914147,
REQ504430,/api/transfer,352.9,200,2026-04-27 03:05:13.524086,
REQ504431,/api/beneficiary,1384.8,401,2026-08-16 01:06:16.945665,
REQ504432,/api/kyc/verify,355.5,200,2026-04-20 21:17:58.587825,
REQ504433,/api/statement,212.6,200,2026-06-15 10:17:53.573229,
REQ504434,/api/beneficiary,34.6,200,2026-03-12 04:32:37.332965,
REQ504435,/api/transfer,58.0,200,2026-08-08 09:40:04.208961,
REQ504436,/api/balance,315.6,201,2026-08-05 09:07:28.743463,
REQ504437,/api/transfer,568.1,200,2026-07-07 12:11:30.022199,
REQ504438,/api/kyc/verify,477.4,200,2026-05-02 13:45:40.952700,
REQ504439,/api/login,256.2,200,2026-04-25 18:14:37.870072,
REQ504440,/api/balance,132.7,200,2026-03-01 10:10:15.255682,
REQ504441,/api/statement,198.6,401,2026-08-12 17:12:00.199668,
REQ504442,/api/beneficiary,372.5,200,2026-04-10 01:54:11.168448,
REQ504443,/api/transfer,307.8,200,2026-03-28 23:36:59.143217,
REQ504444,/api/balance,71.5,200,2026-04-11 10:59:55.781640,
REQ504445,/api/login,42.6,200,2026-04-10 05:44:02.763094,
REQ504446,/api/balance,608.2,200,2026-02-24 11:57:31.390328,
REQ504447,/api/login,932.4,200,2026-05-07 22:57:48.437973,
REQ504448,/api/balance,280.4,401,2026-08-06 03:39:58.739841,
REQ504449,/api/login,420.4,500,2026-08-15 19:10:11.447821,INC405612
REQ504450,/api/kyc/verify,354.5,200,2026-06-25 12:05:48.594457,
REQ504451,/api/login,305.6,401,2026-04-29 12:31:06.471849,
REQ504452,/api/kyc/verify,625.9,429,2026-03-06 17:12:09.244534,
REQ504453,/api/kyc/verify,399.8,200,2026-06-04 14:14:30.989264,
REQ504454,/api/transfer,436.6,429,2026-06-17 04:46:52.834601,
REQ504455,/api/statement,407.2,200,2026-07-13 01:00:36.998191,
REQ504456,/api/kyc/verify,413.3,200,2026-05-20 22:13:41.549090,
REQ504457,/api/statement,100.1,201,2026-06-01 02:38:41.397170,
REQ504458,/api/transfer,186.7,200,2026-06-20 17:56:33.018216,
REQ504459,/api/balance,219.0,200,2026-06-19 13:49:13.822398,
REQ504460,/api/statement,136.6,200,2026-08-11 12:15:08.083498,
REQ504461,/api/transfer,262.0,200,2026-04-19 10:36:04.345377,
REQ504462,/api/balance,491.4,200,2026-06-08 21:59:23.335604,
REQ504463,/api/balance,649.4,200,2026-04-03 07:32:44.740584,
REQ504464,/api/login,776.5,200,2026-02-26 02:18:43.889345,
REQ504465,/api/login,100.9,200,2026-04-15 21:08:27.073948,
REQ504466,/api/balance,152.8,200,2026-07-23 15:58:34.649751,
REQ504467,/api/beneficiary,4443.6,200,2026-03-18 18:21:57.496233,
REQ504468,/api/beneficiary,438.8,200,2026-07-27 18:26:45.035568,
REQ504469,/api/login,176.9,500,2026-06-27 14:14:02.579649,
REQ504470,/api/statement,48.0,200,2026-06-24 07:54:37.007154,
REQ504471,/api/beneficiary,671.6,503,2026-06-08 02:30:14.448643,
REQ504472,/api/login,38.4,200,2026-07-22 14:54:41.099348,
REQ504473,/api/kyc/verify,233.0,200,2026-08-10 03:41:07.570976,
REQ504474,/api/statement,208.7,502,2026-08-02 18:14:00.792912,
REQ504475,/api/login,269.1,200,2026-05-09 10:13:07.459505,
REQ504476,/api/statement,155.6,200,2026-05-31 18:55:19.595619,
REQ504477,/api/login,3531.2,201,2026-05-12 10:53:04.146185,
REQ504478,/api/balance,381.7,200,2026-07-14 13:52:35.639596,
REQ504479,/api/kyc/verify,416.9,200,2026-04-12 08:24:11.784077,
REQ504480,/api/statement,137.6,200,2026-03-15 17:59:32.904768,
REQ504481,/api/beneficiary,117.5,200,2026-07-25 12:58:56.492599,
REQ504482,/api/balance,503.1,503,2026-03-18 17:10:40.298142,INC405766
REQ504483,/api/transfer,391.0,200,2026-03-08 13:26:18.462965,
REQ504484,/api/beneficiary,335.2,200,2026-05-31 17:11:00.935085,
REQ504485,/api/beneficiary,359.7,200,2026-06-13 15:15:51.347709,
REQ504486,/api/balance,374.8,200,2026-02-26 18:26:59.707732,
REQ504487,/api/kyc/verify,80.9,500,2026-05-17 09:35:59.918124,
REQ504488,/api/balance,218.9,200,2026-06-21 18:40:45.031985,
REQ504489,/api/transfer,424.6,503,2026-06-04 08:58:50.846421,
REQ504490,/api/beneficiary,575.5,200,2026-08-03 04:41:31.497692,
REQ504491,/api/statement,275.7,200,2026-08-11 14:51:36.714889,
REQ504492,/api/kyc/verify,212.0,200,2026-08-15 04:03:56.365794,
REQ504493,/api/login,270.9,200,2026-04-13 07:50:07.841839,
REQ504494,/api/beneficiary,25.0,200,2026-05-06 04:00:03.928420,
REQ504495,/api/login,706.5,200,2026-06-16 07:28:19.748438,
REQ504496,/api/balance,17.4,200,2026-05-17 23:00:11.707228,
REQ504497,/api/balance,311.8,200,2026-03-09 14:00:59.828237,
REQ504498,/api/statement,629.0,500,2026-07-27 14:41:09.500373,INC400985
REQ504499,/api/transfer,274.4,200,2026-06-18 10:40:16.435061,
REQ504500,/api/beneficiary,490.1,503,2026-07-01 07:19:20.182012,
REQ504501,/api/kyc/verify,91.5,200,2026-05-10 13:24:42.297856,
REQ504502,/api/balance,185.2,200,2026-04-23 22:10:56.571226,
REQ504503,/api/statement,738.4,200,2026-03-10 22:43:25.058196,
REQ504504,/api/statement,451.5,200,2026-06-15 03:54:40.447372,
REQ504505,/api/statement,150.9,200,2026-06-05 11:48:51.235107,
REQ504506,/api/beneficiary,290.2,200,2026-03-16 08:35:24.888103,
REQ504507,/api/login,249.1,200,2026-03-29 04:58:31.637373,
REQ504508,/api/balance,227.2,200,2026-05-04 19:54:10.643781,
REQ504509,/api/kyc/verify,72.9,200,2026-06-03 01:48:33.067919,
REQ504510,/api/transfer,83.7,200,2026-04-13 18:17:10.346269,
REQ504511,/api/kyc/verify,141.4,200,2026-06-11 10:45:59.331149,
REQ504512,/api/transfer,256.7,200,2026-07-25 13:24:31.386015,
REQ504513,/api/beneficiary,647.8,504,2026-03-27 19:23:16.574363,
REQ504514,/api/kyc/verify,53.9,200,2026-08-05 07:41:05.419527,
REQ504515,/api/beneficiary,63.2,200,2026-03-23 14:13:32.542536,
REQ504516,/api/transfer,303.3,200,2026-06-08 23:11:04.792197,
REQ504517,/api/beneficiary,182.5,429,2026-03-10 17:27:39.546348,
REQ504518,/api/beneficiary,169.0,200,2026-06-20 20:05:54.963930,
REQ504519,/api/transfer,223.4,200,2026-03-13 08:30:52.496548,
REQ504520,/api/kyc/verify,643.2,400,2026-05-13 10:40:04.411267,
REQ504521,/api/kyc/verify,264.7,200,2026-04-03 23:57:54.204005,
REQ504522,/api/kyc/verify,48.6,200,2026-05-26 04:41:18.869152,
REQ504523,/api/transfer,111.3,200,2026-08-10 16:57:12.775778,
REQ504524,/api/statement,419.5,200,2026-04-11 02:20:12.661089,
REQ504525,/api/login,144.1,200,2026-08-08 15:11:09.343611,
REQ504526,/api/balance,523.8,400,2026-08-05 01:32:05.125162,
REQ504527,/api/kyc/verify,172.5,200,2026-06-30 18:54:37.935610,
REQ504528,/api/transfer,282.0,200,2026-03-30 17:30:35.615119,
REQ504529,/api/kyc/verify,180.8,200,2026-08-16 23:04:29.995487,
REQ504530,/api/statement,476.5,200,2026-07-21 16:12:28.959930,
REQ504531,/api/balance,336.1,503,2026-03-09 07:14:03.288882,INC404681
REQ504532,/api/balance,407.9,504,2026-07-20 00:03:26.441722,INC406155
REQ504533,/api/statement,528.8,500,2026-06-18 18:01:50.532940,INC404167
REQ504534,/api/kyc/verify,307.7,200,2026-02-21 18:29:32.392041,
REQ504535,/api/kyc/verify,134.9,200,2026-04-09 19:19:15.718230,
REQ504536,/api/kyc/verify,580.8,200,2026-03-28 23:13:52.032571,
REQ504537,/api/beneficiary,128.0,200,2026-08-19 00:10:09.206185,
REQ504538,/api/balance,546.5,200,2026-02-21 13:52:36.618479,
REQ504539,/api/login,393.4,200,2026-03-15 11:33:10.267440,
REQ504540,/api/kyc/verify,374.3,200,2026-06-08 11:28:17.263746,
REQ504541,/api/transfer,112.6,200,2026-07-30 06:25:47.693905,
REQ504542,/api/kyc/verify,47.3,200,2026-04-01 21:29:24.163221,
REQ504543,/api/beneficiary,302.8,200,2026-03-19 22:01:45.796239,
REQ504544,/api/kyc/verify,354.7,200,2026-08-09 11:20:17.873534,
REQ504545,/api/transfer,349.6,429,2026-08-02 03:47:04.802524,
REQ504546,/api/login,76.2,201,2026-06-14 03:14:27.275667,
REQ504547,/api/transfer,154.0,201,2026-04-20 15:15:42.062105,
REQ504548,/api/balance,217.8,200,2026-06-01 09:57:35.612037,
REQ504549,/api/transfer,362.9,200,2026-08-14 20:07:30.410360,
REQ504550,/api/beneficiary,260.1,200,2026-04-02 05:13:46.995839,
REQ504551,/api/statement,191.6,200,2026-05-31 18:01:43.508583,
REQ504552,/api/beneficiary,288.1,200,2026-08-05 03:21:33.053907,
REQ504553,/api/statement,57.4,400,2026-04-21 11:54:08.498779,
REQ504554,/api/transfer,449.9,201,2026-07-19 19:21:04.927289,
REQ504555,/api/statement,210.6,200,2026-06-04 00:46:58.451339,
REQ504556,/api/transfer,289.8,401,2026-06-29 21:00:40.445008,
REQ504557,/api/beneficiary,447.9,200,2026-03-24 10:04:24.501701,
REQ504558,/api/balance,142.5,400,2026-04-09 01:12:55.791802,
REQ504559,/api/statement,202.5,200,2026-08-14 15:20:15.094696,
REQ504560,/api/balance,5854.6,200,2026-07-23 07:50:13.732538,
REQ504561,/api/balance,104.5,504,2026-06-18 07:02:51.947141,
REQ504562,/api/balance,142.9,200,2026-04-06 17:47:51.874840,
REQ504563,/api/beneficiary,80.1,200,2026-06-07 12:12:53.950590,
REQ504564,/api/login,38.0,502,2026-08-19 21:28:55.275671,INC409284
REQ504565,/api/balance,181.8,200,2026-06-05 20:16:53.740125,
REQ504566,/api/kyc/verify,222.8,503,2026-05-08 04:10:11.437312,INC402891
REQ504567,/api/statement,129.5,200,2026-05-07 19:34:11.393984,
REQ504568,/api/balance,452.2,200,2026-08-18 04:38:35.841616,
REQ504569,/api/transfer,327.5,200,2026-04-25 02:52:26.269987,
REQ504570,/api/balance,197.1,200,2026-03-12 09:49:52.471296,
REQ504571,/api/beneficiary,619.5,200,2026-03-23 01:49:26.132645,
REQ504572,/api/kyc/verify,229.3,200,2026-06-27 03:52:52.091160,
REQ504573,/api/kyc/verify,170.8,201,2026-05-19 10:30:51.714678,
REQ504574,/api/login,560.2,200,2026-05-19 11:24:05.611520,
REQ504575,/api/kyc/verify,228.3,200,2026-06-28 13:02:03.200725,
REQ504576,/api/beneficiary,72.8,200,2026-06-03 10:57:37.828907,
REQ504577,/api/transfer,359.9,502,2026-03-31 23:53:52.641174,INC401814
REQ504578,/api/balance,393.5,200,2026-05-08 10:15:20.122454,
REQ504579,/api/login,198.9,200,2026-04-25 14:36:03.431040,
REQ504580,/api/statement,519.6,500,2026-05-11 06:05:04.970850,
REQ504581,/api/kyc/verify,106.8,200,2026-04-17 01:10:13.695815,
REQ504582,/api/transfer,285.1,200,2026-06-10 02:34:11.662335,
REQ504583,/api/kyc/verify,439.9,200,2026-02-26 10:12:18.605151,
REQ504584,/api/statement,573.6,200,2026-04-23 09:53:25.818795,
REQ504585,/api/transfer,430.5,200,2026-06-10 11:38:49.889468,
REQ504586,/api/statement,306.1,200,2026-07-13 05:06:08.026211,
REQ504587,/api/transfer,272.4,200,2026-06-07 18:44:44.958901,
REQ504588,/api/beneficiary,549.9,200,2026-05-24 03:50:53.725479,
REQ504589,/api/kyc/verify,156.1,200,2026-04-08 07:57:40.488171,
REQ504590,/api/login,116.7,200,2026-02-25 14:06:48.838810,
REQ504591,/api/balance,388.7,429,2026-05-03 11:28:10.476261,
REQ504592,/api/transfer,88.1,200,2026-08-13 04:51:41.119537,
REQ504593,/api/beneficiary,399.1,200,2026-06-10 13:30:14.397037,
REQ504594,/api/transfer,127.2,503,2026-06-30 11:10:38.770726,INC407695
REQ504595,/api/balance,598.9,200,2026-06-09 08:41:38.802046,
REQ504596,/api/login,257.8,200,2026-05-19 02:58:00.890341,
REQ504597,/api/balance,502.8,200,2026-08-08 07:08:31.781252,
REQ504598,/api/transfer,93.0,200,2026-04-06 10:19:43.773663,
REQ504599,/api/statement,408.0,504,2026-08-15 15:22:59.519632,INC404505
REQ504600,/api/balance,126.9,200,2026-06-18 06:39:54.985864,
REQ504601,/api/login,162.7,200,2026-05-07 16:49:21.992012,
REQ504602,/api/login,81.9,200,2026-04-13 14:14:22.911108,
REQ504603,/api/kyc/verify,102.4,200,2026-03-18 06:23:59.988245,
REQ504604,/api/kyc/verify,578.0,200,2026-05-14 20:13:56.380038,
REQ504605,/api/statement,286.1,200,2026-07-17 04:18:30.835307,
REQ504606,/api/statement,203.4,200,2026-02-26 08:45:05.992251,
REQ504607,/api/statement,377.9,200,2026-08-05 22:41:06.795961,
REQ504608,/api/beneficiary,653.4,200,2026-08-14 02:48:31.219028,
REQ504609,/api/statement,343.6,200,2026-04-22 23:16:56.687272,
REQ504610,/api/balance,89.4,200,2026-06-15 11:28:54.593375,
REQ504611,/api/statement,1071.8,200,2026-05-16 12:03:42.438438,
REQ504612,/api/statement,89.1,200,2026-08-12 08:20:51.012791,
REQ504613,/api/kyc/verify,717.1,200,2026-05-21 01:32:24.977899,
REQ504614,/api/statement,132.0,200,2026-03-07 22:56:30.070575,
REQ504615,/api/kyc/verify,52.5,200,2026-06-14 23:33:09.016623,
REQ504616,/api/statement,457.3,200,2026-04-03 02:01:29.963691,
REQ504617,/api/kyc/verify,382.1,200,2026-04-01 04:09:59.488299,
REQ504618,/api/statement,392.8,200,2026-05-26 14:08:11.950878,
REQ504619,/api/balance,183.1,200,2026-07-02 12:58:59.220209,
REQ504620,/api/kyc/verify,75.7,200,2026-05-09 15:23:27.673211,
REQ504621,/api/transfer,711.1,200,2026-05-13 08:40:43.531008,
REQ504622,/api/balance,392.1,200,2026-06-07 07:44:37.463259,
REQ504623,/api/balance,811.4,200,2026-05-21 01:35:07.426166,
REQ504624,/api/transfer,33.9,200,2026-03-18 11:37:50.795275,
REQ504625,/api/transfer,433.1,200,2026-03-20 15:31:37.154095,
REQ504626,/api/login,294.6,200,2026-04-04 20:27:04.844543,
REQ504627,/api/transfer,299.5,200,2026-06-04 08:45:49.962764,
REQ504628,/api/statement,159.6,200,2026-06-26 04:30:10.887184,
REQ504629,/api/transfer,44.4,200,2026-05-20 20:27:17.746265,
REQ504630,/api/statement,165.3,200,2026-07-12 14:35:54.957334,
REQ504631,/api/statement,226.7,200,2026-08-01 21:28:43.886848,
REQ504632,/api/login,11.9,500,2026-05-17 19:58:38.307015,INC408376
REQ504633,/api/login,105.6,500,2026-04-30 14:10:40.554066,INC404340
REQ504634,/api/login,285.1,200,2026-07-01 15:07:59.375277,
REQ504635,/api/kyc/verify,222.9,502,2026-03-05 10:28:26.403774,
REQ504636,/api/transfer,7374.0,200,2026-02-23 14:57:39.252080,
REQ504637,/api/beneficiary,78.9,200,2026-04-07 11:38:30.392978,
REQ504638,/api/balance,108.3,200,2026-03-17 19:56:52.058848,
REQ504639,/api/beneficiary,614.4,200,2026-04-26 07:42:47.506370,
REQ504640,/api/login,46.9,200,2026-05-29 15:57:56.197568,
REQ504641,/api/beneficiary,259.8,200,2026-07-17 05:59:37.406308,
REQ504642,/api/balance,442.2,200,2026-08-17 00:22:17.132354,
REQ504643,/api/statement,97.3,200,2026-03-26 09:03:59.600145,
REQ504644,/api/balance,142.9,200,2026-04-24 18:31:36.988774,
REQ504645,/api/beneficiary,89.1,200,2026-06-25 10:34:00.333434,
REQ504646,/api/login,609.9,504,2026-05-01 03:41:46.973131,
REQ504647,/api/statement,7680.4,200,2026-04-15 20:21:30.908583,
REQ504648,/api/balance,178.9,200,2026-04-21 13:21:07.842938,
REQ504649,/api/statement,86.5,200,2026-04-10 11:21:40.551408,
REQ504650,/api/balance,77.9,200,2026-06-13 17:00:40.395290,
REQ504651,/api/balance,59.5,200,2026-05-28 11:45:34.345955,
REQ504652,/api/beneficiary,399.4,200,2026-06-23 08:05:47.173005,
REQ504653,/api/login,49.8,200,2026-07-28 23:06:25.359767,
REQ504654,/api/beneficiary,190.2,201,2026-05-12 17:24:33.071411,
REQ504655,/api/transfer,456.9,200,2026-04-03 16:02:04.290703,
REQ504656,/api/beneficiary,469.1,502,2026-04-20 18:24:30.456771,INC409682
REQ504657,/api/login,362.6,200,2026-08-15 18:37:27.048932,
REQ504658,/api/statement,144.0,200,2026-06-20 03:45:43.085027,
REQ504659,/api/statement,22.0,201,2026-03-07 05:56:28.016371,
REQ504660,/api/transfer,67.0,200,2026-03-11 15:37:09.180216,
REQ504661,/api/beneficiary,208.8,200,2026-07-05 11:18:19.600644,
REQ504662,/api/kyc/verify,761.1,200,2026-07-24 01:48:39.136831,
REQ504663,/api/balance,813.9,200,2026-03-26 08:45:54.388611,
REQ504664,/api/statement,459.1,200,2026-07-28 11:13:20.880052,
REQ504665,/api/balance,673.5,200,2026-03-07 14:18:50.828878,
REQ504666,/api/login,341.3,200,2026-04-04 22:06:46.271354,
REQ504667,/api/transfer,319.1,200,2026-02-24 12:44:54.853972,
REQ504668,/api/statement,30.1,200,2026-07-19 16:11:04.178382,
REQ504669,/api/statement,200.9,200,2026-06-08 03:05:06.185345,
REQ504670,/api/login,225.5,200,2026-06-12 07:27:36.077006,
REQ504671,/api/beneficiary,232.8,200,2026-05-08 18:07:08.560825,
REQ504672,/api/balance,282.8,200,2026-05-05 21:33:36.045803,
REQ504673,/api/balance,242.4,200,2026-05-18 02:34:00.839608,
REQ504674,/api/beneficiary,663.3,200,2026-08-17 04:56:08.039455,
REQ504675,/api/transfer,92.3,201,2026-05-13 11:46:06.376733,
REQ504676,/api/login,260.9,400,2026-04-02 12:15:25.721718,
REQ504677,/api/login,278.3,200,2026-05-26 18:25:15.601497,
REQ504678,/api/balance,578.7,200,2026-07-05 02:50:20.838286,
REQ504679,/api/statement,249.6,200,2026-03-05 07:29:11.347477,
REQ504680,/api/kyc/verify,213.8,500,2026-07-01 14:55:41.574007,INC403528
REQ504681,/api/transfer,499.3,200,2026-07-28 13:59:27.631603,
REQ504682,/api/beneficiary,277.5,200,2026-07-14 12:00:26.444663,
REQ504683,/api/balance,103.4,200,2026-06-22 02:07:58.899709,
REQ504684,/api/transfer,58.9,401,2026-07-30 04:15:28.043955,
REQ504685,/api/beneficiary,1014.1,200,2026-03-13 11:10:24.619495,
REQ504686,/api/kyc/verify,150.2,200,2026-06-20 08:15:38.984733,
REQ504687,/api/kyc/verify,199.8,200,2026-07-20 00:09:30.782842,
REQ504688,/api/kyc/verify,295.2,200,2026-06-20 12:56:36.309038,
REQ504689,/api/beneficiary,232.8,200,2026-08-11 12:52:25.034159,
REQ504690,/api/login,730.1,503,2026-04-13 14:52:50.787528,
REQ504691,/api/balance,196.4,200,2026-06-08 17:51:38.159947,
REQ504692,/api/balance,391.6,200,2026-05-28 20:53:42.515211,
REQ504693,/api/beneficiary,422.9,200,2026-05-09 18:39:04.062913,
REQ504694,/api/kyc/verify,658.5,503,2026-07-30 05:35:01.286150,
REQ504695,/api/login,128.5,200,2026-06-08 13:10:44.650980,
REQ504696,/api/login,210.2,200,2026-06-24 00:24:35.219954,
REQ504697,/api/balance,69.8,200,2026-03-10 13:44:32.207012,
REQ504698,/api/login,373.0,200,2026-05-08 21:56:35.116091,
REQ504699,/api/statement,378.5,200,2026-08-07 18:54:38.805862,
REQ504700,/api/statement,74.7,200,2026-03-31 16:29:47.130384,
REQ504701,/api/login,82.1,200,2026-07-16 23:41:03.922878,
REQ504702,/api/login,227.6,200,2026-04-29 14:35:45.192559,
REQ504703,/api/statement,220.8,200,2026-05-10 03:38:48.805923,
REQ504704,/api/transfer,469.9,200,2026-03-31 06:49:59.455816,
REQ504705,/api/login,291.3,500,2026-05-30 07:44:00.749555,
REQ504706,/api/kyc/verify,188.9,200,2026-07-22 03:01:23.594368,
REQ504707,/api/beneficiary,357.6,200,2026-05-20 09:08:39.116801,
REQ504708,/api/beneficiary,186.3,200,2026-06-05 10:19:04.475948,
REQ504709,/api/statement,26.1,200,2026-07-25 00:14:34.246295,
REQ504710,/api/statement,441.0,200,2026-06-19 05:15:53.893025,
REQ504711,/api/statement,251.0,200,2026-05-09 11:35:15.215876,
REQ504712,/api/transfer,139.9,200,2026-04-15 19:15:18.380868,
REQ504713,/api/transfer,306.2,200,2026-05-20 23:30:11.899854,
REQ504714,/api/login,367.3,200,2026-03-12 06:40:45.166751,
REQ504715,/api/beneficiary,279.9,400,2026-06-14 04:21:17.854191,
REQ504716,/api/login,137.6,200,2026-06-17 02:37:51.362997,
REQ504717,/api/login,130.1,504,2026-07-17 20:21:31.211077,
REQ504718,/api/beneficiary,204.6,400,2026-03-13 16:02:49.936716,
REQ504719,/api/kyc/verify,100.3,500,2026-03-13 22:52:54.447501,INC400479
REQ504720,/api/transfer,429.1,200,2026-02-24 17:48:05.747147,
REQ504721,/api/kyc/verify,299.2,400,2026-07-23 01:36:33.263983,
REQ504722,/api/login,7484.9,500,2026-05-26 01:34:11.174728,INC403422
REQ504723,/api/statement,170.4,200,2026-06-10 08:34:29.987699,
REQ504724,/api/login,164.7,200,2026-04-12 14:26:30.732949,
REQ504725,/api/login,207.0,200,2026-06-08 07:53:41.704007,
REQ504726,/api/balance,205.9,200,2026-07-13 18:36:01.703154,
REQ504727,/api/login,161.8,200,2026-07-02 23:56:21.943362,
REQ504728,/api/login,50.2,200,2026-03-27 18:38:32.617799,
REQ504729,/api/kyc/verify,471.1,200,2026-04-29 09:42:30.196711,
REQ504730,/api/kyc/verify,196.5,200,2026-08-16 02:35:35.942169,
REQ504731,/api/beneficiary,455.0,200,2026-05-07 12:57:33.832368,
REQ504732,/api/statement,212.4,200,2026-05-18 13:54:24.459666,
REQ504733,/api/transfer,127.4,200,2026-06-12 14:41:57.842220,
REQ504734,/api/balance,350.1,200,2026-05-07 21:23:44.796280,
REQ504735,/api/statement,408.3,200,2026-04-08 10:31:52.050613,
REQ504736,/api/statement,400.6,400,2026-04-30 18:17:47.833170,
REQ504737,/api/login,422.1,200,2026-03-19 21:56:55.538247,
REQ504738,/api/balance,392.0,200,2026-06-12 04:20:08.074733,
REQ504739,/api/beneficiary,624.2,200,2026-05-01 21:11:12.717028,
REQ504740,/api/statement,355.2,502,2026-06-23 07:34:14.504074,INC408268
REQ504741,/api/balance,4781.2,503,2026-07-30 01:15:33.338395,
REQ504742,/api/balance,261.6,200,2026-05-09 17:29:12.730940,
REQ504743,/api/statement,4874.9,200,2026-03-26 19:37:12.148792,
REQ504744,/api/login,277.9,200,2026-04-14 05:10:49.084044,
REQ504745,/api/beneficiary,533.3,201,2026-04-20 20:39:01.827368,
REQ504746,/api/kyc/verify,400.0,500,2026-03-08 00:57:49.305476,
REQ504747,/api/statement,327.6,200,2026-07-27 02:45:44.489727,
REQ504748,/api/login,169.7,200,2026-06-16 04:55:39.822262,
REQ504749,/api/beneficiary,556.3,502,2026-04-02 11:51:55.328961,INC400186
REQ504750,/api/beneficiary,270.1,200,2026-03-01 04:25:13.488772,
REQ504751,/api/statement,108.6,200,2026-03-08 06:08:47.197989,
REQ504752,/api/kyc/verify,196.2,200,2026-07-31 06:45:42.576575,
REQ504753,/api/transfer,491.7,200,2026-08-04 07:11:47.616237,
REQ504754,/api/balance,23.6,200,2026-06-30 13:06:28.902506,
REQ504755,/api/kyc/verify,1467.5,200,2026-04-18 12:21:54.462981,
REQ504756,/api/beneficiary,552.0,200,2026-05-17 13:57:24.112749,
REQ504757,/api/login,256.1,502,2026-07-22 20:25:03.540119,INC403767
REQ504758,/api/beneficiary,391.8,200,2026-03-05 17:03:48.273529,
REQ504759,/api/login,345.0,200,2026-03-03 16:36:16.838960,
REQ504760,/api/balance,160.0,200,2026-02-22 07:37:40.062418,
REQ504761,/api/beneficiary,7966.8,200,2026-03-10 04:08:14.087113,
REQ504762,/api/beneficiary,6394.0,200,2026-03-08 02:01:30.955149,
REQ504763,/api/beneficiary,211.5,200,2026-05-17 15:23:06.818131,
REQ504764,/api/balance,577.5,200,2026-07-01 21:30:13.799445,
REQ504765,/api/statement,290.5,200,2026-04-20 16:39:22.248172,
REQ504766,/api/login,439.5,200,2026-05-19 19:13:03.696245,
REQ504767,/api/login,422.2,200,2026-03-18 07:08:15.714526,
REQ504768,/api/statement,3165.5,200,2026-04-05 18:51:54.908441,
REQ504769,/api/transfer,138.1,200,2026-06-30 04:43:28.274950,
REQ504770,/api/beneficiary,176.1,500,2026-03-20 13:30:10.206184,INC405808
REQ504771,/api/kyc/verify,170.3,200,2026-08-17 18:11:55.231843,
REQ504772,/api/kyc/verify,541.5,200,2026-07-28 12:40:50.122403,
REQ504773,/api/beneficiary,409.4,200,2026-07-05 21:13:52.457175,
REQ504774,/api/login,244.2,500,2026-06-19 07:35:17.165109,INC408152
REQ504775,/api/statement,336.0,200,2026-06-15 15:16:35.808726,
REQ504776,/api/kyc/verify,185.4,200,2026-03-31 09:07:29.455260,
REQ504777,/api/login,346.1,200,2026-07-12 18:18:20.407281,
REQ504778,/api/beneficiary,135.9,200,2026-05-13 01:21:04.066568,
REQ504779,/api/beneficiary,390.6,200,2026-07-11 17:43:26.599374,
REQ504780,/api/kyc/verify,136.1,200,2026-03-04 18:34:33.445223,
REQ504781,/api/statement,100.0,200,2026-07-12 14:10:52.985246,
REQ504782,/api/kyc/verify,415.3,200,2026-05-19 04:24:39.769602,
REQ504783,/api/statement,67.8,200,2026-02-22 14:03:27.500493,
REQ504784,/api/balance,204.0,200,2026-03-06 14:11:10.460556,
REQ504785,/api/transfer,331.2,200,2026-03-17 14:34:36.621973,
REQ504786,/api/balance,122.4,200,2026-04-07 00:13:20.915539,
REQ504787,/api/balance,569.1,200,2026-08-03 20:19:50.906855,
REQ504788,/api/beneficiary,186.6,200,2026-04-02 05:18:22.258260,
REQ504789,/api/statement,183.9,200,2026-03-17 08:55:47.203526,
REQ504790,/api/transfer,22.4,200,2026-08-17 15:50:21.009793,
REQ504791,/api/statement,153.0,201,2026-04-22 16:16:36.323040,
REQ504792,/api/statement,332.4,200,2026-08-19 08:16:47.687161,
REQ504793,/api/transfer,280.2,502,2026-08-16 07:33:50.903559,INC409810
REQ504794,/api/transfer,313.1,200,2026-02-22 07:02:38.135857,
REQ504795,/api/balance,39.4,200,2026-05-28 12:05:30.197765,
REQ504796,/api/transfer,711.2,200,2026-08-10 16:10:24.214674,
REQ504797,/api/transfer,361.6,200,2026-03-16 01:32:49.245685,
REQ504798,/api/login,64.9,200,2026-03-05 16:26:13.644118,
REQ504799,/api/statement,196.4,502,2026-03-24 00:21:12.466499,INC402508
REQ504800,/api/transfer,542.3,200,2026-03-29 11:33:52.410338,
REQ504801,/api/statement,401.1,502,2026-05-21 21:53:49.660265,INC400767
REQ504802,/api/transfer,554.9,200,2026-08-03 15:22:59.097363,
REQ504803,/api/login,267.6,200,2026-07-04 22:49:27.571538,
REQ504804,/api/balance,375.0,200,2026-03-01 14:43:06.214356,
REQ504805,/api/login,550.5,200,2026-07-27 10:48:02.799530,
REQ504806,/api/login,315.4,200,2026-04-27 06:52:03.748544,
REQ504807,/api/transfer,152.0,200,2026-08-10 13:26:50.083180,
REQ504808,/api/transfer,125.7,400,2026-03-29 15:24:36.007686,
REQ504809,/api/kyc/verify,313.6,200,2026-03-07 13:48:09.814851,
REQ504810,/api/kyc/verify,976.3,200,2026-04-18 21:18:16.991033,
REQ504811,/api/beneficiary,381.1,200,2026-04-04 17:16:13.807148,
REQ504812,/api/balance,201.2,200,2026-05-18 15:13:07.218886,
REQ504813,/api/statement,137.4,201,2026-07-30 17:53:23.157432,
REQ504814,/api/beneficiary,516.0,200,2026-08-05 22:17:41.408892,
REQ504815,/api/beneficiary,150.9,200,2026-03-02 08:30:30.464573,
REQ504816,/api/balance,34.0,200,2026-06-10 23:36:57.683052,
REQ504817,/api/transfer,303.8,200,2026-06-10 03:48:24.306289,
REQ504818,/api/balance,510.7,200,2026-05-26 17:32:47.415820,
REQ504819,/api/statement,83.4,201,2026-08-09 01:26:37.421308,
REQ504820,/api/balance,229.3,200,2026-03-13 01:27:23.729530,
REQ504821,/api/kyc/verify,178.1,429,2026-05-10 14:23:29.697500,
REQ504822,/api/transfer,512.6,200,2026-03-31 06:29:13.698089,
REQ504823,/api/balance,387.4,200,2026-05-11 16:36:15.556351,
REQ504824,/api/login,129.6,200,2026-06-16 20:56:57.282763,
REQ504825,/api/transfer,312.4,200,2026-04-08 10:40:19.408906,
REQ504826,/api/beneficiary,180.0,200,2026-08-18 15:44:45.388747,
REQ504827,/api/balance,172.4,200,2026-06-26 09:15:42.719204,
REQ504828,/api/balance,727.7,400,2026-08-03 00:56:29.625300,
REQ504829,/api/statement,239.3,200,2026-03-16 09:12:37.938464,
REQ504830,/api/transfer,115.7,200,2026-08-09 12:03:46.363149,
REQ504831,/api/beneficiary,261.2,200,2026-03-10 20:11:25.060340,
REQ504832,/api/kyc/verify,139.7,200,2026-03-25 21:39:03.368728,
REQ504833,/api/login,182.6,200,2026-04-05 14:38:06.313826,
REQ504834,/api/login,533.2,200,2026-04-23 11:27:12.989613,
REQ504835,/api/balance,335.3,200,2026-07-12 02:33:39.484938,
REQ504836,/api/transfer,324.1,200,2026-05-01 03:06:24.993927,
REQ504837,/api/login,395.2,200,2026-05-27 20:56:31.099697,
REQ504838,/api/transfer,760.7,200,2026-07-27 17:05:49.394086,
REQ504839,/api/transfer,570.6,200,2026-03-27 14:30:28.615977,
REQ504840,/api/login,657.7,200,2026-08-09 17:40:16.478864,
REQ504841,/api/login,570.2,200,2026-07-12 15:22:59.167538,
REQ504842,/api/balance,68.9,200,2026-07-18 09:33:52.349185,
REQ504843,/api/kyc/verify,693.5,200,2026-05-30 00:42:25.196883,
REQ504844,/api/balance,247.6,200,2026-07-21 06:54:27.454460,
REQ504845,/api/balance,308.3,200,2026-08-02 04:09:35.539328,
REQ504846,/api/balance,228.2,200,2026-05-12 04:55:31.102477,
REQ504847,/api/transfer,401.0,200,2026-03-29 00:02:04.802110,
REQ504848,/api/transfer,109.2,201,2026-04-14 18:19:45.642425,
REQ504849,/api/statement,159.5,502,2026-03-08 06:50:29.421468,
REQ504850,/api/beneficiary,55.1,200,2026-07-10 06:15:02.328717,
REQ504851,/api/balance,169.8,200,2026-04-10 21:44:11.545160,
REQ504852,/api/kyc/verify,122.2,200,2026-08-04 16:15:12.987396,
REQ504853,/api/statement,98.9,200,2026-06-17 01:16:45.846142,
REQ504854,/api/transfer,203.0,502,2026-02-24 11:18:57.415703,INC406415
REQ504855,/api/balance,185.5,503,2026-08-05 02:14:02.331854,
REQ504856,/api/statement,230.2,200,2026-04-07 11:13:54.671330,
REQ504857,/api/statement,7676.4,504,2026-04-15 05:16:39.362331,
REQ504858,/api/login,74.9,200,2026-02-24 12:34:59.181045,
REQ504859,/api/balance,258.5,200,2026-03-10 18:02:29.921198,
REQ504860,/api/balance,318.6,200,2026-08-13 23:23:48.066267,
REQ504861,/api/statement,82.1,200,2026-04-06 06:32:30.970453,
REQ504862,/api/kyc/verify,111.2,200,2026-07-08 15:53:59.237696,
REQ504863,/api/kyc/verify,162.5,200,2026-07-05 02:35:26.019516,
REQ504864,/api/statement,136.8,200,2026-04-29 00:56:30.440877,
REQ504865,/api/kyc/verify,391.3,200,2026-03-16 15:55:55.326234,
REQ504866,/api/balance,412.9,500,2026-08-09 18:27:35.597274,INC407603
REQ504867,/api/kyc/verify,952.4,200,2026-04-16 01:47:49.147030,
REQ504868,/api/kyc/verify,149.3,200,2026-04-15 19:03:16.795693,
REQ504869,/api/login,592.7,200,2026-05-03 06:27:12.984426,
REQ504870,/api/login,390.6,200,2026-07-22 12:50:07.871407,
REQ504871,/api/transfer,359.9,200,2026-06-22 21:58:06.838158,
REQ504872,/api/transfer,91.1,500,2026-06-05 22:00:10.429528,INC406291
REQ504873,/api/kyc/verify,80.9,200,2026-05-23 04:27:11.199655,
REQ504874,/api/transfer,546.7,429,2026-04-08 22:40:46.412470,
REQ504875,/api/kyc/verify,391.9,200,2026-03-05 22:50:41.471833,
REQ504876,/api/statement,373.2,200,2026-04-17 03:19:43.700297,
REQ504877,/api/balance,965.3,200,2026-04-14 16:46:49.517912,
REQ504878,/api/beneficiary,1036.9,200,2026-07-05 19:12:19.737564,
REQ504879,/api/statement,561.3,200,2026-04-02 10:21:40.653680,
REQ504880,/api/beneficiary,225.4,200,2026-03-04 10:29:36.875517,
REQ504881,/api/statement,459.9,200,2026-07-21 22:48:53.293228,
REQ504882,/api/transfer,572.2,200,2026-08-12 02:04:54.749094,
REQ504883,/api/transfer,80.7,200,2026-06-13 22:08:22.440362,
REQ504884,/api/transfer,144.6,200,2026-03-20 23:42:36.423824,
REQ504885,/api/statement,472.5,200,2026-05-17 05:21:37.665394,
REQ504886,/api/kyc/verify,47.7,200,2026-03-05 18:09:21.244748,
REQ504887,/api/transfer,641.3,200,2026-06-21 12:58:55.777710,
REQ504888,/api/kyc/verify,438.4,200,2026-04-21 11:48:14.772436,
REQ504889,/api/beneficiary,68.9,200,2026-08-06 19:19:15.830442,
REQ504890,/api/balance,259.9,200,2026-05-23 09:01:44.788212,
REQ504891,/api/login,125.8,200,2026-05-08 10:06:36.025033,
REQ504892,/api/balance,390.6,504,2026-03-26 01:58:51.001774,INC402907
REQ504893,/api/balance,317.4,200,2026-03-31 09:39:21.095456,
REQ504894,/api/beneficiary,733.1,200,2026-04-14 22:23:34.529962,
REQ504895,/api/statement,549.1,200,2026-02-22 02:32:44.900137,
REQ504896,/api/login,402.6,200,2026-08-14 03:13:44.700207,
REQ504897,/api/statement,305.7,200,2026-06-21 07:28:10.930795,
REQ504898,/api/login,387.1,200,2026-06-09 20:29:43.557381,
REQ504899,/api/kyc/verify,210.1,200,2026-02-25 18:14:54.285846,
REQ504900,/api/beneficiary,162.5,200,2026-06-01 12:13:16.055680,
REQ504901,/api/login,68.8,200,2026-07-24 19:01:54.669285,
REQ504902,/api/login,189.6,200,2026-04-30 16:58:18.074861,
REQ504903,/api/transfer,487.6,200,2026-03-26 05:11:58.054504,
REQ504904,/api/beneficiary,373.4,200,2026-07-18 12:09:24.227474,
REQ504905,/api/kyc/verify,471.7,200,2026-05-15 17:12:14.175482,
REQ504906,/api/transfer,122.3,200,2026-04-07 16:37:16.868155,
REQ504907,/api/kyc/verify,395.0,200,2026-04-01 06:11:18.750257,
REQ504908,/api/beneficiary,778.5,200,2026-07-23 10:41:40.264637,
REQ504909,/api/beneficiary,364.4,200,2026-07-03 00:25:44.464963,
REQ504910,/api/balance,37.4,200,2026-08-18 08:09:41.669041,
REQ504911,/api/login,356.8,200,2026-07-10 13:54:55.439844,
REQ504912,/api/transfer,27.7,200,2026-04-10 11:16:22.176395,
REQ504913,/api/transfer,519.2,200,2026-07-06 16:09:41.152966,
REQ504914,/api/statement,421.8,200,2026-06-29 21:59:55.002588,
REQ504915,/api/beneficiary,389.0,200,2026-06-12 22:05:07.391121,
REQ504916,/api/login,318.9,200,2026-05-25 03:32:25.908948,
REQ504917,/api/statement,131.4,200,2026-08-15 19:41:45.929223,
REQ504918,/api/login,291.8,200,2026-03-20 15:39:24.783475,
REQ504919,/api/kyc/verify,62.9,200,2026-05-20 01:37:12.121321,
REQ504920,/api/balance,7088.5,200,2026-07-12 00:41:45.843721,
REQ504921,/api/balance,77.1,200,2026-04-12 05:09:45.684374,
REQ504922,/api/beneficiary,121.7,200,2026-06-01 00:27:38.025742,
REQ504923,/api/kyc/verify,221.6,200,2026-03-30 13:20:33.191405,
REQ504924,/api/balance,389.1,200,2026-05-03 07:46:19.591987,
REQ504925,/api/kyc/verify,820.7,200,2026-05-07 11:49:16.701900,
REQ504926,/api/balance,231.3,200,2026-07-24 11:17:36.690584,
REQ504927,/api/balance,166.9,200,2026-08-01 12:56:47.021556,
REQ504928,/api/login,8693.7,200,2026-03-31 10:47:49.548826,
REQ504929,/api/login,408.4,200,2026-02-22 19:48:32.735356,
REQ504930,/api/kyc/verify,30.6,200,2026-03-24 05:00:49.617949,
REQ504931,/api/balance,132.9,200,2026-05-08 14:01:27.932123,
REQ504932,/api/login,375.2,200,2026-07-02 20:58:05.726419,
REQ504933,/api/statement,534.5,200,2026-07-21 11:47:00.881146,
REQ504934,/api/transfer,426.9,200,2026-03-28 07:21:18.113847,
REQ504935,/api/beneficiary,167.6,200,2026-07-13 12:58:12.556923,
REQ504936,/api/balance,161.1,200,2026-05-16 17:51:36.043920,
REQ504937,/api/transfer,375.4,401,2026-03-07 01:45:21.000872,
REQ504938,/api/statement,227.8,200,2026-06-11 10:45:28.537918,
REQ504939,/api/statement,381.8,200,2026-03-20 14:59:00.767334,
REQ504940,/api/balance,409.7,200,2026-07-26 05:04:08.054315,
REQ504941,/api/statement,873.8,200,2026-04-18 13:09:11.513379,
REQ504942,/api/balance,367.7,200,2026-05-16 03:10:52.777168,
REQ504943,/api/balance,701.8,200,2026-03-28 08:36:02.935639,
REQ504944,/api/login,218.4,201,2026-04-06 09:44:33.467627,
REQ504945,/api/statement,53.7,200,2026-03-29 12:37:17.396593,
REQ504946,/api/beneficiary,227.5,502,2026-05-18 23:57:24.562055,INC405451
REQ504947,/api/statement,498.1,200,2026-07-09 22:25:53.144168,
REQ504948,/api/balance,65.5,200,2026-05-12 04:23:15.570671,
REQ504949,/api/beneficiary,90.8,200,2026-03-10 00:53:25.334477,
REQ504950,/api/statement,186.7,200,2026-04-30 15:22:36.526160,
REQ504951,/api/statement,431.1,200,2026-03-31 15:24:15.794817,
REQ504952,/api/login,163.9,200,2026-03-29 00:21:46.511106,
REQ504953,/api/statement,5205.4,200,2026-02-22 13:06:29.565501,
REQ504954,/api/kyc/verify,281.7,200,2026-08-17 13:09:26.435315,
REQ504955,/api/statement,122.3,200,2026-05-16 19:57:29.976851,
REQ504956,/api/statement,270.5,200,2026-07-16 02:56:33.194926,
REQ504957,/api/statement,878.2,200,2026-07-14 20:45:10.566576,
REQ504958,/api/beneficiary,163.3,200,2026-06-08 16:44:56.413046,
REQ504959,/api/statement,179.6,503,2026-06-08 03:09:48.881559,INC400711
REQ504960,/api/kyc/verify,249.6,200,2026-06-09 12:34:13.293949,
REQ504961,/api/login,493.4,400,2026-06-11 12:11:42.127517,
REQ504962,/api/login,233.9,200,2026-08-02 20:18:49.473355,
REQ504963,/api/transfer,579.0,200,2026-03-01 04:58:11.729206,
REQ504964,/api/balance,299.7,200,2026-04-09 00:11:46.262892,
REQ504965,/api/statement,310.6,200,2026-06-13 20:40:54.067555,
REQ504966,/api/balance,387.4,200,2026-04-26 23:48:16.201854,
REQ504967,/api/statement,418.4,200,2026-04-23 00:20:30.513214,
REQ504968,/api/balance,216.1,200,2026-03-09 20:14:43.097617,
REQ504969,/api/kyc/verify,156.7,200,2026-03-25 04:39:22.119000,
REQ504970,/api/transfer,112.6,200,2026-03-24 14:53:01.471736,
REQ504971,/api/statement,664.1,200,2026-05-25 14:39:04.445477,
REQ504972,/api/balance,118.5,200,2026-08-08 21:58:52.743365,
REQ504973,/api/statement,150.8,200,2026-03-21 23:52:43.247987,
REQ504974,/api/balance,263.6,200,2026-04-19 04:58:21.383411,
REQ504975,/api/statement,191.4,500,2026-04-09 22:08:02.120687,INC406448
REQ504976,/api/beneficiary,110.1,200,2026-04-24 22:46:47.753241,
REQ504977,/api/statement,652.5,200,2026-05-13 21:54:09.352701,
REQ504978,/api/login,70.5,200,2026-03-01 05:11:16.348574,
REQ504979,/api/kyc/verify,3126.2,200,2026-03-04 17:20:14.240968,
REQ504980,/api/statement,208.3,200,2026-06-30 23:00:56.438949,
REQ504981,/api/kyc/verify,127.8,200,2026-07-27 08:50:48.175610,
REQ504982,/api/statement,222.8,200,2026-03-11 06:51:36.250184,
REQ504983,/api/transfer,187.5,401,2026-06-29 16:24:42.677885,
REQ504984,/api/beneficiary,296.3,200,2026-03-09 10:46:45.287674,
REQ504985,/api/beneficiary,457.1,200,2026-04-15 00:10:43.370606,
REQ504986,/api/beneficiary,48.5,401,2026-07-07 23:53:38.507627,
REQ504987,/api/balance,326.9,200,2026-04-25 08:14:50.158619,
REQ504988,/api/transfer,415.3,500,2026-03-12 00:58:00.414311,
REQ504989,/api/login,208.8,200,2026-06-14 01:24:07.501002,
REQ504990,/api/login,125.8,200,2026-03-24 16:06:36.095330,
REQ504991,/api/login,478.9,200,2026-07-15 02:41:39.078039,
REQ504992,/api/statement,982.5,200,2026-06-29 00:31:24.377890,
REQ504993,/api/balance,30.2,200,2026-07-14 18:58:52.216706,
REQ504994,/api/kyc/verify,288.2,200,2026-07-16 16:32:31.272341,
REQ504995,/api/beneficiary,277.8,200,2026-07-17 20:25:33.942062,
REQ504996,/api/login,32.6,200,2026-07-20 01:25:03.388179,
REQ504997,/api/statement,534.4,200,2026-03-30 03:20:55.297002,
REQ504998,/api/login,500.9,200,2026-06-08 20:14:05.981278,
REQ504999,/api/balance,515.6,429,2026-05-25 09:13:35.978892,
REQ505000,/api/balance,8704.9,200,2026-05-19 02:00:58.807578,
REQ505001,/api/kyc/verify,201.2,200,2026-06-23 05:57:36.387215,
REQ505002,/api/kyc/verify,467.9,200,2026-04-23 20:03:45.175416,
REQ505003,/api/login,444.0,200,2026-05-27 21:07:01.928761,
REQ505004,/api/balance,249.5,200,2026-07-23 16:37:38.050384,
REQ505005,/api/login,497.4,200,2026-03-14 21:02:49.198063,
REQ505006,/api/kyc/verify,3924.5,200,2026-04-05 23:44:08.076790,
REQ505007,/api/statement,743.1,200,2026-03-08 03:20:36.211786,
REQ505008,/api/transfer,318.0,503,2026-08-06 11:26:17.346754,
REQ505009,/api/transfer,713.2,200,2026-03-28 11:50:20.951917,
REQ505010,/api/beneficiary,216.0,200,2026-02-28 15:12:41.624251,
REQ505011,/api/beneficiary,118.9,200,2026-06-05 00:53:29.271825,
REQ505012,/api/balance,1073.8,201,2026-07-14 03:23:20.664434,
REQ505013,/api/login,254.5,200,2026-06-07 13:59:10.012238,
REQ505014,/api/kyc/verify,395.1,200,2026-03-15 10:25:13.447349,
REQ505015,/api/transfer,176.2,200,2026-07-28 18:03:51.290223,
REQ505016,/api/kyc/verify,137.9,429,2026-03-21 08:08:20.718805,
REQ505017,/api/statement,221.2,200,2026-03-27 15:10:31.080589,
REQ505018,/api/login,501.9,200,2026-07-25 12:52:11.282387,
REQ505019,/api/balance,379.4,200,2026-07-03 13:23:46.585573,
REQ505020,/api/statement,331.0,200,2026-08-18 04:38:53.845804,
REQ505021,/api/kyc/verify,892.5,200,2026-07-30 17:08:05.014977,
REQ505022,/api/login,393.5,200,2026-06-16 06:21:55.111619,
REQ505023,/api/login,568.8,200,2026-04-29 01:06:58.350856,
REQ505024,/api/login,286.5,200,2026-07-04 03:46:08.208560,
REQ505025,/api/balance,446.8,200,2026-07-09 07:09:03.031381,
REQ505026,/api/beneficiary,328.1,200,2026-03-31 09:41:33.419669,
REQ505027,/api/login,74.2,503,2026-02-24 02:16:45.492137,INC408087
REQ505028,/api/beneficiary,438.4,200,2026-04-24 02:04:36.809216,
REQ505029,/api/transfer,232.7,200,2026-08-03 09:19:33.748377,
REQ505030,/api/statement,264.2,200,2026-06-08 16:19:01.963807,
REQ505031,/api/statement,611.6,200,2026-03-31 23:46:18.542400,
REQ505032,/api/login,90.4,200,2026-03-26 10:06:02.976320,
REQ505033,/api/beneficiary,273.0,200,2026-05-05 08:57:16.796959,
REQ505034,/api/login,85.5,500,2026-03-16 13:05:24.010877,INC402571
REQ505035,/api/kyc/verify,63.1,200,2026-05-10 11:32:22.138683,
REQ505036,/api/balance,60.6,200,2026-03-10 07:34:08.854487,
REQ505037,/api/kyc/verify,315.4,503,2026-07-19 21:09:55.875838,
REQ505038,/api/transfer,326.5,200,2026-07-24 16:52:24.433999,
REQ505039,/api/transfer,5547.3,200,2026-05-26 06:11:30.358377,
REQ505040,/api/statement,281.9,200,2026-07-23 02:40:41.321323,
REQ505041,/api/kyc/verify,257.0,200,2026-03-04 23:28:08.201927,
REQ505042,/api/statement,447.3,200,2026-06-18 08:23:51.596542,
REQ505043,/api/balance,756.0,200,2026-06-17 08:44:38.491684,
REQ505044,/api/login,365.3,200,2026-04-18 08:06:30.764010,
REQ505045,/api/statement,75.7,200,2026-07-16 17:22:35.198071,
REQ505046,/api/transfer,277.1,200,2026-04-12 22:17:44.586128,
REQ505047,/api/beneficiary,84.2,200,2026-04-18 13:51:14.846741,
REQ505048,/api/transfer,820.4,200,2026-08-01 01:00:53.262556,
REQ505049,/api/statement,577.9,200,2026-03-28 02:06:03.688761,
REQ505050,/api/statement,56.5,200,2026-05-12 00:59:57.519677,
REQ505051,/api/login,103.2,201,2026-07-31 12:38:43.819651,
REQ505052,/api/transfer,415.6,200,2026-04-06 07:23:05.086460,
REQ505053,/api/login,359.2,200,2026-06-06 23:33:33.815461,
REQ505054,/api/statement,403.0,200,2026-06-06 19:50:33.236311,
REQ505055,/api/transfer,80.3,200,2026-06-16 15:57:23.862283,
REQ505056,/api/kyc/verify,399.1,200,2026-05-29 06:11:49.929034,
REQ505057,/api/kyc/verify,544.5,200,2026-07-21 02:39:23.807709,
REQ505058,/api/login,147.9,401,2026-03-25 20:23:09.510336,
REQ505059,/api/login,145.4,200,2026-07-12 14:59:18.440521,
REQ505060,/api/beneficiary,346.5,200,2026-08-03 14:28:00.885311,
REQ505061,/api/balance,60.8,200,2026-03-04 19:02:17.123015,
REQ505062,/api/kyc/verify,196.2,200,2026-06-02 23:53:59.322985,
REQ505063,/api/kyc/verify,206.8,200,2026-06-07 15:12:30.702465,
REQ505064,/api/login,353.1,400,2026-03-18 16:05:14.290348,
REQ505065,/api/kyc/verify,586.0,200,2026-04-26 08:47:27.519354,
REQ505066,/api/login,88.7,200,2026-05-17 16:49:10.608749,
REQ505067,/api/balance,899.9,200,2026-04-25 16:36:07.188371,
REQ505068,/api/transfer,642.1,200,2026-06-18 15:58:14.715884,
REQ505069,/api/transfer,123.0,400,2026-05-06 20:28:37.012326,
REQ505070,/api/statement,254.8,200,2026-06-28 05:15:33.101111,
REQ505071,/api/statement,284.2,200,2026-04-03 12:15:39.370685,
REQ505072,/api/kyc/verify,907.2,200,2026-04-27 19:21:07.599685,
REQ505073,/api/transfer,122.8,200,2026-05-22 21:33:04.268086,
REQ505074,/api/beneficiary,293.8,500,2026-03-20 12:01:59.526328,INC400213
REQ505075,/api/balance,89.4,200,2026-08-03 06:18:22.784125,
REQ505076,/api/login,45.2,200,2026-07-09 21:23:38.582952,
REQ505077,/api/balance,871.5,200,2026-06-14 14:50:02.503619,
REQ505078,/api/transfer,495.7,200,2026-08-10 20:05:42.202124,
REQ505079,/api/beneficiary,136.1,502,2026-05-22 12:05:09.232740,INC403897
REQ505080,/api/statement,74.6,200,2026-05-29 09:23:18.902413,
REQ505081,/api/kyc/verify,329.5,401,2026-06-30 09:50:57.231815,
REQ505082,/api/beneficiary,282.8,500,2026-03-04 10:56:13.122360,
REQ505083,/api/statement,472.3,200,2026-05-27 22:44:57.926639,
REQ505084,/api/beneficiary,334.6,200,2026-03-10 20:43:12.158428,
REQ505085,/api/statement,97.3,200,2026-06-21 19:50:51.808903,
REQ505086,/api/statement,161.0,200,2026-06-29 11:21:05.183838,
REQ505087,/api/beneficiary,271.0,200,2026-04-21 13:34:19.717812,
REQ505088,/api/statement,3274.5,200,2026-04-28 17:10:00.992089,
REQ505089,/api/beneficiary,479.8,503,2026-07-27 04:10:13.220608,INC402361
REQ505090,/api/statement,904.4,429,2026-07-11 11:48:23.231422,
REQ505091,/api/transfer,49.4,200,2026-06-28 13:20:53.009304,
REQ505092,/api/transfer,583.4,200,2026-07-06 00:23:53.320645,
REQ505093,/api/statement,343.7,200,2026-05-04 19:32:33.441170,
REQ505094,/api/transfer,299.6,500,2026-03-01 12:17:08.618510,INC406435
REQ505095,/api/statement,156.2,200,2026-04-11 23:57:28.393938,
REQ505096,/api/login,367.0,400,2026-06-03 03:05:26.874434,
REQ505097,/api/balance,541.6,200,2026-04-12 14:33:21.468151,
REQ505098,/api/kyc/verify,214.0,400,2026-07-01 19:19:27.206110,
REQ505099,/api/balance,699.9,200,2026-04-29 12:15:47.324850,
REQ505100,/api/login,105.0,200,2026-07-09 08:14:22.827434,
REQ505101,/api/kyc/verify,188.0,200,2026-03-18 01:12:33.438330,
REQ505102,/api/balance,184.6,200,2026-07-17 09:03:44.458475,
REQ505103,/api/balance,156.8,200,2026-03-08 16:40:59.878265,
REQ505104,/api/kyc/verify,622.8,401,2026-03-09 05:28:06.662329,
REQ505105,/api/statement,271.8,200,2026-03-27 07:02:27.662900,
REQ505106,/api/kyc/verify,197.5,200,2026-05-07 14:27:22.580291,
REQ505107,/api/beneficiary,152.5,200,2026-02-23 02:54:11.730069,
REQ505108,/api/login,109.4,200,2026-05-12 08:37:46.393381,
REQ505109,/api/login,386.2,200,2026-05-23 01:45:42.852599,
REQ505110,/api/login,713.9,200,2026-02-25 05:16:28.936974,
REQ505111,/api/transfer,89.7,200,2026-03-30 14:34:30.572052,
REQ505112,/api/transfer,23.4,503,2026-07-22 11:39:22.373479,INC405247
REQ505113,/api/beneficiary,72.2,200,2026-04-17 01:44:01.932328,
REQ505114,/api/beneficiary,198.2,200,2026-04-25 03:04:30.744379,
REQ505115,/api/beneficiary,73.5,500,2026-04-28 08:54:10.952501,INC401592
REQ505116,/api/balance,25.8,504,2026-07-29 13:27:36.118096,
REQ505117,/api/transfer,917.6,200,2026-06-03 20:05:46.547560,
REQ505118,/api/statement,107.2,200,2026-04-11 15:11:13.177275,
REQ505119,/api/statement,269.2,200,2026-06-18 05:28:33.657886,
REQ505120,/api/kyc/verify,306.8,200,2026-03-13 05:00:19.531839,
REQ505121,/api/kyc/verify,6369.2,200,2026-03-29 22:13:51.375641,
REQ505122,/api/login,170.8,200,2026-03-03 15:21:35.659258,
REQ505123,/api/login,135.2,200,2026-07-04 22:29:29.465389,
REQ505124,/api/statement,151.4,200,2026-03-09 22:07:35.358858,
REQ505125,/api/transfer,131.0,200,2026-07-07 05:52:43.832064,
REQ505126,/api/beneficiary,378.0,200,2026-07-05 19:07:58.158558,
REQ505127,/api/beneficiary,91.7,200,2026-06-29 07:31:24.712454,
REQ505128,/api/balance,448.1,200,2026-06-24 11:10:27.278354,
REQ505129,/api/balance,70.8,200,2026-05-02 22:32:59.456558,
REQ505130,/api/statement,347.8,200,2026-05-21 06:51:14.314927,
REQ505131,/api/kyc/verify,328.1,200,2026-04-09 10:40:51.662917,
REQ505132,/api/transfer,303.4,200,2026-05-22 17:39:21.008925,
REQ505133,/api/beneficiary,78.3,201,2026-08-16 12:11:34.151030,
REQ505134,/api/login,73.3,200,2026-07-20 17:15:58.273874,
REQ505135,/api/kyc/verify,3214.1,200,2026-05-13 11:33:50.838822,
REQ505136,/api/transfer,1594.0,200,2026-07-18 12:13:38.373506,
REQ505137,/api/beneficiary,73.8,200,2026-05-21 13:37:40.664974,
REQ505138,/api/statement,266.6,200,2026-05-20 18:13:09.165688,
REQ505139,/api/transfer,308.2,200,2026-04-21 06:13:59.826554,
REQ505140,/api/statement,239.8,200,2026-08-06 03:59:00.104061,
REQ505141,/api/balance,262.3,200,2026-07-05 08:03:50.069440,
REQ505142,/api/balance,322.6,500,2026-05-10 13:17:32.119455,INC404532
REQ505143,/api/statement,445.4,504,2026-03-14 13:32:42.478432,INC404587
REQ505144,/api/beneficiary,384.8,200,2026-08-08 17:02:03.007944,
REQ505145,/api/kyc/verify,256.0,200,2026-06-08 17:44:33.483069,
REQ505146,/api/statement,56.4,200,2026-04-17 08:17:45.157083,
REQ505147,/api/balance,508.5,401,2026-07-28 13:36:44.835069,
REQ505148,/api/statement,346.4,200,2026-03-08 18:18:21.128331,
REQ505149,/api/kyc/verify,190.2,200,2026-04-26 03:32:18.341711,
REQ505150,/api/balance,33.0,200,2026-06-12 06:02:05.111837,
REQ505151,/api/transfer,173.5,200,2026-03-13 03:21:24.377561,
REQ505152,/api/transfer,226.3,200,2026-06-19 10:55:10.978166,
REQ505153,/api/transfer,362.5,200,2026-08-07 06:44:51.627290,
REQ505154,/api/kyc/verify,631.7,200,2026-06-14 23:17:28.710766,
REQ505155,/api/kyc/verify,5270.9,200,2026-04-13 11:55:18.137417,
REQ505156,/api/login,568.2,200,2026-04-19 09:18:46.954032,
REQ505157,/api/balance,1025.8,200,2026-05-13 03:32:04.311473,
REQ505158,/api/transfer,716.2,200,2026-05-10 09:33:27.440112,
REQ505159,/api/kyc/verify,259.0,200,2026-03-08 17:53:15.886129,
REQ505160,/api/balance,315.5,200,2026-03-20 13:44:20.612647,
REQ505161,/api/balance,68.1,200,2026-08-12 16:47:40.816865,
REQ505162,/api/transfer,393.3,200,2026-06-21 12:40:19.026972,
REQ505163,/api/balance,68.2,200,2026-06-09 23:16:04.847978,
REQ505164,/api/beneficiary,186.8,500,2026-06-02 12:53:29.732904,INC409777
REQ505165,/api/transfer,157.7,200,2026-04-29 12:19:32.672827,
REQ505166,/api/login,187.7,200,2026-03-16 09:35:50.957949,
REQ505167,/api/login,271.3,200,2026-05-30 09:23:01.017889,
REQ505168,/api/beneficiary,720.0,200,2026-07-09 17:46:06.554265,
REQ505169,/api/kyc/verify,87.7,429,2026-05-18 23:38:17.735230,
REQ505170,/api/beneficiary,98.5,200,2026-07-28 04:16:16.959236,
REQ505171,/api/balance,110.6,200,2026-04-22 05:02:25.690022,
REQ505172,/api/balance,66.5,200,2026-06-26 23:29:58.809882,
REQ505173,/api/balance,188.7,200,2026-02-24 00:09:19.463480,
REQ505174,/api/kyc/verify,289.1,200,2026-04-06 06:34:08.544387,
REQ505175,/api/login,8177.5,500,2026-04-12 17:20:50.873024,INC402155
REQ505176,/api/login,83.9,200,2026-03-31 04:14:06.819908,
REQ505177,/api/kyc/verify,343.8,200,2026-04-29 08:17:44.912188,
REQ505178,/api/transfer,169.7,200,2026-04-16 23:08:21.823902,
REQ505179,/api/kyc/verify,315.5,200,2026-08-06 05:44:18.000709,
REQ505180,/api/kyc/verify,562.1,200,2026-05-31 17:26:23.388163,
REQ505181,/api/kyc/verify,95.4,200,2026-05-21 12:07:45.259949,
REQ505182,/api/beneficiary,376.1,200,2026-05-11 23:43:58.694482,
REQ505183,/api/beneficiary,96.1,200,2026-04-24 13:06:02.734224,
REQ505184,/api/login,377.2,200,2026-04-28 05:56:46.511896,
REQ505185,/api/statement,274.5,200,2026-06-14 04:12:39.377351,
REQ505186,/api/kyc/verify,153.4,200,2026-06-05 21:24:48.051141,
REQ505187,/api/balance,55.3,200,2026-03-19 04:35:39.532697,
REQ505188,/api/beneficiary,760.2,200,2026-05-04 00:26:31.614710,
REQ505189,/api/kyc/verify,99.0,200,2026-04-11 21:33:55.845406,
REQ505190,/api/login,511.7,200,2026-05-20 08:48:21.598823,
REQ505191,/api/statement,233.9,200,2026-05-20 15:35:09.638676,
REQ505192,/api/beneficiary,498.2,200,2026-06-02 21:36:17.079967,
REQ505193,/api/transfer,121.5,200,2026-06-21 06:32:36.498684,
REQ505194,/api/kyc/verify,103.0,200,2026-07-07 07:27:18.255986,
REQ505195,/api/balance,237.2,200,2026-05-25 23:02:46.661147,
REQ505196,/api/kyc/verify,288.7,200,2026-06-25 03:09:14.681566,
REQ505197,/api/transfer,233.8,201,2026-06-14 05:40:52.039447,
REQ505198,/api/statement,135.4,401,2026-05-02 12:01:40.938939,
REQ505199,/api/beneficiary,307.4,503,2026-07-12 15:13:32.864330,INC408704
REQ505200,/api/transfer,286.5,200,2026-06-30 09:02:28.749024,
REQ505201,/api/transfer,883.6,200,2026-06-29 07:24:00.246828,
REQ505202,/api/balance,145.7,200,2026-05-01 19:05:06.616133,
REQ505203,/api/balance,294.3,200,2026-06-18 15:13:54.617445,
REQ505204,/api/login,332.1,200,2026-04-20 14:26:13.785722,
REQ505205,/api/login,7857.5,201,2026-07-04 20:22:41.096388,
REQ505206,/api/login,74.2,200,2026-03-29 13:30:08.532929,
REQ505207,/api/kyc/verify,345.0,200,2026-08-13 12:04:07.699890,
REQ505208,/api/statement,320.5,500,2026-07-02 00:27:00.298247,INC403967
REQ505209,/api/kyc/verify,5038.4,200,2026-07-23 10:36:11.241338,
REQ505210,/api/balance,426.8,200,2026-05-14 17:03:44.245623,
REQ505211,/api/statement,133.2,502,2026-03-17 10:47:20.062223,
REQ505212,/api/kyc/verify,564.0,200,2026-07-03 04:43:44.098500,
REQ505213,/api/transfer,224.5,503,2026-06-20 05:08:12.586995,
REQ505214,/api/balance,115.9,200,2026-04-02 03:59:02.541562,
REQ505215,/api/statement,333.6,200,2026-08-19 07:29:36.845159,
REQ505216,/api/statement,86.8,200,2026-05-22 01:08:21.114101,
REQ505217,/api/beneficiary,82.6,200,2026-08-01 22:37:49.533602,
REQ505218,/api/beneficiary,161.0,200,2026-06-11 17:37:31.126729,
REQ505219,/api/login,152.2,200,2026-03-01 01:13:14.644480,
REQ505220,/api/statement,903.8,200,2026-04-07 03:17:14.848942,
REQ505221,/api/login,463.1,200,2026-05-29 16:39:50.861888,
REQ505222,/api/statement,114.7,200,2026-03-21 20:14:41.016861,
REQ505223,/api/beneficiary,729.2,200,2026-08-07 00:44:03.942690,
REQ505224,/api/statement,100.3,200,2026-06-27 05:05:55.824976,
REQ505225,/api/beneficiary,101.3,200,2026-04-14 10:00:36.107236,
REQ505226,/api/statement,407.3,200,2026-04-16 03:25:10.036764,
REQ505227,/api/beneficiary,167.6,200,2026-03-04 14:37:00.799227,
REQ505228,/api/login,360.1,200,2026-07-18 21:29:00.581725,
REQ505229,/api/kyc/verify,340.4,200,2026-04-26 18:21:59.748965,
REQ505230,/api/transfer,465.1,400,2026-03-11 20:35:54.578431,
REQ505231,/api/kyc/verify,689.1,200,2026-04-11 13:47:12.244487,
REQ505232,/api/balance,233.3,200,2026-04-18 23:10:20.712727,
REQ505233,/api/login,467.3,200,2026-07-01 11:41:04.636288,
REQ505234,/api/login,224.6,200,2026-08-18 13:09:43.166264,
REQ505235,/api/beneficiary,151.3,400,2026-04-20 03:45:27.640542,
REQ505236,/api/transfer,200.9,200,2026-05-22 15:37:18.151478,
REQ505237,/api/beneficiary,423.8,200,2026-02-21 00:21:29.035470,
REQ505238,/api/transfer,3389.2,200,2026-07-09 02:10:14.745584,
REQ505239,/api/kyc/verify,453.4,429,2026-07-17 17:05:42.749087,
REQ505240,/api/statement,140.5,200,2026-04-12 01:02:24.447273,
REQ505241,/api/beneficiary,165.0,200,2026-04-04 22:22:01.432533,
REQ505242,/api/transfer,132.6,200,2026-06-28 03:00:32.862514,
REQ505243,/api/balance,352.0,200,2026-05-06 10:18:52.967442,
REQ505244,/api/transfer,446.6,200,2026-04-08 10:52:28.986611,
REQ505245,/api/statement,497.9,429,2026-07-09 10:27:15.663994,
REQ505246,/api/balance,122.8,201,2026-04-15 01:19:58.142780,
REQ505247,/api/beneficiary,456.3,200,2026-06-11 23:02:38.443973,
REQ505248,/api/login,192.5,200,2026-07-27 13:48:35.257031,
REQ505249,/api/kyc/verify,418.9,200,2026-06-08 23:13:55.537317,
REQ505250,/api/transfer,149.7,200,2026-05-18 01:31:11.577840,
REQ505251,/api/transfer,220.2,200,2026-07-27 06:39:05.105338,
REQ505252,/api/kyc/verify,37.8,200,2026-06-26 04:15:54.912460,
REQ505253,/api/statement,175.7,200,2026-06-25 00:35:02.536169,
REQ505254,/api/login,20.9,200,2026-05-08 23:50:05.411145,
REQ505255,/api/kyc/verify,53.3,200,2026-04-25 07:10:24.348377,
REQ505256,/api/beneficiary,486.3,200,2026-05-07 23:03:37.093357,
REQ505257,/api/balance,91.4,503,2026-05-09 13:39:47.069309,INC401145
REQ505258,/api/statement,778.8,200,2026-06-05 02:27:09.463776,
REQ505259,/api/statement,487.5,200,2026-03-27 20:48:15.788693,
REQ505260,/api/kyc/verify,510.8,200,2026-08-19 07:01:36.466294,
REQ505261,/api/statement,356.3,200,2026-05-02 11:28:21.406401,
REQ505262,/api/transfer,272.1,200,2026-07-08 19:25:23.201567,
REQ505263,/api/transfer,330.6,200,2026-07-31 21:49:49.559847,
REQ505264,/api/balance,510.7,401,2026-03-15 02:15:42.115018,
REQ505265,/api/transfer,425.7,200,2026-07-08 11:03:00.769822,
REQ505266,/api/login,322.5,200,2026-07-17 13:31:42.691111,
REQ505267,/api/kyc/verify,558.9,200,2026-07-07 10:18:16.933156,
REQ505268,/api/statement,554.7,200,2026-03-23 10:48:07.192894,
REQ505269,/api/login,634.0,200,2026-04-27 07:41:51.837818,
REQ505270,/api/kyc/verify,253.1,200,2026-03-08 02:40:54.940142,
REQ505271,/api/transfer,241.0,201,2026-05-19 12:38:31.061190,
REQ505272,/api/balance,360.0,200,2026-04-06 20:50:14.266388,
REQ505273,/api/balance,190.3,200,2026-03-28 00:40:53.549305,
REQ505274,/api/beneficiary,104.1,200,2026-07-20 01:37:55.530348,
REQ505275,/api/kyc/verify,288.9,200,2026-07-18 16:49:58.418785,
REQ505276,/api/balance,455.4,200,2026-06-20 15:20:12.481641,
REQ505277,/api/kyc/verify,120.8,200,2026-03-08 02:58:47.549493,
REQ505278,/api/beneficiary,8054.1,200,2026-04-11 01:32:33.733796,
REQ505279,/api/login,609.7,200,2026-04-14 04:53:51.250229,
REQ505280,/api/transfer,269.8,429,2026-06-13 06:52:15.847315,
REQ505281,/api/statement,13.6,200,2026-05-04 00:30:00.733330,
REQ505282,/api/statement,299.7,200,2026-04-23 03:16:51.074387,
REQ505283,/api/kyc/verify,383.8,200,2026-05-17 16:38:30.398559,
REQ505284,/api/login,81.2,200,2026-06-18 04:11:51.999910,
REQ505285,/api/beneficiary,248.6,200,2026-04-18 15:02:39.616741,
REQ505286,/api/login,427.8,200,2026-08-12 08:44:53.721063,
REQ505287,/api/transfer,469.3,200,2026-03-29 14:59:09.587351,
REQ505288,/api/kyc/verify,77.6,200,2026-05-05 05:57:03.654402,
REQ505289,/api/kyc/verify,532.0,200,2026-07-28 22:34:05.292402,
REQ505290,/api/statement,164.0,200,2026-07-05 23:48:47.349900,
REQ505291,/api/balance,76.3,200,2026-06-17 04:56:15.837367,
REQ505292,/api/statement,840.6,200,2026-06-03 10:22:36.192401,
REQ505293,/api/beneficiary,529.6,200,2026-06-21 08:56:00.922841,
REQ505294,/api/beneficiary,362.1,200,2026-06-06 09:49:41.906458,
REQ505295,/api/statement,156.5,200,2026-04-12 05:59:30.782490,
REQ505296,/api/login,6473.6,200,2026-08-17 02:38:07.142084,
REQ505297,/api/transfer,258.5,200,2026-03-20 12:49:50.730120,
REQ505298,/api/kyc/verify,126.7,200,2026-05-07 18:31:05.086569,
REQ505299,/api/login,330.6,200,2026-07-26 12:48:11.125467,
REQ505300,/api/beneficiary,310.9,400,2026-05-29 08:03:31.931316,
REQ505301,/api/balance,29.5,200,2026-08-17 13:28:43.801169,
REQ505302,/api/transfer,398.2,200,2026-02-22 21:29:01.376844,
REQ505303,/api/statement,224.1,200,2026-05-21 13:14:43.826297,
REQ505304,/api/statement,379.0,200,2026-06-05 22:04:52.091492,
REQ505305,/api/transfer,359.7,200,2026-07-28 10:26:36.615837,
REQ505306,/api/statement,212.4,500,2026-04-24 03:06:28.510937,INC402338
REQ505307,/api/login,133.7,201,2026-04-12 13:30:34.447558,
REQ505308,/api/login,795.8,200,2026-05-11 21:03:18.378234,
REQ505309,/api/statement,286.8,200,2026-05-01 11:41:37.876455,
REQ505310,/api/login,333.8,200,2026-04-12 21:14:30.966915,
REQ505311,/api/transfer,426.2,200,2026-06-06 01:04:42.764544,
REQ505312,/api/balance,64.3,200,2026-04-11 14:12:17.243016,
REQ505313,/api/kyc/verify,246.7,200,2026-06-27 18:56:22.635314,
REQ505314,/api/statement,350.4,200,2026-07-14 18:35:45.053595,
REQ505315,/api/beneficiary,101.1,200,2026-02-27 07:13:21.702343,
REQ505316,/api/login,68.3,200,2026-07-11 05:45:41.742282,
REQ505317,/api/beneficiary,93.8,200,2026-05-29 15:17:25.622375,
REQ505318,/api/login,209.4,200,2026-04-20 21:02:10.256587,
REQ505319,/api/login,203.5,200,2026-08-06 11:11:53.451693,
REQ505320,/api/login,529.3,200,2026-07-06 13:33:31.664801,
REQ505321,/api/kyc/verify,351.1,400,2026-02-24 13:15:24.423984,
REQ505322,/api/statement,165.0,200,2026-07-12 06:18:05.936545,
REQ505323,/api/beneficiary,70.7,500,2026-04-16 00:25:43.812369,INC406464
REQ505324,/api/beneficiary,204.8,200,2026-04-01 08:18:02.633705,
REQ505325,/api/statement,67.5,200,2026-04-08 14:29:32.377554,
REQ505326,/api/balance,373.7,200,2026-07-10 08:47:31.394812,
REQ505327,/api/beneficiary,472.2,200,2026-07-19 04:39:40.534930,
REQ505328,/api/beneficiary,214.9,200,2026-04-07 23:19:06.195112,
REQ505329,/api/login,47.8,401,2026-03-09 20:31:47.298910,
REQ505330,/api/balance,102.5,200,2026-05-25 15:21:16.284462,
REQ505331,/api/statement,113.9,200,2026-08-02 06:16:26.036732,
REQ505332,/api/beneficiary,705.6,200,2026-06-15 18:09:32.950514,
REQ505333,/api/kyc/verify,136.3,200,2026-03-31 12:42:28.732252,
REQ505334,/api/statement,329.9,429,2026-04-14 16:49:15.038396,
REQ505335,/api/kyc/verify,367.2,200,2026-04-23 21:20:12.499399,
REQ505336,/api/transfer,119.7,200,2026-06-11 16:33:55.681784,
REQ505337,/api/kyc/verify,5490.9,200,2026-05-28 19:40:18.237808,
REQ505338,/api/balance,256.2,200,2026-06-02 06:22:25.494919,
REQ505339,/api/balance,421.0,200,2026-05-10 08:17:02.689535,
REQ505340,/api/beneficiary,51.5,201,2026-03-30 14:57:23.557914,
REQ505341,/api/kyc/verify,70.1,401,2026-08-10 23:41:42.419535,
REQ505342,/api/balance,186.1,502,2026-07-16 01:21:27.688961,INC406795
REQ505343,/api/beneficiary,124.5,200,2026-04-21 21:56:29.054832,
REQ505344,/api/login,354.8,200,2026-07-08 13:55:03.642695,
REQ505345,/api/login,81.3,200,2026-06-27 16:21:06.949780,
REQ505346,/api/beneficiary,87.7,200,2026-05-08 09:51:39.331121,
REQ505347,/api/beneficiary,568.6,200,2026-05-06 23:21:02.059305,
REQ505348,/api/kyc/verify,210.8,200,2026-05-04 18:30:55.814201,
REQ505349,/api/login,1249.0,200,2026-06-27 09:21:35.545286,
REQ505350,/api/statement,308.9,200,2026-06-28 13:49:22.880425,
REQ505351,/api/balance,371.5,200,2026-05-08 05:22:18.278949,
REQ505352,/api/transfer,242.7,200,2026-07-20 09:13:21.831866,
REQ505353,/api/transfer,5.3,200,2026-04-30 15:02:01.961814,
REQ505354,/api/balance,224.5,200,2026-04-11 10:44:42.520154,
REQ505355,/api/login,252.3,200,2026-08-17 02:07:18.650798,
REQ505356,/api/balance,417.8,200,2026-03-20 23:42:22.645541,
REQ505357,/api/kyc/verify,276.1,401,2026-04-19 09:27:48.885660,
REQ505358,/api/statement,367.7,500,2026-04-18 14:59:20.441170,
REQ505359,/api/kyc/verify,46.3,429,2026-06-24 14:50:53.552126,
REQ505360,/api/transfer,497.8,200,2026-08-13 08:04:26.707745,
REQ505361,/api/kyc/verify,47.9,503,2026-07-22 23:29:59.475977,
REQ505362,/api/statement,242.5,200,2026-03-07 20:54:02.535995,
REQ505363,/api/transfer,378.5,200,2026-07-01 23:36:51.354339,
REQ505364,/api/beneficiary,403.2,200,2026-03-11 13:16:23.473125,
REQ505365,/api/balance,265.7,504,2026-04-04 21:28:24.807985,INC400641
REQ505366,/api/kyc/verify,291.7,200,2026-04-04 21:08:44.943792,
REQ505367,/api/statement,406.5,200,2026-06-10 09:01:40.501638,
REQ505368,/api/balance,295.7,500,2026-04-19 20:24:09.122053,INC404947
REQ505369,/api/beneficiary,113.8,200,2026-05-18 05:45:51.173052,
REQ505370,/api/transfer,382.3,200,2026-07-27 08:24:45.573748,
REQ505371,/api/beneficiary,336.1,200,2026-05-01 14:15:46.110919,
REQ505372,/api/login,476.9,200,2026-07-07 04:43:16.639262,
REQ505373,/api/statement,140.6,401,2026-03-27 12:50:22.531747,
REQ505374,/api/beneficiary,65.3,200,2026-07-27 22:40:11.175873,
REQ505375,/api/statement,92.8,200,2026-03-18 15:24:59.792863,
REQ505376,/api/balance,78.2,200,2026-03-28 13:17:38.760137,
REQ505377,/api/balance,85.0,200,2026-07-27 10:07:43.694379,
REQ505378,/api/transfer,231.4,200,2026-02-22 22:33:14.038461,
REQ505379,/api/kyc/verify,824.0,200,2026-05-27 01:41:28.444547,
REQ505380,/api/kyc/verify,200.9,500,2026-08-02 22:01:09.347633,INC407758
REQ505381,/api/beneficiary,199.0,200,2026-05-27 19:27:05.289015,
REQ505382,/api/balance,236.6,200,2026-08-05 04:17:17.310840,
REQ505383,/api/balance,280.4,200,2026-04-14 05:21:50.663866,
REQ505384,/api/transfer,251.6,200,2026-07-20 02:03:38.521618,
REQ505385,/api/login,315.8,200,2026-04-04 11:33:56.401793,
REQ505386,/api/statement,248.3,200,2026-03-02 12:21:46.956495,
REQ505387,/api/transfer,600.2,200,2026-04-14 06:11:52.149459,
REQ505388,/api/login,338.1,400,2026-05-12 01:43:57.613566,
REQ505389,/api/balance,470.2,200,2026-03-08 04:29:36.004430,
REQ505390,/api/login,327.0,200,2026-06-10 03:55:18.978358,
REQ505391,/api/statement,514.0,200,2026-05-24 19:40:32.636667,
REQ505392,/api/balance,78.6,200,2026-02-24 14:45:56.280649,
REQ505393,/api/login,302.1,500,2026-04-25 08:31:46.541457,INC401270
REQ505394,/api/transfer,642.5,200,2026-04-21 13:16:28.687544,
REQ505395,/api/transfer,297.6,200,2026-05-20 06:41:19.844644,
REQ505396,/api/beneficiary,151.3,200,2026-06-04 11:01:18.043329,
REQ505397,/api/beneficiary,850.5,429,2026-03-16 00:13:15.902533,
REQ505398,/api/kyc/verify,239.9,200,2026-06-22 21:39:32.156804,
REQ505399,/api/beneficiary,257.4,200,2026-06-06 23:17:31.263655,
REQ505400,/api/login,261.2,200,2026-04-02 00:25:48.572654,
REQ505401,/api/beneficiary,173.0,200,2026-07-14 13:29:30.406718,
REQ505402,/api/transfer,437.6,200,2026-04-26 03:29:52.837403,
REQ505403,/api/login,143.1,200,2026-05-21 06:21:18.426283,
REQ505404,/api/beneficiary,428.6,200,2026-06-06 04:41:30.498970,
REQ505405,/api/kyc/verify,134.7,200,2026-08-12 14:42:44.923465,
REQ505406,/api/kyc/verify,193.9,200,2026-05-10 11:21:11.623550,
REQ505407,/api/transfer,237.3,200,2026-06-08 12:58:55.330407,
REQ505408,/api/beneficiary,251.6,200,2026-06-25 19:58:03.463484,
REQ505409,/api/balance,241.6,200,2026-02-22 01:00:10.971935,
REQ505410,/api/login,178.6,200,2026-03-12 05:37:37.069051,
REQ505411,/api/kyc/verify,285.4,200,2026-04-30 12:24:46.394717,
REQ505412,/api/balance,395.5,200,2026-08-17 09:35:52.052529,
REQ505413,/api/beneficiary,118.3,200,2026-03-27 00:03:30.031897,
REQ505414,/api/transfer,17.2,400,2026-07-21 10:04:04.063482,
REQ505415,/api/balance,282.7,200,2026-02-25 17:52:14.552295,
REQ505416,/api/login,80.3,200,2026-08-17 00:50:15.516370,
REQ505417,/api/balance,210.8,200,2026-03-28 10:23:31.984411,
REQ505418,/api/login,74.4,200,2026-06-04 06:20:54.868059,
REQ505419,/api/balance,290.7,200,2026-05-24 12:28:01.227635,
REQ505420,/api/kyc/verify,267.4,200,2026-08-02 00:06:24.987576,
REQ505421,/api/transfer,142.0,401,2026-07-02 15:30:04.958727,
REQ505422,/api/transfer,352.9,200,2026-08-11 06:23:41.030623,
REQ505423,/api/login,340.4,200,2026-05-23 08:11:43.595392,
REQ505424,/api/statement,70.7,200,2026-03-27 16:03:31.911551,
REQ505425,/api/transfer,273.4,200,2026-07-02 20:27:14.831851,
REQ505426,/api/login,216.2,200,2026-08-04 16:38:55.054401,
REQ505427,/api/balance,781.6,200,2026-08-17 18:09:06.381847,
REQ505428,/api/transfer,197.3,200,2026-02-22 19:56:42.270425,
REQ505429,/api/statement,352.5,200,2026-04-30 00:32:14.887242,
REQ505430,/api/kyc/verify,174.6,200,2026-08-19 00:26:24.248188,
REQ505431,/api/statement,571.6,200,2026-05-11 20:29:09.268360,
REQ505432,/api/statement,82.1,200,2026-04-25 11:10:52.348105,
REQ505433,/api/kyc/verify,612.7,200,2026-02-25 15:35:31.094263,
REQ505434,/api/kyc/verify,518.7,200,2026-08-16 10:01:15.550053,
REQ505435,/api/kyc/verify,349.2,200,2026-04-03 08:07:08.086872,
REQ505436,/api/statement,345.0,401,2026-04-29 16:44:09.971775,
REQ505437,/api/statement,411.3,200,2026-06-14 03:59:18.510447,
REQ505438,/api/statement,487.6,200,2026-04-17 05:52:39.437151,
REQ505439,/api/login,74.8,400,2026-06-28 11:47:59.570048,
REQ505440,/api/beneficiary,129.6,200,2026-03-13 03:27:50.300028,
REQ505441,/api/statement,237.1,200,2026-05-28 21:04:44.049655,
REQ505442,/api/beneficiary,116.4,200,2026-06-08 10:01:39.134334,
REQ505443,/api/transfer,145.4,200,2026-04-30 22:51:28.434587,
REQ505444,/api/statement,104.1,200,2026-06-30 06:07:27.206252,
REQ505445,/api/transfer,222.1,200,2026-05-21 01:58:39.988505,
REQ505446,/api/beneficiary,305.4,200,2026-05-03 13:24:20.592034,
REQ505447,/api/transfer,370.4,200,2026-08-02 08:14:17.078647,
REQ505448,/api/kyc/verify,685.2,200,2026-06-26 18:41:20.463725,
REQ505449,/api/beneficiary,119.8,200,2026-06-10 19:11:10.995891,
REQ505450,/api/transfer,850.1,201,2026-07-08 22:03:59.468837,
REQ505451,/api/balance,558.6,200,2026-03-10 00:24:31.755905,
REQ505452,/api/beneficiary,122.7,201,2026-05-04 06:48:00.720046,
REQ505453,/api/beneficiary,72.7,500,2026-06-04 20:41:16.551672,
REQ505454,/api/kyc/verify,173.4,200,2026-08-08 01:06:59.073276,
REQ505455,/api/statement,39.4,200,2026-05-18 03:22:38.085475,
REQ505456,/api/login,339.4,400,2026-05-17 14:32:49.599991,
REQ505457,/api/transfer,242.3,200,2026-07-23 17:10:21.070393,
REQ505458,/api/kyc/verify,57.1,200,2026-07-06 07:44:02.276565,
REQ505459,/api/beneficiary,302.6,200,2026-05-11 00:08:55.885949,
REQ505460,/api/kyc/verify,439.1,503,2026-04-30 14:38:18.052930,
REQ505461,/api/beneficiary,73.1,200,2026-08-18 05:59:43.990915,
REQ505462,/api/balance,414.9,201,2026-04-30 00:03:09.781426,
REQ505463,/api/login,356.3,500,2026-02-22 14:27:13.327712,
REQ505464,/api/transfer,91.9,200,2026-05-22 12:55:44.714882,
REQ505465,/api/balance,508.9,200,2026-06-27 10:33:21.536399,
REQ505466,/api/beneficiary,58.5,200,2026-05-05 03:11:37.576188,
REQ505467,/api/statement,847.2,200,2026-04-29 04:56:50.117833,
REQ505468,/api/statement,124.0,429,2026-04-08 06:29:57.705928,
REQ505469,/api/login,680.2,504,2026-06-04 19:02:20.502370,
REQ505470,/api/transfer,44.6,200,2026-06-24 01:09:48.196707,
REQ505471,/api/login,470.9,200,2026-07-13 22:27:32.869157,
REQ505472,/api/login,878.6,200,2026-05-15 02:02:06.543998,
REQ505473,/api/statement,418.7,200,2026-04-30 19:19:02.210611,
REQ505474,/api/beneficiary,159.9,200,2026-07-03 00:58:40.145534,
REQ505475,/api/balance,210.1,200,2026-03-04 00:43:18.047857,
REQ505476,/api/balance,317.6,200,2026-06-08 02:10:38.863711,
REQ505477,/api/beneficiary,87.2,200,2026-06-20 23:30:03.128316,
REQ505478,/api/beneficiary,153.5,200,2026-08-07 04:33:57.067684,
REQ505479,/api/balance,349.1,200,2026-03-14 14:50:18.147525,
REQ505480,/api/beneficiary,783.9,200,2026-05-19 04:34:01.900794,
REQ505481,/api/transfer,331.3,200,2026-03-22 16:00:38.710316,
REQ505482,/api/statement,125.0,200,2026-05-21 10:03:19.917020,
REQ505483,/api/kyc/verify,392.1,400,2026-08-04 18:35:14.802286,
REQ505484,/api/beneficiary,450.0,200,2026-08-03 20:12:56.314000,
REQ505485,/api/kyc/verify,290.9,400,2026-05-10 02:27:51.887163,
REQ505486,/api/beneficiary,25.6,400,2026-07-05 16:01:30.781792,
REQ505487,/api/login,88.7,200,2026-04-17 08:41:53.870457,
REQ505488,/api/kyc/verify,72.0,200,2026-04-06 21:27:35.373539,
REQ505489,/api/beneficiary,205.2,200,2026-06-28 15:27:21.623720,
REQ505490,/api/transfer,473.7,200,2026-07-11 01:25:40.102575,
REQ505491,/api/kyc/verify,293.2,200,2026-03-12 17:09:39.032232,
REQ505492,/api/beneficiary,67.3,200,2026-04-11 07:44:12.232354,
REQ505493,/api/statement,276.7,200,2026-05-30 20:47:33.737360,
REQ505494,/api/statement,495.1,401,2026-03-15 23:13:23.940670,
REQ505495,/api/beneficiary,214.3,200,2026-05-10 08:29:59.463103,
REQ505496,/api/statement,182.5,401,2026-07-09 00:11:46.111915,
REQ505497,/api/beneficiary,449.4,200,2026-06-03 22:30:15.300807,
REQ505498,/api/statement,231.8,200,2026-04-27 10:28:32.751289,
REQ505499,/api/login,103.3,200,2026-06-28 14:45:12.160634,
REQ505500,/api/statement,946.3,201,2026-06-29 14:53:00.792851,
REQ505501,/api/kyc/verify,210.3,200,2026-04-22 19:55:57.274434,
REQ505502,/api/beneficiary,111.1,200,2026-05-19 02:19:51.888195,
REQ505503,/api/beneficiary,467.2,200,2026-05-06 01:42:36.631339,
REQ505504,/api/statement,237.3,429,2026-05-28 06:13:06.056754,
REQ505505,/api/statement,50.2,200,2026-02-23 10:26:34.050544,
REQ505506,/api/beneficiary,446.9,200,2026-03-25 13:34:01.802970,
REQ505507,/api/kyc/verify,157.4,200,2026-04-04 18:35:39.634049,
REQ505508,/api/login,263.0,200,2026-04-25 01:45:13.888375,
REQ505509,/api/transfer,246.6,200,2026-07-06 10:20:34.935789,
REQ505510,/api/balance,141.6,200,2026-03-08 08:04:17.579852,
REQ505511,/api/statement,230.1,200,2026-03-25 04:02:21.884336,
REQ505512,/api/kyc/verify,236.9,200,2026-07-10 07:48:40.512217,
REQ505513,/api/balance,267.9,400,2026-08-19 20:14:06.344319,
REQ505514,/api/beneficiary,432.6,200,2026-03-03 21:03:27.807109,
REQ505515,/api/login,255.2,200,2026-05-14 15:04:21.204956,
REQ505516,/api/kyc/verify,301.9,200,2026-07-20 15:46:39.018528,
REQ505517,/api/balance,58.4,200,2026-03-17 19:24:47.498740,
REQ505518,/api/statement,203.0,200,2026-06-21 16:06:19.138429,
REQ505519,/api/kyc/verify,431.0,200,2026-05-12 21:25:13.190642,
REQ505520,/api/kyc/verify,70.1,200,2026-07-13 12:16:38.116342,
REQ505521,/api/beneficiary,33.6,503,2026-07-20 09:47:11.123297,INC407586
REQ505522,/api/kyc/verify,190.6,200,2026-06-14 14:17:04.117108,
REQ505523,/api/balance,677.6,200,2026-02-26 02:28:39.546245,
REQ505524,/api/balance,160.8,200,2026-03-15 13:50:17.730057,
REQ505525,/api/balance,1174.8,401,2026-07-31 07:15:48.947422,
REQ505526,/api/balance,661.0,200,2026-04-17 13:19:58.944193,
REQ505527,/api/login,173.0,200,2026-07-12 18:41:06.746974,
REQ505528,/api/statement,161.6,500,2026-07-23 05:54:52.758645,INC402184
REQ505529,/api/beneficiary,365.8,200,2026-07-05 07:32:44.896183,
REQ505530,/api/transfer,482.0,200,2026-05-13 04:23:38.577619,
REQ505531,/api/balance,57.0,502,2026-06-13 18:06:16.586892,
REQ505532,/api/balance,53.7,200,2026-04-05 19:44:23.979941,
REQ505533,/api/transfer,84.0,200,2026-05-10 04:55:14.470758,
REQ505534,/api/transfer,200.2,500,2026-08-06 22:48:55.366563,INC401989
REQ505535,/api/kyc/verify,348.3,200,2026-07-02 03:26:27.006138,
REQ505536,/api/kyc/verify,470.8,200,2026-04-13 10:40:44.295486,
REQ505537,/api/kyc/verify,120.8,201,2026-06-20 23:46:14.159728,
REQ505538,/api/login,782.3,200,2026-06-12 10:47:14.809203,
REQ505539,/api/statement,102.5,200,2026-05-23 16:33:23.752786,
REQ505540,/api/transfer,337.5,200,2026-07-05 07:12:01.097696,
REQ505541,/api/balance,43.0,200,2026-06-26 07:00:28.272430,
REQ505542,/api/statement,250.1,200,2026-07-28 07:34:20.004985,
REQ505543,/api/statement,231.6,200,2026-07-31 01:53:11.227909,
REQ505544,/api/kyc/verify,163.7,200,2026-06-24 07:16:12.317042,
REQ505545,/api/balance,161.3,200,2026-06-10 03:44:50.249858,
REQ505546,/api/kyc/verify,774.7,200,2026-06-20 11:18:38.798250,
REQ505547,/api/beneficiary,56.6,200,2026-07-22 14:15:21.249471,
REQ505548,/api/statement,387.1,200,2026-04-11 22:53:25.714847,
REQ505549,/api/beneficiary,317.4,200,2026-04-29 08:44:23.853532,
REQ505550,/api/kyc/verify,219.8,200,2026-02-21 17:00:54.376238,
REQ505551,/api/beneficiary,71.4,200,2026-05-25 09:25:43.970880,
REQ505552,/api/transfer,314.1,503,2026-04-15 20:42:51.770336,INC401685
REQ505553,/api/login,30.0,200,2026-07-29 10:09:23.322248,
REQ505554,/api/balance,278.7,200,2026-07-22 22:11:22.988210,
REQ505555,/api/beneficiary,509.2,200,2026-07-22 14:38:24.139413,
REQ505556,/api/kyc/verify,455.3,200,2026-03-29 11:38:18.185072,
REQ505557,/api/beneficiary,102.5,200,2026-04-04 22:07:52.273856,
REQ505558,/api/balance,379.0,200,2026-07-25 00:58:02.909808,
REQ505559,/api/kyc/verify,807.1,200,2026-03-15 00:34:40.568259,
REQ505560,/api/transfer,6.9,200,2026-03-11 06:06:27.009541,
REQ505561,/api/statement,762.5,200,2026-07-22 14:26:58.288823,
REQ505562,/api/beneficiary,820.6,200,2026-03-02 05:34:59.147943,
REQ505563,/api/balance,448.2,200,2026-02-23 10:12:06.609112,
REQ505564,/api/kyc/verify,158.4,200,2026-02-21 10:00:55.723533,
REQ505565,/api/beneficiary,180.3,200,2026-06-24 02:40:37.550290,
REQ505566,/api/beneficiary,60.6,200,2026-07-21 00:22:28.485939,
REQ505567,/api/transfer,243.6,504,2026-03-08 06:33:04.572038,
REQ505568,/api/login,336.8,200,2026-03-05 18:07:24.483308,
REQ505569,/api/kyc/verify,395.3,200,2026-03-22 15:54:13.358942,
REQ505570,/api/kyc/verify,268.0,503,2026-03-09 14:14:21.223015,
REQ505571,/api/statement,404.0,200,2026-07-18 22:32:37.995300,
REQ505572,/api/balance,332.9,502,2026-04-30 12:40:55.977038,INC403537
REQ505573,/api/login,99.6,200,2026-07-26 03:19:16.804573,
REQ505574,/api/kyc/verify,28.3,200,2026-07-29 00:01:44.122486,
REQ505575,/api/balance,233.1,200,2026-05-05 14:27:14.270520,
REQ505576,/api/kyc/verify,162.0,200,2026-05-05 00:20:25.913299,
REQ505577,/api/transfer,201.7,200,2026-04-01 08:28:54.930323,
REQ505578,/api/kyc/verify,204.3,200,2026-07-24 01:06:47.824582,
REQ505579,/api/beneficiary,122.9,200,2026-06-02 15:30:50.813241,
REQ505580,/api/balance,194.0,400,2026-05-22 10:36:23.206475,
REQ505581,/api/balance,125.7,200,2026-07-19 03:49:18.037059,
REQ505582,/api/balance,565.1,200,2026-08-17 20:31:47.163642,
REQ505583,/api/beneficiary,192.2,502,2026-07-02 20:17:30.680477,INC409812
REQ505584,/api/statement,557.5,200,2026-06-12 19:32:14.305458,
REQ505585,/api/login,291.6,200,2026-02-27 08:56:59.335981,
REQ505586,/api/balance,169.4,200,2026-03-09 14:52:02.070640,
REQ505587,/api/login,185.7,200,2026-06-03 22:58:37.486791,
REQ505588,/api/kyc/verify,4748.2,200,2026-04-27 19:15:46.280237,
REQ505589,/api/transfer,100.1,200,2026-03-12 17:11:14.698496,
REQ505590,/api/login,352.5,500,2026-04-23 02:35:39.124568,
REQ505591,/api/beneficiary,259.1,200,2026-07-17 09:47:01.591304,
REQ505592,/api/transfer,480.0,500,2026-06-21 03:13:09.838591,
REQ505593,/api/transfer,218.8,401,2026-04-03 14:56:22.462394,
REQ505594,/api/statement,110.0,200,2026-06-25 13:02:06.057951,
REQ505595,/api/login,246.8,200,2026-06-28 01:51:22.942451,
REQ505596,/api/kyc/verify,496.0,200,2026-05-15 18:20:43.963745,
REQ505597,/api/transfer,341.7,200,2026-05-23 04:25:41.143709,
REQ505598,/api/balance,275.5,200,2026-06-28 04:51:07.983963,
REQ505599,/api/login,128.9,500,2026-05-07 23:51:47.906498,
REQ505600,/api/statement,702.4,200,2026-07-13 14:32:10.259456,
REQ505601,/api/transfer,282.6,200,2026-04-12 06:16:41.217648,
REQ505602,/api/statement,323.9,200,2026-07-30 21:41:58.578982,
REQ505603,/api/kyc/verify,142.8,200,2026-05-14 17:41:29.402756,
REQ505604,/api/login,112.0,200,2026-08-05 15:18:07.304440,
REQ505605,/api/beneficiary,413.3,200,2026-03-25 06:31:55.840337,
REQ505606,/api/login,101.4,200,2026-04-28 13:36:23.178361,
REQ505607,/api/balance,52.2,200,2026-06-19 02:00:00.571962,
REQ505608,/api/kyc/verify,411.2,200,2026-08-08 20:13:50.480845,
REQ505609,/api/statement,380.1,200,2026-07-29 03:53:02.193985,
REQ505610,/api/transfer,159.3,500,2026-06-29 15:46:29.583441,INC403389
REQ505611,/api/statement,365.9,200,2026-05-15 15:23:13.090808,
REQ505612,/api/beneficiary,258.9,200,2026-06-11 12:53:17.570128,
REQ505613,/api/beneficiary,333.7,200,2026-08-18 13:32:17.032869,
REQ505614,/api/kyc/verify,458.9,200,2026-07-16 08:52:19.994912,
REQ505615,/api/transfer,65.4,200,2026-03-17 22:58:39.933141,
REQ505616,/api/balance,85.9,200,2026-04-27 12:26:59.598573,
REQ505617,/api/statement,235.5,200,2026-04-16 22:34:27.923372,
REQ505618,/api/kyc/verify,173.1,200,2026-06-14 22:31:48.829806,
REQ505619,/api/kyc/verify,3.3,200,2026-06-20 12:39:53.476145,
REQ505620,/api/balance,362.7,200,2026-03-20 10:24:36.821487,
REQ505621,/api/statement,418.7,200,2026-07-19 11:22:59.406601,
REQ505622,/api/transfer,166.8,200,2026-03-30 17:38:39.796329,
REQ505623,/api/login,278.2,201,2026-06-22 16:58:21.719090,
REQ505624,/api/statement,380.8,200,2026-04-23 10:23:02.804630,
REQ505625,/api/login,239.6,200,2026-05-20 07:00:56.638590,
REQ505626,/api/transfer,80.5,200,2026-07-12 13:16:27.120481,
REQ505627,/api/balance,331.8,200,2026-05-16 04:25:18.829787,
REQ505628,/api/login,296.4,200,2026-07-15 21:48:54.110459,
REQ505629,/api/kyc/verify,16.0,200,2026-03-18 15:31:37.435610,
REQ505630,/api/transfer,235.6,429,2026-02-27 07:45:36.580095,
REQ505631,/api/beneficiary,223.2,200,2026-08-02 17:38:45.180474,
REQ505632,/api/balance,151.6,401,2026-07-11 18:38:26.779564,
REQ505633,/api/login,28.1,200,2026-05-01 23:07:00.593706,
REQ505634,/api/statement,214.7,401,2026-04-02 02:48:30.720836,
REQ505635,/api/transfer,238.5,200,2026-06-06 04:44:51.078437,
REQ505636,/api/beneficiary,41.2,200,2026-04-09 16:04:02.906386,
REQ505637,/api/kyc/verify,418.7,200,2026-05-15 18:43:15.211782,
REQ505638,/api/kyc/verify,295.1,200,2026-08-13 23:56:55.984316,
REQ505639,/api/transfer,632.5,200,2026-08-08 06:03:43.731037,
REQ505640,/api/transfer,238.0,200,2026-03-17 20:22:09.124112,
REQ505641,/api/transfer,660.9,200,2026-03-08 08:20:23.342311,
REQ505642,/api/login,77.8,200,2026-08-04 14:02:33.641832,
REQ505643,/api/balance,122.0,200,2026-03-30 16:00:14.625319,
REQ505644,/api/login,274.7,400,2026-06-15 14:17:45.926594,
REQ505645,/api/kyc/verify,58.5,200,2026-03-22 09:25:18.620195,
REQ505646,/api/transfer,6591.7,500,2026-07-09 07:00:34.539376,
REQ505647,/api/balance,147.5,200,2026-06-10 15:35:49.003586,
REQ505648,/api/statement,78.8,201,2026-07-16 16:26:06.180591,
REQ505649,/api/login,546.6,200,2026-03-03 15:19:44.018231,
REQ505650,/api/transfer,470.4,200,2026-05-12 02:49:54.932476,
REQ505651,/api/kyc/verify,128.9,200,2026-07-30 16:14:30.323192,
REQ505652,/api/beneficiary,112.3,200,2026-06-29 06:01:42.579271,
REQ505653,/api/login,261.5,201,2026-04-13 15:14:53.125072,
REQ505654,/api/login,510.1,200,2026-03-22 07:47:48.380105,
REQ505655,/api/transfer,88.6,200,2026-06-20 10:12:01.758645,
REQ505656,/api/transfer,123.0,200,2026-07-26 19:01:41.940522,
REQ505657,/api/transfer,249.9,200,2026-06-08 12:10:11.383086,
REQ505658,/api/transfer,161.3,200,2026-06-15 05:54:00.317791,
REQ505659,/api/kyc/verify,474.2,201,2026-05-01 12:47:54.539504,
REQ505660,/api/transfer,241.3,200,2026-03-19 11:58:11.286566,
REQ505661,/api/beneficiary,197.2,200,2026-07-27 02:29:01.777018,
REQ505662,/api/kyc/verify,608.3,200,2026-08-04 22:42:21.575890,
REQ505663,/api/balance,467.5,200,2026-08-06 03:48:26.657671,
REQ505664,/api/statement,219.8,200,2026-07-17 00:21:48.076893,
REQ505665,/api/kyc/verify,436.8,200,2026-04-28 10:01:27.386646,
REQ505666,/api/kyc/verify,616.5,200,2026-04-27 21:24:46.485876,
REQ505667,/api/kyc/verify,514.7,200,2026-06-23 19:35:42.441970,
REQ505668,/api/statement,444.0,200,2026-03-24 12:06:52.612484,
REQ505669,/api/balance,369.0,200,2026-04-11 19:36:56.765547,
REQ505670,/api/transfer,52.8,200,2026-02-26 19:57:06.758209,
REQ505671,/api/kyc/verify,241.1,200,2026-05-18 13:41:40.237712,
REQ505672,/api/login,455.6,200,2026-04-29 23:24:04.681805,
REQ505673,/api/login,340.4,504,2026-03-30 15:10:15.273402,
REQ505674,/api/kyc/verify,215.2,200,2026-05-31 02:42:02.424074,
REQ505675,/api/statement,855.4,200,2026-07-04 03:00:56.085846,
REQ505676,/api/balance,308.9,200,2026-05-23 13:05:28.966943,
REQ505677,/api/balance,373.8,200,2026-07-28 06:08:39.907486,
REQ505678,/api/kyc/verify,242.1,201,2026-05-13 04:26:14.762467,
REQ505679,/api/beneficiary,23.2,200,2026-05-11 05:19:23.012222,
REQ505680,/api/login,174.8,200,2026-04-08 10:32:58.864486,
REQ505681,/api/balance,672.0,200,2026-02-26 07:53:20.658057,
REQ505682,/api/login,84.3,200,2026-04-04 22:11:49.685380,
REQ505683,/api/transfer,295.8,200,2026-02-25 17:20:21.969841,
REQ505684,/api/kyc/verify,94.9,200,2026-05-09 11:25:13.179718,
REQ505685,/api/balance,253.3,200,2026-05-23 11:34:45.997832,
REQ505686,/api/kyc/verify,232.2,200,2026-04-14 22:04:32.101376,
REQ505687,/api/kyc/verify,129.9,500,2026-06-17 07:23:33.832995,INC401952
REQ505688,/api/login,86.7,502,2026-03-27 11:05:31.149691,
REQ505689,/api/transfer,1003.6,200,2026-05-10 05:51:53.394743,
REQ505690,/api/beneficiary,95.7,200,2026-08-19 14:24:29.478165,
REQ505691,/api/balance,260.3,200,2026-05-09 17:00:03.056340,
REQ505692,/api/beneficiary,115.7,200,2026-07-22 17:51:12.396615,
REQ505693,/api/transfer,184.0,201,2026-05-19 19:45:54.247297,
REQ505694,/api/statement,596.8,200,2026-04-27 08:04:17.631660,
REQ505695,/api/balance,300.7,200,2026-07-19 08:50:04.518248,
REQ505696,/api/transfer,515.0,500,2026-04-01 10:07:27.058900,
REQ505697,/api/beneficiary,110.9,200,2026-04-22 08:52:39.372486,
REQ505698,/api/statement,444.1,200,2026-03-09 00:49:24.750217,
REQ505699,/api/beneficiary,95.6,200,2026-04-21 01:05:26.625253,
REQ505700,/api/kyc/verify,325.6,200,2026-07-24 11:52:26.766714,
REQ505701,/api/statement,163.7,500,2026-05-04 11:06:37.941539,
REQ505702,/api/login,178.8,200,2026-07-22 02:20:46.233908,
REQ505703,/api/kyc/verify,239.7,401,2026-04-23 04:19:55.606264,
REQ505704,/api/balance,134.3,200,2026-04-05 21:29:19.427340,
REQ505705,/api/kyc/verify,294.3,200,2026-07-15 00:10:21.096471,
REQ505706,/api/balance,348.6,200,2026-02-26 19:50:17.968258,
REQ505707,/api/balance,189.7,200,2026-05-07 08:11:26.724967,
REQ505708,/api/login,8425.8,200,2026-08-10 11:03:16.418792,
REQ505709,/api/balance,604.0,200,2026-08-17 08:39:04.070265,
REQ505710,/api/beneficiary,330.7,200,2026-07-31 22:58:51.316909,
REQ505711,/api/beneficiary,324.5,200,2026-04-08 10:33:00.018086,
REQ505712,/api/beneficiary,321.7,200,2026-07-14 09:39:30.551368,
REQ505713,/api/login,5280.9,200,2026-08-09 19:55:14.529059,
REQ505714,/api/statement,94.8,200,2026-03-09 21:24:43.391367,
REQ505715,/api/transfer,197.7,200,2026-08-09 11:47:32.700814,
REQ505716,/api/beneficiary,35.6,200,2026-08-08 03:42:52.766610,
REQ505717,/api/kyc/verify,592.1,200,2026-06-24 13:58:22.556105,
REQ505718,/api/beneficiary,140.7,200,2026-04-22 18:11:33.266196,
REQ505719,/api/login,42.8,200,2026-03-27 19:00:40.618984,
REQ505720,/api/transfer,185.0,429,2026-07-06 05:25:21.612906,
REQ505721,/api/kyc/verify,267.8,200,2026-03-13 20:08:14.693729,
REQ505722,/api/balance,298.5,200,2026-06-10 09:52:35.360562,
REQ505723,/api/kyc/verify,223.8,200,2026-02-25 07:45:24.327768,
REQ505724,/api/transfer,67.5,200,2026-03-14 10:14:43.727085,
REQ505725,/api/kyc/verify,658.4,400,2026-03-25 15:41:58.290541,
REQ505726,/api/statement,8258.5,200,2026-03-01 12:41:37.528381,
REQ505727,/api/beneficiary,305.3,200,2026-07-14 05:47:10.794397,
REQ505728,/api/kyc/verify,75.0,200,2026-08-17 09:57:18.165335,
REQ505729,/api/kyc/verify,286.5,200,2026-05-11 15:45:33.928029,
REQ505730,/api/statement,161.3,200,2026-06-28 14:38:38.175882,
REQ505731,/api/beneficiary,90.1,200,2026-02-24 10:55:12.660961,
REQ505732,/api/beneficiary,143.7,500,2026-06-10 09:13:04.960265,INC406008
REQ505733,/api/transfer,462.0,200,2026-06-25 12:31:04.407490,
REQ505734,/api/statement,306.2,200,2026-05-06 02:04:32.063350,
REQ505735,/api/balance,255.0,200,2026-07-18 05:32:51.093671,
REQ505736,/api/login,540.3,200,2026-07-27 09:59:50.520401,
REQ505737,/api/beneficiary,142.1,200,2026-07-14 08:38:13.689177,
REQ505738,/api/login,140.4,200,2026-08-09 15:23:33.022528,
REQ505739,/api/balance,178.0,400,2026-05-21 00:30:41.080372,
REQ505740,/api/kyc/verify,71.4,200,2026-05-19 08:44:17.229681,
REQ505741,/api/balance,319.2,400,2026-07-31 01:55:54.352136,
REQ505742,/api/beneficiary,83.4,200,2026-05-19 14:23:35.716212,
REQ505743,/api/kyc/verify,174.3,401,2026-03-19 15:21:17.145917,
REQ505744,/api/transfer,504.5,200,2026-08-12 18:58:06.928594,
REQ505745,/api/login,192.7,200,2026-08-02 17:54:26.218378,
REQ505746,/api/transfer,185.2,200,2026-04-08 12:20:53.114068,
REQ505747,/api/transfer,157.0,200,2026-03-19 11:13:25.721720,
REQ505748,/api/login,219.2,200,2026-05-06 13:50:46.400652,
REQ505749,/api/balance,205.8,200,2026-03-02 23:41:04.833486,
REQ505750,/api/statement,1128.2,200,2026-03-14 08:51:36.888091,
REQ505751,/api/balance,597.7,200,2026-07-05 07:26:13.496531,
REQ505752,/api/beneficiary,234.7,200,2026-08-19 02:59:24.307020,
REQ505753,/api/transfer,111.4,200,2026-02-27 08:50:41.035137,
REQ505754,/api/balance,40.3,200,2026-07-12 05:02:16.100489,
REQ505755,/api/kyc/verify,49.2,200,2026-05-03 01:57:40.265804,
REQ505756,/api/transfer,102.7,200,2026-07-04 19:56:13.489890,
REQ505757,/api/login,667.4,200,2026-06-16 21:25:32.298059,
REQ505758,/api/kyc/verify,307.0,200,2026-06-13 06:01:51.568902,
REQ505759,/api/balance,442.1,200,2026-07-26 13:39:14.560882,
REQ505760,/api/transfer,354.6,200,2026-08-12 09:52:46.142686,
REQ505761,/api/statement,513.1,200,2026-06-09 16:04:28.438257,
REQ505762,/api/balance,125.5,200,2026-03-18 00:14:05.500162,
REQ505763,/api/kyc/verify,275.4,200,2026-07-07 21:24:59.790928,
REQ505764,/api/balance,134.0,200,2026-03-15 02:46:58.214776,
REQ505765,/api/login,222.7,200,2026-07-08 20:06:30.603969,
REQ505766,/api/transfer,339.9,200,2026-04-12 21:27:27.931799,
REQ505767,/api/kyc/verify,29.4,200,2026-02-23 10:14:24.501828,
REQ505768,/api/kyc/verify,459.7,200,2026-06-14 12:57:49.758284,
REQ505769,/api/beneficiary,354.9,200,2026-04-18 01:53:19.368954,
REQ505770,/api/balance,210.9,502,2026-05-24 22:38:08.779825,
REQ505771,/api/statement,313.7,200,2026-06-06 08:02:23.450786,
REQ505772,/api/kyc/verify,108.8,200,2026-07-09 18:54:50.069832,
REQ505773,/api/transfer,29.9,200,2026-07-07 10:42:18.965388,
REQ505774,/api/balance,632.6,200,2026-03-02 11:49:46.007283,
REQ505775,/api/statement,377.2,200,2026-06-16 16:18:41.444294,
REQ505776,/api/transfer,318.7,200,2026-04-24 08:37:22.245931,
REQ505777,/api/login,402.3,200,2026-07-03 13:42:28.533830,
REQ505778,/api/login,397.3,200,2026-02-26 08:38:59.052281,
REQ505779,/api/kyc/verify,485.5,200,2026-07-17 15:38:57.063080,
REQ505780,/api/login,547.9,500,2026-06-13 14:07:47.232359,
REQ505781,/api/kyc/verify,1030.7,200,2026-03-29 03:13:49.082868,
REQ505782,/api/beneficiary,230.0,200,2026-07-16 19:24:19.156145,
REQ505783,/api/statement,123.8,200,2026-07-16 15:59:49.373231,
REQ505784,/api/kyc/verify,76.6,200,2026-08-19 13:30:31.999913,
REQ505785,/api/transfer,167.4,200,2026-04-01 06:35:12.179729,
REQ505786,/api/kyc/verify,351.5,200,2026-06-16 20:49:22.015304,
REQ505787,/api/kyc/verify,309.7,400,2026-08-11 12:23:53.085203,
REQ505788,/api/balance,554.4,200,2026-04-12 21:57:35.112727,
REQ505789,/api/beneficiary,186.1,200,2026-05-24 10:26:23.876789,
REQ505790,/api/kyc/verify,223.8,200,2026-08-18 03:18:29.040206,
REQ505791,/api/statement,169.3,200,2026-06-02 02:16:45.754586,
REQ505792,/api/statement,374.9,400,2026-02-27 02:02:58.357652,
REQ505793,/api/statement,96.9,500,2026-05-23 21:13:01.347517,INC407541
REQ505794,/api/login,358.7,200,2026-02-24 08:42:17.016856,
REQ505795,/api/balance,256.6,503,2026-04-11 11:12:12.126122,INC405562
REQ505796,/api/beneficiary,310.3,200,2026-04-05 04:28:23.530804,
REQ505797,/api/statement,340.3,201,2026-05-24 04:32:39.593098,
REQ505798,/api/transfer,205.1,400,2026-06-06 13:02:44.283692,
REQ505799,/api/balance,126.4,200,2026-04-22 11:30:12.857733,
REQ505800,/api/transfer,185.4,200,2026-07-16 05:58:27.871333,
REQ505801,/api/beneficiary,315.7,200,2026-06-03 06:00:15.525062,
REQ505802,/api/balance,292.5,502,2026-03-11 17:34:43.287793,INC404272
REQ505803,/api/beneficiary,355.8,200,2026-05-06 03:56:47.923588,
REQ505804,/api/login,303.2,200,2026-07-10 06:06:56.581309,
REQ505805,/api/beneficiary,86.8,200,2026-07-12 06:25:41.247389,
REQ505806,/api/balance,384.6,200,2026-08-09 08:46:01.819552,
REQ505807,/api/beneficiary,311.4,200,2026-05-03 07:16:50.336437,
REQ505808,/api/kyc/verify,245.4,200,2026-03-18 23:07:43.502497,
REQ505809,/api/login,188.1,200,2026-05-26 10:09:11.864464,
REQ505810,/api/balance,297.0,200,2026-03-12 18:01:45.715456,
REQ505811,/api/balance,172.5,200,2026-07-14 07:56:56.303399,
REQ505812,/api/transfer,165.5,200,2026-04-20 21:42:33.223644,
REQ505813,/api/statement,290.1,503,2026-08-08 22:57:36.557581,INC400152
REQ505814,/api/kyc/verify,58.5,503,2026-03-11 06:35:37.110185,
REQ505815,/api/statement,16.6,500,2026-02-21 12:02:01.935045,INC404335
REQ505816,/api/balance,179.8,200,2026-06-13 19:58:19.895880,
REQ505817,/api/transfer,286.2,200,2026-03-12 12:26:05.631033,
REQ505818,/api/login,531.1,200,2026-05-30 16:10:53.547149,
REQ505819,/api/kyc/verify,144.5,400,2026-06-18 02:09:34.033747,
REQ505820,/api/login,264.4,200,2026-07-05 19:28:45.427962,
REQ505821,/api/statement,473.1,200,2026-04-22 16:06:44.271951,
REQ505822,/api/transfer,229.3,200,2026-04-30 17:31:35.713407,
REQ505823,/api/login,6178.7,200,2026-05-22 10:06:48.905102,
REQ505824,/api/login,7827.5,200,2026-06-01 14:04:32.003747,
REQ505825,/api/beneficiary,636.0,200,2026-03-28 15:49:38.113726,
REQ505826,/api/transfer,654.9,200,2026-07-24 15:57:25.829051,
REQ505827,/api/transfer,3.2,200,2026-05-29 13:40:15.809735,
REQ505828,/api/beneficiary,295.3,500,2026-07-12 13:50:07.824516,
REQ505829,/api/balance,84.5,500,2026-04-22 06:50:40.292725,INC408572
REQ505830,/api/beneficiary,140.1,502,2026-08-01 20:11:30.460504,INC409358
REQ505831,/api/balance,411.8,200,2026-05-24 17:09:54.697924,
REQ505832,/api/transfer,174.6,200,2026-06-16 05:02:39.141258,
REQ505833,/api/kyc/verify,136.0,200,2026-05-13 03:48:45.119884,
REQ505834,/api/statement,45.2,200,2026-05-16 15:30:57.195417,
REQ505835,/api/balance,533.9,429,2026-07-12 13:59:36.412979,
REQ505836,/api/login,56.3,200,2026-07-12 12:02:22.999368,
REQ505837,/api/kyc/verify,421.6,201,2026-06-05 14:15:23.960280,
REQ505838,/api/transfer,219.0,201,2026-06-30 14:06:02.124698,
REQ505839,/api/statement,301.9,200,2026-02-21 21:52:57.476207,
REQ505840,/api/statement,32.6,201,2026-08-12 07:09:34.240290,
REQ505841,/api/beneficiary,921.2,200,2026-04-19 10:27:16.010668,
REQ505842,/api/transfer,291.0,200,2026-03-05 04:47:58.729638,
REQ505843,/api/beneficiary,185.0,201,2026-07-03 03:10:42.383231,
REQ505844,/api/balance,145.4,200,2026-03-04 18:57:50.781876,
REQ505845,/api/transfer,52.1,200,2026-03-25 17:39:41.721212,
REQ505846,/api/balance,239.1,200,2026-07-25 05:10:55.562507,
REQ505847,/api/balance,299.4,200,2026-02-27 19:05:59.290309,
REQ505848,/api/statement,4805.9,200,2026-07-17 21:29:13.101376,
REQ505849,/api/transfer,559.7,200,2026-06-12 13:50:35.536381,
REQ505850,/api/kyc/verify,282.2,200,2026-06-04 07:52:44.605347,
REQ505851,/api/beneficiary,665.5,503,2026-03-07 20:39:28.483770,
REQ505852,/api/balance,4726.2,200,2026-04-15 18:50:36.026838,
REQ505853,/api/statement,186.0,200,2026-07-25 06:41:13.035067,
REQ505854,/api/statement,277.8,503,2026-08-10 05:05:20.534284,INC406123
REQ505855,/api/transfer,267.2,200,2026-08-16 03:44:17.875715,
REQ505856,/api/login,167.4,200,2026-08-13 21:07:56.242240,
REQ505857,/api/balance,238.1,200,2026-08-06 10:20:19.728991,
REQ505858,/api/balance,42.3,200,2026-06-14 20:53:03.780453,
REQ505859,/api/login,406.7,200,2026-02-22 22:51:48.158618,
REQ505860,/api/kyc/verify,365.6,200,2026-07-02 13:20:04.720027,
REQ505861,/api/transfer,452.4,200,2026-06-19 14:44:41.649156,
REQ505862,/api/statement,61.3,401,2026-06-15 06:35:39.588998,
REQ505863,/api/kyc/verify,194.0,200,2026-05-16 08:36:14.548222,
REQ505864,/api/statement,401.6,200,2026-05-02 02:32:37.183174,
REQ505865,/api/statement,173.4,200,2026-05-03 06:33:45.138628,
REQ505866,/api/kyc/verify,118.1,200,2026-03-07 00:40:27.668427,
REQ505867,/api/kyc/verify,410.0,200,2026-03-21 03:42:20.160186,
REQ505868,/api/kyc/verify,420.4,200,2026-07-13 09:23:02.772732,
REQ505869,/api/transfer,1119.5,200,2026-05-25 18:57:55.233926,
REQ505870,/api/beneficiary,120.3,200,2026-02-24 05:56:55.467203,
REQ505871,/api/balance,4010.4,200,2026-04-11 20:19:39.087663,
REQ505872,/api/balance,568.6,200,2026-08-12 17:36:54.057837,
REQ505873,/api/statement,142.6,200,2026-05-08 04:06:01.265992,
REQ505874,/api/login,189.3,401,2026-07-26 17:49:19.469209,
REQ505875,/api/kyc/verify,191.7,200,2026-07-15 23:24:10.920536,
REQ505876,/api/beneficiary,951.4,200,2026-05-19 11:52:28.141425,
REQ505877,/api/beneficiary,575.9,200,2026-07-20 11:21:14.152236,
REQ505878,/api/beneficiary,206.5,200,2026-07-01 18:39:58.618901,
REQ505879,/api/beneficiary,239.5,503,2026-04-17 14:41:36.357253,
REQ505880,/api/balance,270.4,200,2026-06-18 20:14:18.546268,
REQ505881,/api/kyc/verify,155.2,200,2026-06-29 13:02:35.156307,
REQ505882,/api/transfer,154.9,200,2026-03-12 00:47:36.343517,
REQ505883,/api/statement,64.6,200,2026-03-03 18:37:55.590725,
REQ505884,/api/kyc/verify,38.4,200,2026-05-09 04:48:52.546404,
REQ505885,/api/transfer,3969.5,200,2026-08-19 19:55:31.712527,
REQ505886,/api/beneficiary,417.8,200,2026-07-15 18:46:50.441516,
REQ505887,/api/statement,369.6,200,2026-06-14 11:32:40.229454,
REQ505888,/api/balance,390.7,200,2026-06-26 01:44:30.270439,
REQ505889,/api/transfer,8922.4,200,2026-04-12 06:46:45.713976,
REQ505890,/api/balance,234.7,200,2026-04-11 21:56:58.967981,
REQ505891,/api/statement,70.4,200,2026-03-18 13:02:03.069604,
REQ505892,/api/kyc/verify,305.2,200,2026-04-16 04:33:03.659742,
REQ505893,/api/transfer,77.6,200,2026-07-23 12:27:10.197426,
REQ505894,/api/beneficiary,134.5,502,2026-05-18 02:04:50.122415,INC400891
REQ505895,/api/statement,192.2,200,2026-04-29 07:10:49.124286,
REQ505896,/api/transfer,354.1,200,2026-06-08 07:24:56.403547,
REQ505897,/api/balance,1001.8,500,2026-08-18 10:29:27.465834,INC409198
REQ505898,/api/transfer,192.9,200,2026-04-28 10:44:36.031875,
REQ505899,/api/transfer,160.3,200,2026-05-24 00:57:40.113599,
REQ505900,/api/login,406.4,201,2026-03-27 11:48:44.798576,
REQ505901,/api/kyc/verify,175.5,200,2026-08-08 19:01:38.350101,
REQ505902,/api/statement,298.9,200,2026-07-26 05:01:12.551333,
REQ505903,/api/statement,172.1,200,2026-05-19 17:36:06.475526,
REQ505904,/api/login,22.5,200,2026-07-27 11:55:59.036581,
REQ505905,/api/transfer,384.6,200,2026-06-06 08:56:56.491057,
REQ505906,/api/balance,293.1,200,2026-03-01 08:40:09.302896,
REQ505907,/api/login,433.8,500,2026-07-08 23:31:37.079374,INC402289
REQ505908,/api/kyc/verify,238.1,200,2026-05-03 02:37:52.205127,
REQ505909,/api/balance,157.1,200,2026-04-04 11:48:37.705259,
REQ505910,/api/balance,109.9,200,2026-07-16 15:33:39.082463,
REQ505911,/api/login,439.0,200,2026-03-24 19:22:44.850441,
REQ505912,/api/beneficiary,830.7,200,2026-05-08 07:07:57.864279,
REQ505913,/api/beneficiary,139.7,502,2026-04-16 07:39:17.337330,
REQ505914,/api/kyc/verify,269.5,502,2026-05-04 15:00:02.756001,INC406860
REQ505915,/api/login,271.7,200,2026-05-24 03:02:33.237178,
REQ505916,/api/statement,306.0,200,2026-06-17 05:07:38.096132,
REQ505917,/api/statement,120.6,200,2026-04-10 13:00:47.635500,
REQ505918,/api/kyc/verify,239.1,200,2026-03-08 23:25:54.215137,
REQ505919,/api/beneficiary,468.0,200,2026-07-08 13:35:09.249889,
REQ505920,/api/beneficiary,211.2,200,2026-07-05 19:08:24.472978,
REQ505921,/api/beneficiary,267.5,400,2026-03-23 20:11:13.163347,
REQ505922,/api/statement,209.6,200,2026-04-01 08:45:00.097046,
REQ505923,/api/beneficiary,291.0,200,2026-06-01 17:17:42.037013,
REQ505924,/api/transfer,204.8,200,2026-06-19 08:12:05.163783,
REQ505925,/api/login,445.4,200,2026-08-17 23:46:36.854877,
REQ505926,/api/beneficiary,62.2,200,2026-05-01 11:08:13.907999,
REQ505927,/api/transfer,509.0,429,2026-04-28 16:57:25.816182,
REQ505928,/api/kyc/verify,146.8,200,2026-04-28 03:04:08.958408,
REQ505929,/api/transfer,437.3,200,2026-05-21 19:45:17.699395,
REQ505930,/api/kyc/verify,154.6,200,2026-04-03 08:41:29.343794,
REQ505931,/api/statement,223.6,201,2026-08-13 23:35:44.065439,
REQ505932,/api/kyc/verify,154.6,200,2026-03-10 00:27:47.394629,
REQ505933,/api/balance,197.1,200,2026-04-05 06:10:18.564487,
REQ505934,/api/kyc/verify,495.9,200,2026-05-26 14:01:46.988982,
REQ505935,/api/kyc/verify,35.5,200,2026-05-05 13:54:39.386604,
REQ505936,/api/login,386.7,200,2026-08-01 10:33:44.010654,
REQ505937,/api/beneficiary,226.4,200,2026-06-21 21:02:05.862540,
REQ505938,/api/balance,142.2,200,2026-08-06 11:06:22.753667,
REQ505939,/api/statement,87.6,200,2026-06-04 02:12:51.729161,
REQ505940,/api/transfer,284.2,200,2026-08-10 13:31:08.924459,
REQ505941,/api/login,266.3,200,2026-03-24 19:47:29.342203,
REQ505942,/api/login,460.1,200,2026-04-17 12:31:08.483215,
REQ505943,/api/beneficiary,52.6,200,2026-05-13 11:00:52.869637,
REQ505944,/api/login,19.8,200,2026-06-02 18:12:31.211076,
REQ505945,/api/statement,201.8,200,2026-04-17 14:16:01.793990,
REQ505946,/api/transfer,135.2,200,2026-06-11 21:08:43.831279,
REQ505947,/api/login,237.1,504,2026-05-05 03:14:29.052949,
REQ505948,/api/beneficiary,284.7,200,2026-05-14 15:14:02.227479,
REQ505949,/api/kyc/verify,200.6,200,2026-04-11 21:48:02.407412,
REQ505950,/api/beneficiary,133.6,200,2026-02-27 05:32:41.264181,
REQ505951,/api/statement,272.2,200,2026-05-29 19:17:29.263112,
REQ505952,/api/transfer,619.1,200,2026-07-05 17:48:19.660493,
REQ505953,/api/kyc/verify,8044.0,200,2026-07-09 15:07:36.176777,
REQ505954,/api/beneficiary,410.3,201,2026-04-07 09:45:26.272411,
REQ505955,/api/transfer,237.9,200,2026-07-06 17:03:08.049936,
REQ505956,/api/beneficiary,41.4,200,2026-06-13 13:07:12.476364,
REQ505957,/api/beneficiary,449.2,200,2026-03-19 20:18:49.582839,
REQ505958,/api/transfer,254.9,201,2026-05-13 15:43:04.246278,
REQ505959,/api/statement,110.2,200,2026-06-25 15:38:15.103838,
REQ505960,/api/transfer,88.3,200,2026-03-02 06:41:46.694325,
REQ505961,/api/kyc/verify,490.3,200,2026-03-29 13:32:26.560859,
REQ505962,/api/login,490.0,200,2026-03-12 19:11:40.218845,
REQ505963,/api/statement,281.0,200,2026-03-15 16:52:18.296947,
REQ505964,/api/beneficiary,938.2,400,2026-04-27 10:18:53.853455,
REQ505965,/api/kyc/verify,330.6,200,2026-07-13 05:05:34.047910,
REQ505966,/api/statement,487.2,200,2026-05-04 17:57:49.584903,
REQ505967,/api/transfer,154.5,200,2026-07-17 08:33:43.771612,
REQ505968,/api/kyc/verify,309.6,200,2026-06-20 02:43:19.955818,
REQ505969,/api/balance,45.2,200,2026-05-01 00:07:34.594019,
REQ505970,/api/statement,420.4,500,2026-06-23 05:22:52.946830,
REQ505971,/api/transfer,229.8,400,2026-03-04 08:24:47.510003,
REQ505972,/api/transfer,812.4,200,2026-03-12 00:29:25.013213,
REQ505973,/api/login,379.2,200,2026-03-29 00:19:13.654549,
REQ505974,/api/statement,529.4,200,2026-05-02 03:19:42.222933,
REQ505975,/api/transfer,477.9,200,2026-03-28 02:31:54.228503,
REQ505976,/api/beneficiary,401.5,429,2026-04-01 18:21:51.807176,
REQ505977,/api/statement,285.3,200,2026-03-08 20:35:32.790592,
REQ505978,/api/statement,401.3,200,2026-07-11 03:23:57.842729,
REQ505979,/api/transfer,355.1,200,2026-06-18 11:05:01.478378,
REQ505980,/api/beneficiary,602.5,200,2026-07-20 16:15:04.020973,
REQ505981,/api/beneficiary,362.0,200,2026-04-14 04:45:40.477938,
REQ505982,/api/login,201.5,200,2026-04-25 00:20:41.818652,
REQ505983,/api/kyc/verify,92.0,200,2026-07-26 05:03:23.561520,
REQ505984,/api/beneficiary,388.1,200,2026-03-26 14:48:06.683672,
REQ505985,/api/transfer,233.0,200,2026-03-11 02:49:57.885901,
REQ505986,/api/statement,191.7,200,2026-03-28 03:16:52.085765,
REQ505987,/api/login,287.2,504,2026-07-02 10:16:17.799088,INC408777
REQ505988,/api/statement,309.5,200,2026-04-09 01:34:59.729747,
REQ505989,/api/transfer,85.6,401,2026-03-24 04:17:09.261950,
REQ505990,/api/transfer,395.9,200,2026-04-26 10:46:10.311651,
REQ505991,/api/balance,396.6,200,2026-07-06 08:52:39.651335,
REQ505992,/api/kyc/verify,390.8,201,2026-07-19 02:38:38.157475,
REQ505993,/api/beneficiary,471.9,400,2026-08-13 09:53:00.418764,
REQ505994,/api/kyc/verify,224.8,200,2026-03-29 06:24:22.297577,
REQ505995,/api/transfer,124.0,200,2026-04-11 04:04:52.839157,
REQ505996,/api/login,256.1,200,2026-06-27 00:30:04.743328,
REQ505997,/api/beneficiary,105.1,200,2026-05-23 20:16:33.740325,
REQ505998,/api/statement,572.2,200,2026-07-07 20:37:43.310070,
REQ505999,/api/statement,6014.1,200,2026-05-12 01:12:30.338471,
REQ506000,/api/statement,286.5,200,2026-04-09 07:39:42.196692,
REQ506001,/api/balance,230.6,200,2026-03-22 22:51:19.533374,
REQ506002,/api/kyc/verify,107.2,200,2026-07-11 15:45:39.090879,
REQ506003,/api/login,223.4,200,2026-04-20 16:25:44.588236,
REQ506004,/api/transfer,149.9,200,2026-08-09 17:07:23.934391,
REQ506005,/api/beneficiary,553.9,200,2026-03-22 08:45:53.011396,
REQ506006,/api/statement,259.3,200,2026-06-20 10:50:52.819363,
REQ506007,/api/transfer,113.2,201,2026-02-21 12:18:04.168178,
REQ506008,/api/transfer,134.1,200,2026-05-24 10:21:24.652617,
REQ506009,/api/transfer,299.0,503,2026-02-22 23:50:27.580677,INC406988
REQ506010,/api/balance,361.1,200,2026-05-03 00:56:47.872854,
REQ506011,/api/statement,81.1,200,2026-03-22 19:14:47.106223,
REQ506012,/api/balance,375.3,200,2026-07-16 07:01:16.800818,
REQ506013,/api/balance,8047.3,200,2026-06-27 16:05:04.255686,
REQ506014,/api/login,278.0,200,2026-05-04 20:31:24.414208,
REQ506015,/api/kyc/verify,456.3,200,2026-03-28 23:31:38.478449,
REQ506016,/api/login,197.6,500,2026-03-15 22:50:30.747396,
REQ506017,/api/balance,197.4,400,2026-03-12 07:08:51.956067,
REQ506018,/api/transfer,526.1,200,2026-07-20 04:19:03.330976,
REQ506019,/api/login,445.9,200,2026-07-10 20:51:54.030533,
REQ506020,/api/transfer,54.5,200,2026-03-26 04:10:52.010527,
REQ506021,/api/statement,374.1,200,2026-07-19 07:06:43.527081,
REQ506022,/api/balance,328.4,504,2026-07-15 06:55:15.613954,INC404412
REQ506023,/api/statement,872.4,200,2026-05-02 23:44:57.136040,
REQ506024,/api/login,53.6,200,2026-05-02 14:39:07.737921,
REQ506025,/api/kyc/verify,105.8,200,2026-06-26 23:59:57.036854,
REQ506026,/api/kyc/verify,229.9,200,2026-02-22 11:25:06.176064,
REQ506027,/api/statement,30.6,200,2026-07-12 17:04:27.404151,
REQ506028,/api/login,348.0,200,2026-07-14 17:35:08.267132,
REQ506029,/api/kyc/verify,99.2,200,2026-05-30 15:33:59.790421,
REQ506030,/api/login,41.1,200,2026-07-24 16:47:50.711575,
REQ506031,/api/balance,452.6,200,2026-04-10 09:32:19.202596,
REQ506032,/api/kyc/verify,454.5,200,2026-03-05 09:18:57.755738,
REQ506033,/api/login,28.5,200,2026-07-09 08:26:52.332554,
REQ506034,/api/statement,548.7,200,2026-07-06 07:14:33.122586,
REQ506035,/api/login,206.8,200,2026-04-02 23:47:20.664216,
REQ506036,/api/beneficiary,233.2,200,2026-03-14 07:53:28.046367,
REQ506037,/api/balance,253.7,503,2026-07-27 19:00:54.466430,INC407528
REQ506038,/api/kyc/verify,122.1,200,2026-04-19 19:43:19.307002,
REQ506039,/api/kyc/verify,75.7,200,2026-05-25 00:17:11.421580,
REQ506040,/api/balance,191.8,401,2026-08-02 12:24:53.567663,
REQ506041,/api/beneficiary,160.8,200,2026-04-07 19:30:33.974855,
REQ506042,/api/login,160.2,201,2026-05-03 04:55:43.595157,
REQ506043,/api/transfer,172.0,200,2026-08-07 16:10:21.940798,
REQ506044,/api/transfer,80.0,200,2026-03-28 14:24:34.215240,
REQ506045,/api/balance,447.9,200,2026-07-16 00:46:52.868052,
REQ506046,/api/beneficiary,120.3,200,2026-03-18 23:57:58.492423,
REQ506047,/api/statement,442.1,200,2026-07-22 03:43:51.624301,
REQ506048,/api/beneficiary,468.5,200,2026-05-16 11:41:46.875437,
REQ506049,/api/balance,299.2,500,2026-07-14 06:02:21.853573,
REQ506050,/api/login,188.6,200,2026-03-29 07:27:21.909742,
REQ506051,/api/transfer,335.6,200,2026-05-10 04:59:25.064794,
REQ506052,/api/kyc/verify,269.2,200,2026-04-29 10:03:17.059532,
REQ506053,/api/kyc/verify,336.0,200,2026-08-19 01:21:36.892420,
REQ506054,/api/balance,569.4,200,2026-08-15 17:52:20.390174,
REQ506055,/api/kyc/verify,226.0,200,2026-08-11 11:02:03.102614,
REQ506056,/api/transfer,195.5,500,2026-07-08 16:05:27.375874,INC405605
REQ506057,/api/login,482.0,200,2026-02-23 02:17:36.444735,
REQ506058,/api/beneficiary,385.9,200,2026-03-07 02:30:16.999496,
REQ506059,/api/login,182.8,200,2026-06-30 17:24:11.555423,
REQ506060,/api/kyc/verify,105.4,200,2026-04-25 15:26:41.600499,
REQ506061,/api/login,446.9,200,2026-06-27 06:17:10.744428,
REQ506062,/api/login,193.9,200,2026-07-19 14:21:26.625180,
REQ506063,/api/login,832.7,200,2026-03-22 20:26:36.133259,
REQ506064,/api/login,78.2,200,2026-07-23 09:09:22.041570,
REQ506065,/api/login,134.4,200,2026-08-19 00:02:48.994247,
REQ506066,/api/login,479.0,200,2026-04-29 13:22:38.372703,
REQ506067,/api/kyc/verify,685.4,200,2026-07-12 18:21:54.374444,
REQ506068,/api/login,191.6,200,2026-07-21 18:58:30.274879,
REQ506069,/api/login,816.1,200,2026-08-19 07:56:55.463148,
REQ506070,/api/balance,609.9,200,2026-05-28 11:54:35.569168,
REQ506071,/api/beneficiary,700.4,200,2026-05-12 16:08:35.085465,
REQ506072,/api/login,424.8,200,2026-05-09 08:09:09.889764,
REQ506073,/api/beneficiary,411.5,200,2026-06-20 17:01:10.625683,
REQ506074,/api/transfer,106.2,200,2026-05-17 09:46:45.848495,
REQ506075,/api/statement,834.3,200,2026-05-03 21:51:06.525948,
REQ506076,/api/transfer,390.9,200,2026-05-17 10:31:02.068883,
REQ506077,/api/login,92.1,200,2026-04-09 21:46:55.228264,
REQ506078,/api/transfer,161.5,200,2026-05-30 14:46:13.593710,
REQ506079,/api/transfer,350.4,401,2026-07-23 23:51:30.502700,
REQ506080,/api/kyc/verify,158.6,400,2026-07-06 20:46:25.402746,
REQ506081,/api/login,242.7,200,2026-04-10 00:42:52.715547,
REQ506082,/api/statement,67.1,200,2026-03-10 17:37:27.562634,
REQ506083,/api/transfer,70.2,500,2026-05-24 13:59:54.643452,
REQ506084,/api/login,131.4,504,2026-08-09 03:41:10.819273,
REQ506085,/api/statement,628.9,200,2026-06-27 15:00:45.310165,
REQ506086,/api/transfer,86.5,200,2026-04-19 20:47:52.854846,
REQ506087,/api/beneficiary,107.8,200,2026-05-02 18:29:52.801721,
REQ506088,/api/transfer,203.3,200,2026-07-16 03:53:59.433126,
REQ506089,/api/kyc/verify,370.8,200,2026-03-21 13:45:13.130584,
REQ506090,/api/beneficiary,196.2,200,2026-07-30 19:51:18.261974,
REQ506091,/api/kyc/verify,281.6,200,2026-05-03 18:22:07.340758,
REQ506092,/api/beneficiary,281.7,503,2026-03-26 01:20:31.764891,INC401276
REQ506093,/api/beneficiary,49.3,200,2026-02-28 12:57:46.851685,
REQ506094,/api/statement,600.1,503,2026-05-19 10:08:29.578483,
REQ506095,/api/statement,85.0,200,2026-05-22 00:01:53.764450,
REQ506096,/api/transfer,66.0,200,2026-07-22 09:38:28.264482,
REQ506097,/api/transfer,357.6,200,2026-04-15 22:37:28.307591,
REQ506098,/api/balance,218.3,200,2026-07-03 05:46:25.570848,
REQ506099,/api/kyc/verify,705.9,200,2026-03-14 02:59:50.552436,
REQ506100,/api/statement,371.0,200,2026-03-18 08:43:56.165873,
REQ506101,/api/transfer,132.4,200,2026-04-15 00:26:11.250146,
REQ506102,/api/beneficiary,719.4,200,2026-06-03 23:08:22.505574,
REQ506103,/api/kyc/verify,72.3,200,2026-07-27 13:38:51.672840,
REQ506104,/api/beneficiary,1204.7,500,2026-03-03 16:06:13.149946,INC408931
REQ506105,/api/statement,322.1,200,2026-07-17 08:47:19.462198,
REQ506106,/api/transfer,61.3,200,2026-03-13 04:54:03.771753,
REQ506107,/api/kyc/verify,512.1,200,2026-06-19 18:58:33.567622,
REQ506108,/api/login,136.6,429,2026-07-20 05:45:34.617711,
REQ506109,/api/balance,537.4,200,2026-08-04 18:21:24.049219,
REQ506110,/api/statement,17.7,200,2026-07-31 13:06:55.498553,
REQ506111,/api/login,272.8,200,2026-04-17 08:51:04.589885,
REQ506112,/api/login,189.1,503,2026-06-28 14:34:50.220391,INC402921
REQ506113,/api/balance,232.9,200,2026-03-05 10:12:28.874433,
REQ506114,/api/beneficiary,181.0,200,2026-06-18 08:52:21.779448,
REQ506115,/api/transfer,39.2,200,2026-05-24 06:59:32.233730,
REQ506116,/api/transfer,491.1,500,2026-08-04 14:09:29.622203,
REQ506117,/api/statement,255.3,500,2026-08-18 00:21:34.812102,INC404763
REQ506118,/api/transfer,713.1,200,2026-04-03 02:33:54.268322,
REQ506119,/api/balance,203.2,429,2026-07-23 02:41:37.911991,
REQ506120,/api/balance,233.7,500,2026-07-28 20:53:11.871356,
REQ506121,/api/kyc/verify,159.8,200,2026-04-28 15:58:18.729878,
REQ506122,/api/kyc/verify,483.5,200,2026-07-01 10:52:07.767507,
REQ506123,/api/statement,614.9,200,2026-08-19 23:52:40.032300,
REQ506124,/api/balance,341.0,200,2026-08-01 11:00:06.675945,
REQ506125,/api/beneficiary,220.8,503,2026-02-24 16:54:51.902810,
REQ506126,/api/login,225.6,200,2026-08-14 00:00:06.881015,
REQ506127,/api/statement,353.6,400,2026-07-11 07:17:29.002420,
REQ506128,/api/kyc/verify,278.0,200,2026-06-11 20:04:38.669379,
REQ506129,/api/transfer,377.3,200,2026-04-02 05:18:42.328840,
REQ506130,/api/transfer,119.1,200,2026-06-25 22:43:32.976242,
REQ506131,/api/statement,628.4,429,2026-05-15 21:22:50.251849,
REQ506132,/api/balance,297.9,201,2026-04-17 15:50:08.085887,
REQ506133,/api/statement,129.4,200,2026-04-01 15:28:54.640637,
REQ506134,/api/login,391.9,200,2026-08-03 21:08:36.761597,
REQ506135,/api/statement,501.6,429,2026-07-10 00:02:50.432361,
REQ506136,/api/statement,448.5,200,2026-07-02 00:53:44.995912,
REQ506137,/api/transfer,4833.7,502,2026-05-22 23:01:34.178539,INC402808
REQ506138,/api/transfer,187.6,200,2026-03-20 20:56:47.412089,
REQ506139,/api/statement,262.9,200,2026-07-07 13:22:45.272110,
REQ506140,/api/beneficiary,373.0,200,2026-04-24 09:06:30.512074,
REQ506141,/api/statement,513.6,429,2026-06-11 03:40:47.790680,
REQ506142,/api/kyc/verify,367.3,429,2026-03-12 04:16:59.918547,
REQ506143,/api/login,379.2,502,2026-04-17 21:16:12.894119,
REQ506144,/api/login,316.6,201,2026-07-03 07:46:51.026570,
REQ506145,/api/login,150.8,200,2026-08-14 04:27:37.630848,
REQ506146,/api/statement,112.4,503,2026-05-07 13:18:04.874720,
REQ506147,/api/beneficiary,450.8,200,2026-07-12 18:49:00.595998,
REQ506148,/api/transfer,165.6,200,2026-03-28 21:39:56.965816,
REQ506149,/api/login,121.6,200,2026-03-19 00:28:26.584918,
REQ506150,/api/login,292.7,200,2026-07-16 07:59:26.075495,
REQ506151,/api/balance,310.3,200,2026-04-27 08:16:25.857557,
REQ506152,/api/kyc/verify,318.4,200,2026-07-21 02:52:53.704324,
REQ506153,/api/balance,239.9,200,2026-06-06 07:45:34.204105,
REQ506154,/api/beneficiary,443.3,503,2026-07-16 13:11:06.924142,
REQ506155,/api/beneficiary,101.0,200,2026-03-09 10:49:43.960266,
REQ506156,/api/beneficiary,390.6,429,2026-06-15 08:27:45.164241,
REQ506157,/api/statement,270.5,200,2026-07-06 21:35:39.470586,
REQ506158,/api/balance,6211.2,400,2026-05-17 08:14:10.674397,
REQ506159,/api/beneficiary,257.0,200,2026-08-17 13:45:12.723304,
REQ506160,/api/kyc/verify,163.0,200,2026-08-08 04:30:08.048770,
REQ506161,/api/balance,271.1,200,2026-05-07 09:25:31.567896,
REQ506162,/api/beneficiary,41.4,200,2026-04-23 08:38:55.693106,
REQ506163,/api/transfer,707.7,200,2026-05-28 18:08:25.777112,
REQ506164,/api/transfer,188.3,200,2026-04-20 09:42:00.703910,
REQ506165,/api/kyc/verify,69.0,200,2026-04-26 21:34:50.027183,
REQ506166,/api/balance,671.6,200,2026-07-31 02:15:28.348388,
REQ506167,/api/transfer,403.9,201,2026-05-25 06:54:44.994248,
REQ506168,/api/statement,161.7,200,2026-07-02 22:37:05.292226,
REQ506169,/api/balance,7069.1,201,2026-07-07 04:08:56.087163,
REQ506170,/api/transfer,143.9,201,2026-07-22 18:51:13.920310,
REQ506171,/api/statement,257.7,200,2026-08-17 17:56:49.942326,
REQ506172,/api/beneficiary,162.7,200,2026-05-01 21:43:14.389435,
REQ506173,/api/transfer,91.6,200,2026-07-02 11:21:20.853569,
REQ506174,/api/transfer,688.4,503,2026-03-13 21:10:18.338025,INC401463
REQ506175,/api/login,125.0,200,2026-05-08 13:59:46.513864,
REQ506176,/api/balance,217.0,400,2026-06-16 22:00:45.389137,
REQ506177,/api/transfer,13.1,200,2026-03-10 23:35:21.072378,
REQ506178,/api/statement,355.7,400,2026-03-28 18:32:33.002115,
REQ506179,/api/transfer,453.1,200,2026-05-31 04:02:37.473823,
REQ506180,/api/beneficiary,91.5,500,2026-05-07 04:25:52.582424,INC407668
REQ506181,/api/login,126.9,200,2026-04-18 19:16:47.521259,
REQ506182,/api/kyc/verify,191.4,200,2026-07-18 05:22:00.437445,
REQ506183,/api/balance,120.0,200,2026-03-31 10:34:36.173852,
REQ506184,/api/transfer,149.8,200,2026-06-14 20:19:20.199179,
REQ506185,/api/beneficiary,232.1,200,2026-07-14 17:50:18.682640,
REQ506186,/api/transfer,180.1,200,2026-04-13 17:04:11.894813,
REQ506187,/api/kyc/verify,57.5,200,2026-07-29 04:45:08.208160,
REQ506188,/api/statement,714.3,200,2026-04-25 03:23:48.259702,
REQ506189,/api/kyc/verify,370.0,200,2026-04-21 12:20:31.438456,
REQ506190,/api/balance,181.5,200,2026-06-17 19:56:52.867918,
REQ506191,/api/kyc/verify,218.7,200,2026-02-26 07:11:13.917274,
REQ506192,/api/beneficiary,537.9,200,2026-03-30 16:56:22.520411,
REQ506193,/api/statement,186.5,200,2026-06-13 04:08:41.726648,
REQ506194,/api/balance,403.6,400,2026-02-21 04:13:26.297109,
REQ506195,/api/transfer,321.0,201,2026-04-08 01:19:24.291120,
REQ506196,/api/balance,152.2,200,2026-03-04 02:40:09.885525,
REQ506197,/api/statement,387.6,400,2026-05-24 18:20:36.007752,
REQ506198,/api/kyc/verify,234.8,201,2026-08-06 10:31:32.285981,
REQ506199,/api/kyc/verify,142.6,200,2026-07-27 15:44:53.349827,
REQ506200,/api/kyc/verify,805.1,200,2026-06-06 07:54:39.437721,
REQ506201,/api/balance,158.7,200,2026-04-29 20:13:09.111878,
REQ506202,/api/beneficiary,509.0,200,2026-08-01 13:19:47.613416,
REQ506203,/api/transfer,89.7,200,2026-03-15 21:55:16.457754,
REQ506204,/api/kyc/verify,862.5,500,2026-07-22 18:40:47.577273,INC404844
REQ506205,/api/transfer,84.4,200,2026-04-18 22:53:25.754064,
REQ506206,/api/transfer,354.4,429,2026-05-19 16:22:43.477927,
REQ506207,/api/balance,333.3,200,2026-06-13 20:41:49.386504,
REQ506208,/api/login,269.7,200,2026-02-23 12:19:02.295800,
REQ506209,/api/balance,53.4,500,2026-03-23 22:03:14.460252,INC406259
REQ506210,/api/balance,352.1,200,2026-03-18 00:04:03.493230,
REQ506211,/api/kyc/verify,39.3,429,2026-03-23 06:18:04.473473,
REQ506212,/api/login,345.8,401,2026-06-07 09:48:44.108363,
REQ506213,/api/transfer,342.4,200,2026-04-27 23:44:44.746752,
REQ506214,/api/login,156.7,200,2026-03-01 14:59:54.891606,
REQ506215,/api/statement,168.7,200,2026-06-22 23:12:07.399193,
REQ506216,/api/statement,190.2,200,2026-04-06 05:21:52.909650,
REQ506217,/api/login,380.4,200,2026-03-14 07:32:07.828764,
REQ506218,/api/kyc/verify,48.2,200,2026-03-27 07:58:31.750464,
REQ506219,/api/beneficiary,222.8,200,2026-06-18 14:07:37.221473,
REQ506220,/api/kyc/verify,360.1,200,2026-05-28 09:55:33.340984,
REQ506221,/api/login,332.9,200,2026-06-11 23:56:24.580752,
REQ506222,/api/balance,772.1,200,2026-05-19 05:28:15.291129,
REQ506223,/api/beneficiary,47.5,200,2026-06-15 04:40:44.193793,
REQ506224,/api/transfer,298.4,200,2026-06-10 23:11:52.874993,
REQ506225,/api/statement,782.1,200,2026-07-11 03:39:44.725393,
REQ506226,/api/login,147.0,200,2026-05-15 08:59:43.059793,
REQ506227,/api/beneficiary,36.5,200,2026-06-18 08:40:23.773071,
REQ506228,/api/transfer,99.4,503,2026-04-26 10:22:50.807487,
REQ506229,/api/statement,240.5,200,2026-07-16 17:51:24.480684,
REQ506230,/api/login,145.3,200,2026-03-19 16:49:14.665039,
REQ506231,/api/kyc/verify,49.8,200,2026-06-29 00:25:43.692179,
REQ506232,/api/kyc/verify,192.3,200,2026-07-31 07:13:05.904605,
REQ506233,/api/beneficiary,387.0,200,2026-05-20 18:51:40.548483,
REQ506234,/api/transfer,266.0,200,2026-02-23 13:57:36.463993,
REQ506235,/api/statement,628.3,200,2026-07-01 00:06:13.303345,
REQ506236,/api/balance,220.8,200,2026-04-24 10:25:19.435396,
REQ506237,/api/beneficiary,166.6,200,2026-07-28 18:05:51.691981,
REQ506238,/api/login,407.1,200,2026-05-08 07:19:43.834327,
REQ506239,/api/kyc/verify,499.9,200,2026-02-27 21:26:54.637431,
REQ506240,/api/balance,238.3,200,2026-04-22 22:58:48.584171,
REQ506241,/api/login,221.4,200,2026-04-06 13:23:22.315693,
REQ506242,/api/beneficiary,221.2,200,2026-05-22 06:59:41.596192,
REQ506243,/api/transfer,369.5,200,2026-05-18 11:06:26.060407,
REQ506244,/api/login,541.2,200,2026-07-17 07:45:52.582663,
REQ506245,/api/balance,262.1,200,2026-07-07 12:14:17.669868,
REQ506246,/api/kyc/verify,302.6,200,2026-06-22 08:55:34.521446,
REQ506247,/api/balance,639.3,200,2026-06-03 11:45:17.950591,
REQ506248,/api/beneficiary,379.4,200,2026-06-01 20:26:32.562677,
REQ506249,/api/statement,68.1,401,2026-07-24 00:44:02.675074,
REQ506250,/api/transfer,250.9,200,2026-07-09 22:07:20.123665,
REQ506251,/api/login,204.0,201,2026-04-10 23:57:11.481319,
REQ506252,/api/statement,108.6,200,2026-04-13 21:55:55.328198,
REQ506253,/api/balance,137.5,200,2026-03-06 10:03:48.684645,
REQ506254,/api/balance,188.5,400,2026-07-01 10:03:39.531345,
REQ506255,/api/transfer,357.4,200,2026-05-24 23:56:20.135043,
REQ506256,/api/transfer,378.6,200,2026-03-16 07:14:14.302522,
REQ506257,/api/login,93.2,503,2026-04-25 11:15:04.225102,
REQ506258,/api/transfer,480.6,401,2026-07-20 14:58:04.274194,
REQ506259,/api/statement,155.6,200,2026-07-09 17:23:02.382650,
REQ506260,/api/statement,395.4,200,2026-03-22 17:40:23.359616,
REQ506261,/api/kyc/verify,225.8,200,2026-04-11 02:40:26.269573,
REQ506262,/api/login,142.3,502,2026-04-22 15:39:54.022711,
REQ506263,/api/beneficiary,364.6,201,2026-04-27 05:18:54.369765,
REQ506264,/api/balance,640.9,200,2026-03-30 23:17:42.242044,
REQ506265,/api/balance,211.4,200,2026-06-28 04:52:35.266659,
REQ506266,/api/statement,181.7,200,2026-05-21 21:06:00.619526,
REQ506267,/api/beneficiary,158.2,200,2026-07-31 18:18:03.990160,
REQ506268,/api/beneficiary,697.9,200,2026-05-09 07:33:22.155596,
REQ506269,/api/balance,109.4,200,2026-07-18 10:33:25.513469,
REQ506270,/api/statement,387.1,400,2026-06-05 14:44:08.101435,
REQ506271,/api/login,285.9,500,2026-07-24 04:08:55.254655,INC408824
REQ506272,/api/beneficiary,60.6,400,2026-08-02 00:56:17.992593,
REQ506273,/api/statement,63.5,200,2026-07-13 11:45:27.383307,
REQ506274,/api/beneficiary,314.8,200,2026-04-01 17:19:06.091947,
REQ506275,/api/balance,289.4,200,2026-06-14 07:11:25.113169,
REQ506276,/api/statement,206.3,200,2026-08-18 04:50:54.215985,
REQ506277,/api/balance,4029.8,200,2026-07-23 02:58:59.150445,
REQ506278,/api/statement,159.1,502,2026-04-06 12:49:03.053437,INC407637
REQ506279,/api/login,207.7,200,2026-04-21 20:51:12.320646,
REQ506280,/api/beneficiary,240.2,200,2026-03-19 07:58:13.895470,
REQ506281,/api/balance,504.8,200,2026-07-07 00:35:30.014258,
REQ506282,/api/login,161.4,200,2026-02-28 18:17:23.090851,
REQ506283,/api/balance,171.6,200,2026-05-03 00:24:07.882810,
REQ506284,/api/statement,253.1,200,2026-05-10 01:48:08.344700,
REQ506285,/api/login,421.2,200,2026-08-02 18:32:17.258503,
REQ506286,/api/login,272.9,200,2026-07-07 01:28:25.195917,
REQ506287,/api/beneficiary,267.8,200,2026-04-21 19:54:27.211389,
REQ506288,/api/balance,620.7,200,2026-07-21 03:49:55.190145,
REQ506289,/api/transfer,66.5,200,2026-07-20 15:33:46.499398,
REQ506290,/api/beneficiary,280.3,429,2026-07-03 14:58:25.380161,
REQ506291,/api/statement,710.2,502,2026-03-03 10:58:48.694771,INC400372
REQ506292,/api/transfer,247.8,200,2026-03-24 11:55:04.033422,
REQ506293,/api/kyc/verify,333.6,200,2026-06-06 01:45:50.328064,
REQ506294,/api/transfer,444.9,429,2026-04-23 14:10:01.681910,
REQ506295,/api/kyc/verify,522.6,200,2026-04-13 11:26:23.288211,
REQ506296,/api/beneficiary,103.5,200,2026-08-08 19:07:20.106035,
REQ506297,/api/kyc/verify,62.7,200,2026-06-14 04:40:22.504322,
REQ506298,/api/transfer,297.9,200,2026-03-17 12:19:45.163178,
REQ506299,/api/statement,280.1,200,2026-07-19 22:26:47.890251,
REQ506300,/api/kyc/verify,299.4,200,2026-06-27 06:00:23.624505,
REQ506301,/api/transfer,58.1,200,2026-03-19 02:18:19.301343,
REQ506302,/api/statement,10.7,200,2026-08-19 13:46:23.211151,
REQ506303,/api/login,329.4,200,2026-07-11 04:25:22.889147,
REQ506304,/api/login,229.5,200,2026-06-20 21:12:17.902548,
REQ506305,/api/login,112.3,200,2026-06-05 00:51:33.510266,
REQ506306,/api/beneficiary,146.6,200,2026-05-18 09:05:07.544772,
REQ506307,/api/beneficiary,137.7,200,2026-07-21 04:56:56.276882,
REQ506308,/api/balance,172.7,200,2026-05-17 06:05:57.508441,
REQ506309,/api/kyc/verify,89.7,500,2026-04-11 10:10:52.601673,
REQ506310,/api/transfer,477.6,200,2026-03-20 14:26:04.867565,
REQ506311,/api/kyc/verify,319.6,200,2026-07-02 19:04:38.946430,
REQ506312,/api/transfer,345.5,200,2026-03-21 11:59:25.142974,
REQ506313,/api/kyc/verify,521.8,200,2026-03-27 11:53:20.140526,
REQ506314,/api/statement,567.8,200,2026-06-29 20:01:32.176350,
REQ506315,/api/beneficiary,164.2,200,2026-03-15 01:24:51.699089,
REQ506316,/api/transfer,425.4,200,2026-04-25 01:22:13.795793,
REQ506317,/api/beneficiary,170.7,200,2026-08-08 09:44:02.588993,
REQ506318,/api/kyc/verify,79.6,200,2026-05-27 10:58:40.663804,
REQ506319,/api/login,430.0,200,2026-08-11 23:54:28.470151,
REQ506320,/api/beneficiary,1207.1,200,2026-03-10 21:33:08.897742,
REQ506321,/api/kyc/verify,279.5,200,2026-07-15 14:21:42.980450,
REQ506322,/api/balance,238.1,200,2026-02-21 02:15:00.691496,
REQ506323,/api/transfer,18.9,200,2026-05-30 22:09:57.767727,
REQ506324,/api/login,207.5,200,2026-07-03 14:24:09.364725,
REQ506325,/api/balance,427.0,400,2026-06-16 20:06:41.518129,
REQ506326,/api/statement,325.7,200,2026-06-10 01:10:33.805530,
REQ506327,/api/login,91.7,200,2026-03-31 06:48:07.869593,
REQ506328,/api/login,653.6,200,2026-06-17 01:36:56.526889,
REQ506329,/api/transfer,234.3,200,2026-05-11 17:25:57.933622,
REQ506330,/api/balance,40.3,200,2026-04-22 07:00:36.546977,
REQ506331,/api/beneficiary,400.9,502,2026-07-22 18:48:36.325619,INC401768
REQ506332,/api/statement,229.3,200,2026-08-17 22:42:56.810040,
REQ506333,/api/kyc/verify,167.7,200,2026-04-18 12:34:22.741470,
REQ506334,/api/login,296.1,200,2026-06-09 18:30:29.463046,
REQ506335,/api/transfer,268.4,401,2026-08-05 20:25:21.694382,
REQ506336,/api/transfer,241.4,200,2026-03-22 19:20:04.538062,
REQ506337,/api/login,275.0,200,2026-07-15 07:16:57.054280,
REQ506338,/api/statement,344.6,200,2026-03-24 04:51:05.315033,
REQ506339,/api/transfer,247.9,200,2026-03-30 23:52:42.501626,
REQ506340,/api/balance,227.7,200,2026-08-14 12:38:02.104206,
REQ506341,/api/kyc/verify,219.7,200,2026-04-19 03:56:28.357367,
REQ506342,/api/transfer,585.3,200,2026-06-21 10:48:16.932419,
REQ506343,/api/statement,331.6,200,2026-05-03 05:38:35.432051,
REQ506344,/api/transfer,178.2,200,2026-06-11 03:37:49.967951,
REQ506345,/api/login,332.7,200,2026-04-10 01:55:12.437972,
REQ506346,/api/kyc/verify,615.3,400,2026-05-29 10:08:21.279313,
REQ506347,/api/kyc/verify,149.9,429,2026-06-27 19:52:27.485256,
REQ506348,/api/login,247.7,200,2026-05-09 15:50:26.157977,
REQ506349,/api/login,257.0,200,2026-08-04 12:54:47.370915,
REQ506350,/api/transfer,188.2,503,2026-07-19 10:05:49.852199,INC401201
REQ506351,/api/login,265.3,200,2026-03-21 15:53:25.831516,
REQ506352,/api/beneficiary,69.3,500,2026-08-02 20:26:40.369036,INC405188
REQ506353,/api/login,343.1,200,2026-07-01 20:00:20.961520,
REQ506354,/api/login,68.3,200,2026-03-28 08:13:34.659718,
REQ506355,/api/login,569.3,200,2026-03-26 12:47:02.447047,
REQ506356,/api/statement,310.4,200,2026-04-19 22:07:06.593703,
REQ506357,/api/kyc/verify,112.0,201,2026-07-04 07:16:28.683194,
REQ506358,/api/statement,1056.5,200,2026-06-08 17:24:41.053666,
REQ506359,/api/statement,443.8,200,2026-02-23 10:57:03.860894,
REQ506360,/api/balance,546.9,200,2026-06-26 12:37:43.163690,
REQ506361,/api/kyc/verify,397.2,200,2026-04-20 16:26:55.269062,
REQ506362,/api/statement,186.2,200,2026-03-07 15:21:36.323568,
REQ506363,/api/beneficiary,332.0,200,2026-05-19 02:41:04.513177,
REQ506364,/api/balance,131.9,200,2026-06-29 22:22:05.219244,
REQ506365,/api/login,141.6,500,2026-03-19 22:22:13.623061,
REQ506366,/api/statement,63.3,200,2026-04-09 02:24:24.479213,
REQ506367,/api/login,351.2,429,2026-07-05 12:01:03.232034,
REQ506368,/api/statement,829.6,504,2026-07-21 11:46:35.560160,INC400973
REQ506369,/api/beneficiary,649.9,200,2026-05-09 15:45:38.612128,
REQ506370,/api/beneficiary,174.4,200,2026-03-30 11:04:57.493411,
REQ506371,/api/statement,265.8,200,2026-05-08 15:23:35.877488,
REQ506372,/api/kyc/verify,477.9,200,2026-03-10 15:42:16.613491,
REQ506373,/api/login,241.0,200,2026-07-17 07:51:22.906266,
REQ506374,/api/transfer,488.2,200,2026-05-27 20:44:04.699545,
REQ506375,/api/balance,357.4,200,2026-04-21 16:59:38.162333,
REQ506376,/api/login,127.7,200,2026-08-05 18:30:49.744872,
REQ506377,/api/login,47.7,200,2026-07-30 19:32:15.485079,
REQ506378,/api/kyc/verify,98.3,200,2026-02-21 11:05:27.291917,
REQ506379,/api/statement,352.1,200,2026-03-06 15:22:02.654626,
REQ506380,/api/balance,438.6,200,2026-04-21 18:47:20.042712,
REQ506381,/api/login,86.8,200,2026-08-01 04:20:23.141557,
REQ506382,/api/beneficiary,211.0,200,2026-02-28 19:11:55.630731,
REQ506383,/api/balance,576.4,200,2026-07-02 03:58:44.729229,
REQ506384,/api/login,188.6,200,2026-04-17 08:42:31.720501,
REQ506385,/api/beneficiary,52.2,200,2026-02-25 13:55:06.351615,
REQ506386,/api/transfer,461.5,200,2026-07-11 06:26:44.221035,
REQ506387,/api/balance,143.0,200,2026-02-25 14:29:04.573502,
REQ506388,/api/beneficiary,241.6,200,2026-06-29 09:18:11.933851,
REQ506389,/api/transfer,702.0,200,2026-07-26 18:16:29.489044,
REQ506390,/api/kyc/verify,291.2,200,2026-05-20 17:22:16.064548,
REQ506391,/api/balance,242.5,200,2026-07-07 14:27:41.712164,
REQ506392,/api/login,29.4,200,2026-07-23 21:32:36.714620,
REQ506393,/api/beneficiary,423.1,200,2026-07-18 14:40:04.497929,
REQ506394,/api/balance,363.8,200,2026-06-25 02:12:36.378944,
REQ506395,/api/transfer,161.1,200,2026-03-07 14:17:17.356311,
REQ506396,/api/transfer,274.5,200,2026-08-12 17:49:00.157122,
REQ506397,/api/login,470.3,200,2026-03-11 13:38:15.854138,
REQ506398,/api/login,7727.8,200,2026-06-02 18:31:38.667898,
REQ506399,/api/login,251.1,200,2026-05-20 04:11:10.132993,
REQ506400,/api/login,425.1,200,2026-07-17 11:06:42.451112,
REQ506401,/api/transfer,295.6,400,2026-05-27 22:25:35.092132,
REQ506402,/api/login,658.1,200,2026-07-22 05:25:24.539654,
REQ506403,/api/balance,103.0,200,2026-07-20 18:47:58.352380,
REQ506404,/api/statement,141.3,200,2026-03-03 00:21:41.626620,
REQ506405,/api/statement,391.3,200,2026-03-19 23:12:29.611656,
REQ506406,/api/kyc/verify,129.7,502,2026-05-31 09:14:43.100131,
REQ506407,/api/login,207.3,400,2026-05-05 09:06:17.163197,
REQ506408,/api/kyc/verify,161.9,200,2026-07-26 12:23:00.097060,
REQ506409,/api/balance,196.7,201,2026-06-05 23:38:39.997409,
REQ506410,/api/balance,657.0,400,2026-07-29 23:39:38.894962,
REQ506411,/api/kyc/verify,95.4,200,2026-02-23 21:33:49.361082,
REQ506412,/api/statement,606.1,200,2026-08-01 17:39:02.373170,
REQ506413,/api/kyc/verify,881.7,200,2026-04-13 04:09:06.415797,
REQ506414,/api/balance,145.9,200,2026-04-06 03:11:48.945420,
REQ506415,/api/statement,884.0,200,2026-08-18 09:36:48.019387,
REQ506416,/api/statement,319.3,400,2026-04-20 10:09:25.253638,
REQ506417,/api/login,491.5,429,2026-03-06 01:36:59.149445,
REQ506418,/api/beneficiary,108.5,200,2026-05-12 13:24:13.841623,
REQ506419,/api/balance,172.8,200,2026-06-30 15:07:31.115313,
REQ506420,/api/transfer,692.8,200,2026-04-29 14:29:58.995018,
REQ506421,/api/login,114.6,200,2026-06-25 17:49:10.755449,
REQ506422,/api/login,335.5,200,2026-06-24 14:25:27.050846,
REQ506423,/api/beneficiary,203.5,200,2026-07-29 13:23:19.367084,
REQ506424,/api/transfer,278.3,200,2026-03-22 13:11:27.499433,
REQ506425,/api/statement,237.7,200,2026-06-13 09:32:07.902024,
REQ506426,/api/kyc/verify,244.3,200,2026-06-07 21:43:03.384127,
REQ506427,/api/login,4702.8,200,2026-06-16 05:08:26.999369,
REQ506428,/api/beneficiary,385.5,200,2026-02-22 03:56:04.873257,
REQ506429,/api/transfer,153.2,200,2026-08-01 18:33:20.562249,
REQ506430,/api/kyc/verify,138.7,200,2026-04-23 21:04:00.382240,
REQ506431,/api/kyc/verify,620.2,200,2026-03-03 21:45:03.729110,
REQ506432,/api/login,256.6,200,2026-03-01 20:50:04.170042,
REQ506433,/api/balance,197.1,200,2026-04-26 17:10:07.182544,
REQ506434,/api/beneficiary,37.1,200,2026-07-25 02:54:23.991257,
REQ506435,/api/statement,61.2,200,2026-08-11 16:29:25.823129,
REQ506436,/api/login,810.6,503,2026-04-29 13:30:35.248633,INC409155
REQ506437,/api/transfer,119.7,200,2026-04-24 13:24:39.363509,
REQ506438,/api/statement,167.6,200,2026-06-17 16:59:58.033012,
REQ506439,/api/login,255.2,200,2026-07-04 15:46:54.029704,
REQ506440,/api/kyc/verify,449.7,200,2026-05-20 07:49:33.391418,
REQ506441,/api/kyc/verify,507.7,200,2026-08-06 04:39:27.638762,
REQ506442,/api/transfer,349.2,200,2026-06-24 02:46:42.712961,
REQ506443,/api/balance,437.1,201,2026-04-01 09:41:46.578122,
REQ506444,/api/login,164.3,200,2026-06-20 14:38:07.974742,
REQ506445,/api/statement,319.6,400,2026-05-06 12:37:34.193109,
REQ506446,/api/statement,284.6,200,2026-03-16 02:52:49.235709,
REQ506447,/api/statement,621.2,200,2026-08-07 04:12:40.894027,
REQ506448,/api/transfer,753.4,200,2026-02-27 08:46:11.900005,
REQ506449,/api/kyc/verify,74.7,200,2026-05-14 16:53:22.667159,
REQ506450,/api/login,753.1,400,2026-05-11 13:38:57.852306,
REQ506451,/api/kyc/verify,228.6,401,2026-05-24 03:18:58.773271,
REQ506452,/api/transfer,92.0,200,2026-02-25 08:55:05.335969,
REQ506453,/api/login,182.1,200,2026-06-05 23:42:19.704270,
REQ506454,/api/balance,25.7,200,2026-07-25 13:17:53.855540,
REQ506455,/api/balance,569.7,200,2026-03-29 10:56:17.111343,
REQ506456,/api/login,292.3,200,2026-05-23 23:21:05.770216,
REQ506457,/api/kyc/verify,236.1,400,2026-08-03 18:14:51.515239,
REQ506458,/api/beneficiary,284.6,200,2026-04-14 12:47:50.850968,
REQ506459,/api/login,190.5,200,2026-08-05 10:50:55.327188,
REQ506460,/api/login,382.2,400,2026-04-14 19:46:35.854386,
REQ506461,/api/transfer,69.1,200,2026-04-02 16:53:38.157534,
REQ506462,/api/balance,125.5,504,2026-07-15 04:56:17.797308,
REQ506463,/api/login,184.7,200,2026-03-12 12:36:49.493148,
REQ506464,/api/balance,525.3,200,2026-03-15 11:41:50.951107,
REQ506465,/api/kyc/verify,92.5,200,2026-07-13 03:20:18.157071,
REQ506466,/api/transfer,245.8,200,2026-02-25 18:35:34.857118,
REQ506467,/api/kyc/verify,105.3,200,2026-05-03 03:25:19.775066,
REQ506468,/api/transfer,803.9,200,2026-05-18 17:51:10.417674,
REQ506469,/api/statement,297.3,200,2026-03-01 18:52:27.672012,
REQ506470,/api/login,1247.0,200,2026-05-19 16:03:19.668012,
REQ506471,/api/balance,295.1,200,2026-07-09 16:04:04.263548,
REQ506472,/api/statement,45.8,200,2026-08-10 22:57:35.986122,
REQ506473,/api/transfer,54.3,201,2026-07-03 15:00:46.602189,
REQ506474,/api/balance,514.1,200,2026-03-17 07:59:07.809059,
REQ506475,/api/beneficiary,529.7,200,2026-03-11 11:19:27.134309,
REQ506476,/api/beneficiary,140.6,200,2026-03-25 05:47:34.210981,
REQ506477,/api/login,106.7,200,2026-08-16 14:21:57.090513,
REQ506478,/api/balance,483.0,200,2026-04-21 12:42:28.508050,
REQ506479,/api/transfer,91.4,200,2026-07-28 22:07:17.971973,
REQ506480,/api/beneficiary,263.9,200,2026-06-28 19:06:09.265581,
REQ506481,/api/beneficiary,123.3,200,2026-05-03 19:15:31.921243,
REQ506482,/api/balance,277.0,200,2026-07-20 14:45:03.272152,
REQ506483,/api/statement,219.4,500,2026-05-24 10:06:23.921485,
REQ506484,/api/transfer,373.2,200,2026-07-12 10:13:12.013814,
REQ506485,/api/statement,145.0,200,2026-02-24 20:45:54.274019,
REQ506486,/api/beneficiary,736.7,200,2026-04-01 07:54:34.351147,
REQ506487,/api/balance,235.1,200,2026-05-29 01:46:54.086321,
REQ506488,/api/beneficiary,237.3,200,2026-03-01 05:04:54.185375,
REQ506489,/api/login,186.7,200,2026-04-10 20:21:40.845836,
REQ506490,/api/balance,244.3,200,2026-07-03 08:15:48.845304,
REQ506491,/api/statement,137.0,429,2026-06-09 04:12:11.265184,
REQ506492,/api/kyc/verify,184.4,200,2026-06-20 15:51:14.616900,
REQ506493,/api/beneficiary,185.1,200,2026-04-24 01:17:25.779474,
REQ506494,/api/login,358.3,200,2026-05-03 15:40:23.953595,
REQ506495,/api/statement,231.3,200,2026-06-06 00:20:20.641923,
REQ506496,/api/transfer,209.0,503,2026-03-25 01:42:32.936086,INC406341
REQ506497,/api/login,387.7,502,2026-05-15 19:04:05.874227,INC405276
REQ506498,/api/transfer,286.1,200,2026-02-25 21:53:26.424479,
REQ506499,/api/kyc/verify,608.3,200,2026-05-15 12:19:55.823185,
REQ506500,/api/balance,361.8,200,2026-04-12 02:55:37.875679,
REQ506501,/api/statement,419.3,200,2026-07-08 13:41:09.811560,
REQ506502,/api/statement,52.1,400,2026-03-12 08:41:35.117566,
REQ506503,/api/beneficiary,6472.9,200,2026-06-21 10:03:47.881520,
REQ506504,/api/kyc/verify,60.1,200,2026-05-20 18:44:20.133461,
REQ506505,/api/beneficiary,66.9,500,2026-06-23 02:23:02.391847,
REQ506506,/api/transfer,406.9,500,2026-05-01 07:57:30.066231,INC409245
REQ506507,/api/transfer,350.4,200,2026-07-21 14:18:02.563249,
REQ506508,/api/login,570.0,200,2026-02-25 19:50:57.974977,
REQ506509,/api/beneficiary,566.0,200,2026-03-27 15:03:16.683458,
REQ506510,/api/transfer,269.2,200,2026-07-05 08:47:36.379068,
REQ506511,/api/statement,536.7,200,2026-03-08 00:50:20.301048,
REQ506512,/api/statement,96.8,200,2026-08-05 16:51:36.601739,
REQ506513,/api/statement,351.0,200,2026-05-15 22:53:23.147451,
REQ506514,/api/statement,505.2,200,2026-05-24 02:41:52.262928,
REQ506515,/api/balance,198.0,200,2026-05-24 02:50:26.274702,
REQ506516,/api/statement,81.0,200,2026-07-30 12:47:47.053790,
REQ506517,/api/login,291.9,200,2026-06-23 08:15:34.283907,
REQ506518,/api/statement,69.6,200,2026-03-15 13:44:45.577264,
REQ506519,/api/beneficiary,138.4,200,2026-06-10 20:02:52.741340,
REQ506520,/api/login,74.8,200,2026-04-28 18:16:28.557321,
REQ506521,/api/login,207.4,201,2026-03-02 12:27:41.305189,
REQ506522,/api/balance,198.0,200,2026-07-07 23:58:56.084838,
REQ506523,/api/kyc/verify,360.0,201,2026-05-25 12:41:19.428970,
REQ506524,/api/beneficiary,59.2,200,2026-06-02 06:22:58.645880,
REQ506525,/api/kyc/verify,519.7,200,2026-03-17 02:19:49.407983,
REQ506526,/api/balance,75.0,200,2026-04-11 11:11:29.579076,
REQ506527,/api/balance,450.0,400,2026-06-07 05:22:28.647263,
REQ506528,/api/statement,214.0,200,2026-04-09 16:08:30.141181,
REQ506529,/api/balance,220.5,200,2026-06-30 17:14:59.986296,
REQ506530,/api/login,358.2,200,2026-06-21 21:36:18.128898,
REQ506531,/api/login,86.6,200,2026-07-16 20:26:55.069629,
REQ506532,/api/statement,488.5,200,2026-08-19 09:55:30.419580,
REQ506533,/api/kyc/verify,634.3,200,2026-07-10 03:07:18.425504,
REQ506534,/api/kyc/verify,231.7,400,2026-03-14 00:05:12.701860,
REQ506535,/api/beneficiary,168.1,200,2026-03-21 08:11:29.838371,
REQ506536,/api/login,381.0,400,2026-02-21 09:24:39.933540,
REQ506537,/api/balance,48.7,200,2026-03-23 09:11:15.998364,
REQ506538,/api/beneficiary,265.8,200,2026-08-17 03:37:05.712031,
REQ506539,/api/beneficiary,212.3,503,2026-05-22 07:57:57.859266,INC404327
REQ506540,/api/statement,109.4,200,2026-05-26 13:24:15.649475,
REQ506541,/api/login,589.5,200,2026-07-31 13:01:45.843212,
REQ506542,/api/statement,86.7,400,2026-06-13 02:29:00.271882,
REQ506543,/api/transfer,34.5,200,2026-06-07 06:10:55.216462,
REQ506544,/api/balance,142.3,200,2026-07-21 21:59:25.804777,
REQ506545,/api/transfer,349.4,200,2026-05-31 06:03:19.065652,
REQ506546,/api/kyc/verify,15.3,200,2026-04-28 05:46:37.696444,
REQ506547,/api/beneficiary,604.9,200,2026-02-26 01:01:55.867485,
REQ506548,/api/statement,719.9,200,2026-03-27 14:21:25.579006,
REQ506549,/api/statement,284.1,502,2026-06-19 01:24:51.879293,INC409708
REQ506550,/api/transfer,244.2,200,2026-03-01 05:47:49.280619,
REQ506551,/api/transfer,198.6,200,2026-02-24 13:32:34.511481,
REQ506552,/api/transfer,8151.1,200,2026-08-12 12:47:15.287332,
REQ506553,/api/balance,248.1,200,2026-05-10 07:02:10.732474,
REQ506554,/api/transfer,386.0,200,2026-07-22 22:33:11.495488,
REQ506555,/api/transfer,231.4,200,2026-04-01 08:36:49.603980,
REQ506556,/api/statement,854.0,200,2026-06-29 07:40:57.975079,
REQ506557,/api/statement,286.1,200,2026-02-27 04:22:04.681771,
REQ506558,/api/kyc/verify,348.9,200,2026-07-26 21:18:15.671310,
REQ506559,/api/statement,320.9,200,2026-04-22 22:50:28.806808,
REQ506560,/api/transfer,206.3,200,2026-07-02 14:57:33.471650,
REQ506561,/api/login,318.8,200,2026-07-24 19:17:43.525672,
REQ506562,/api/statement,221.7,200,2026-06-05 01:28:21.973494,
REQ506563,/api/statement,47.9,200,2026-07-25 16:38:18.310571,
REQ506564,/api/beneficiary,186.0,200,2026-07-30 18:30:07.382413,
REQ506565,/api/transfer,487.0,200,2026-06-28 23:05:09.819756,
REQ506566,/api/kyc/verify,11.4,200,2026-07-23 06:28:05.458631,
REQ506567,/api/login,841.2,200,2026-08-04 11:52:22.891327,
REQ506568,/api/statement,128.0,200,2026-06-01 13:11:09.821533,
REQ506569,/api/balance,135.9,200,2026-05-04 03:45:58.790206,
REQ506570,/api/statement,234.4,200,2026-03-30 06:42:46.638426,
REQ506571,/api/balance,559.7,200,2026-06-25 19:17:02.357336,
REQ506572,/api/balance,830.0,200,2026-08-10 03:31:45.005724,
REQ506573,/api/transfer,345.7,200,2026-08-04 12:32:59.223777,
REQ506574,/api/beneficiary,297.7,200,2026-07-08 23:26:07.242698,
REQ506575,/api/statement,230.6,200,2026-03-02 05:46:31.543335,
REQ506576,/api/beneficiary,292.5,200,2026-07-02 03:11:47.830069,
REQ506577,/api/beneficiary,100.0,200,2026-04-09 12:44:42.537395,
REQ506578,/api/balance,309.1,201,2026-05-01 22:51:43.763992,
REQ506579,/api/balance,149.6,200,2026-02-27 22:23:37.579672,
REQ506580,/api/balance,65.6,200,2026-07-02 10:19:45.218666,
REQ506581,/api/beneficiary,149.3,200,2026-04-23 20:32:40.345360,
REQ506582,/api/statement,371.7,200,2026-07-22 21:27:40.589728,
REQ506583,/api/statement,258.8,200,2026-02-26 07:04:45.905423,
REQ506584,/api/login,594.8,200,2026-05-14 20:07:00.628733,
REQ506585,/api/transfer,413.5,200,2026-07-13 23:54:07.568449,
REQ506586,/api/transfer,50.8,504,2026-07-30 06:00:18.894377,INC408848
REQ506587,/api/transfer,196.0,200,2026-06-13 23:58:54.335456,
REQ506588,/api/balance,259.2,201,2026-07-12 11:51:22.243603,
REQ506589,/api/balance,140.0,200,2026-07-17 23:03:18.565055,
REQ506590,/api/beneficiary,378.7,200,2026-05-10 12:06:06.840094,
REQ506591,/api/balance,263.2,200,2026-06-02 11:04:46.792306,
REQ506592,/api/login,44.7,200,2026-04-08 20:19:44.143921,
REQ506593,/api/login,154.7,200,2026-03-01 23:36:15.040474,
REQ506594,/api/beneficiary,287.8,200,2026-05-13 04:15:02.028782,
REQ506595,/api/login,130.9,200,2026-08-06 14:27:28.041057,
REQ506596,/api/statement,535.3,201,2026-05-12 08:42:38.453867,
REQ506597,/api/statement,268.8,200,2026-04-19 10:41:27.899163,
REQ506598,/api/statement,790.2,201,2026-07-19 02:53:00.822218,
REQ506599,/api/kyc/verify,21.3,200,2026-05-09 02:00:21.759768,
REQ506600,/api/transfer,165.0,200,2026-05-04 03:09:44.429428,
REQ506601,/api/statement,533.5,200,2026-03-16 20:01:09.616367,
REQ506602,/api/beneficiary,380.7,503,2026-07-30 15:24:48.700084,INC401802
REQ506603,/api/balance,287.4,200,2026-07-22 15:05:14.290264,
REQ506604,/api/login,349.4,200,2026-06-15 00:29:40.811998,
REQ506605,/api/login,144.2,503,2026-03-02 03:03:06.415832,INC409805
REQ506606,/api/kyc/verify,382.4,200,2026-05-29 13:34:08.594135,
REQ506607,/api/transfer,230.7,200,2026-06-25 10:56:43.317102,
REQ506608,/api/kyc/verify,59.4,200,2026-08-01 21:29:22.360160,
REQ506609,/api/balance,193.1,200,2026-05-13 19:39:39.814562,
REQ506610,/api/login,109.9,200,2026-08-12 23:11:35.980608,
REQ506611,/api/balance,265.6,429,2026-06-18 12:04:39.122285,
REQ506612,/api/login,80.8,200,2026-07-10 18:19:49.781761,
REQ506613,/api/balance,151.9,200,2026-04-23 07:09:39.914608,
REQ506614,/api/statement,524.4,201,2026-05-14 17:12:01.285044,
REQ506615,/api/statement,353.9,200,2026-06-11 04:08:33.887556,
REQ506616,/api/login,78.7,200,2026-04-26 22:43:13.372727,
REQ506617,/api/beneficiary,106.7,200,2026-05-13 12:02:05.171396,
REQ506618,/api/beneficiary,468.2,200,2026-06-21 18:15:32.194597,
REQ506619,/api/transfer,320.9,200,2026-07-06 12:15:27.380142,
REQ506620,/api/transfer,390.0,200,2026-08-10 10:11:24.663145,
REQ506621,/api/transfer,521.4,503,2026-03-02 03:18:49.225844,INC407839
REQ506622,/api/beneficiary,611.0,200,2026-05-01 15:29:35.930419,
REQ506623,/api/kyc/verify,225.3,200,2026-06-16 15:44:49.905316,
REQ506624,/api/transfer,357.9,200,2026-08-14 10:35:28.259202,
REQ506625,/api/transfer,307.9,200,2026-05-30 21:06:25.424243,
REQ506626,/api/transfer,111.6,200,2026-08-10 23:00:41.595980,
REQ506627,/api/statement,132.1,429,2026-02-25 13:06:56.533134,
REQ506628,/api/balance,152.1,200,2026-04-01 05:51:57.858020,
REQ506629,/api/transfer,381.7,200,2026-05-27 12:56:47.302646,
REQ506630,/api/kyc/verify,457.1,200,2026-07-03 10:46:07.544369,
REQ506631,/api/transfer,373.3,200,2026-07-30 16:51:03.081450,
REQ506632,/api/kyc/verify,46.8,200,2026-06-09 20:18:32.749839,
REQ506633,/api/balance,385.4,200,2026-07-23 01:55:23.500829,
REQ506634,/api/transfer,212.2,200,2026-05-21 12:21:07.071068,
REQ506635,/api/transfer,119.0,200,2026-04-07 22:35:50.773684,
REQ506636,/api/balance,223.8,200,2026-05-02 21:06:36.267336,
REQ506637,/api/beneficiary,191.7,200,2026-06-19 00:46:44.487126,
REQ506638,/api/transfer,682.0,200,2026-07-02 14:45:29.530209,
REQ506639,/api/balance,271.8,200,2026-04-15 05:26:58.056801,
REQ506640,/api/balance,245.4,200,2026-05-05 22:24:55.841877,
REQ506641,/api/login,317.3,200,2026-05-06 08:58:34.960193,
REQ506642,/api/balance,269.6,200,2026-04-09 13:38:15.270270,
REQ506643,/api/statement,78.9,200,2026-07-14 00:56:32.393462,
REQ506644,/api/beneficiary,9.3,200,2026-03-11 03:30:36.210391,
REQ506645,/api/kyc/verify,74.7,200,2026-05-28 20:32:45.412399,
REQ506646,/api/transfer,632.8,200,2026-07-07 12:18:36.238937,
REQ506647,/api/beneficiary,98.0,200,2026-04-05 06:48:28.139033,
REQ506648,/api/login,370.0,200,2026-07-15 16:19:09.314870,
REQ506649,/api/kyc/verify,498.2,200,2026-08-07 18:49:56.873801,
REQ506650,/api/transfer,765.8,500,2026-07-13 23:52:51.517222,
REQ506651,/api/kyc/verify,166.3,200,2026-02-27 04:08:26.779044,
REQ506652,/api/kyc/verify,85.1,200,2026-05-08 13:05:25.101643,
REQ506653,/api/login,165.3,200,2026-04-20 00:09:05.555819,
REQ506654,/api/kyc/verify,1242.8,200,2026-06-12 19:32:31.374287,
REQ506655,/api/beneficiary,358.2,200,2026-08-06 01:37:56.893393,
REQ506656,/api/transfer,88.7,200,2026-08-12 23:55:25.972024,
REQ506657,/api/transfer,113.5,503,2026-04-07 06:30:07.258752,
REQ506658,/api/login,46.1,200,2026-03-28 20:24:28.235055,
REQ506659,/api/kyc/verify,572.5,200,2026-06-22 12:42:40.126381,
REQ506660,/api/balance,446.6,504,2026-03-01 19:20:04.472597,INC404287
REQ506661,/api/transfer,184.4,500,2026-07-21 17:17:16.331579,INC400126
REQ506662,/api/transfer,320.9,400,2026-06-01 07:59:45.799151,
REQ506663,/api/transfer,443.2,200,2026-04-05 19:29:10.677734,
REQ506664,/api/beneficiary,254.1,201,2026-07-12 16:53:24.965361,
REQ506665,/api/beneficiary,558.2,200,2026-07-08 12:09:25.258909,
REQ506666,/api/balance,186.9,200,2026-08-14 17:17:17.764496,
REQ506667,/api/statement,6744.5,200,2026-06-05 02:28:55.819908,
REQ506668,/api/transfer,168.4,200,2026-07-11 20:47:07.882002,
REQ506669,/api/login,185.0,429,2026-07-11 09:35:57.747298,
REQ506670,/api/transfer,453.4,200,2026-04-08 09:31:05.465980,
REQ506671,/api/beneficiary,59.7,429,2026-07-22 13:50:42.247901,
REQ506672,/api/kyc/verify,374.4,200,2026-04-26 23:35:03.145957,
REQ506673,/api/kyc/verify,108.0,200,2026-07-14 11:08:37.297104,
REQ506674,/api/beneficiary,812.0,200,2026-03-14 16:13:42.586235,
REQ506675,/api/kyc/verify,286.0,200,2026-06-18 02:04:01.240005,
REQ506676,/api/balance,370.0,200,2026-08-16 02:03:20.964724,
REQ506677,/api/statement,402.5,503,2026-07-30 21:20:55.746235,INC403517
REQ506678,/api/kyc/verify,170.3,200,2026-04-30 00:27:35.714532,
REQ506679,/api/transfer,214.8,502,2026-08-15 20:31:04.712026,INC407614
REQ506680,/api/balance,277.4,200,2026-06-17 04:43:27.051406,
REQ506681,/api/balance,291.0,200,2026-07-08 08:21:42.250043,
REQ506682,/api/balance,69.2,200,2026-03-06 06:10:53.664149,
REQ506683,/api/kyc/verify,722.4,200,2026-06-17 19:17:22.832316,
REQ506684,/api/balance,939.6,200,2026-04-23 03:23:22.429887,
REQ506685,/api/login,5548.0,200,2026-03-21 08:12:13.488226,
REQ506686,/api/kyc/verify,373.3,200,2026-04-18 16:37:15.178427,
REQ506687,/api/login,421.8,200,2026-03-13 18:32:54.221838,
REQ506688,/api/transfer,335.7,200,2026-03-24 11:27:34.013724,
REQ506689,/api/transfer,90.8,201,2026-04-26 19:21:57.796230,
REQ506690,/api/beneficiary,447.1,400,2026-05-23 13:54:08.078436,
REQ506691,/api/balance,26.2,200,2026-04-25 08:22:42.984039,
REQ506692,/api/transfer,666.4,200,2026-04-28 15:49:25.067547,
REQ506693,/api/beneficiary,904.1,200,2026-07-23 22:26:17.704485,
REQ506694,/api/transfer,156.6,200,2026-06-20 16:24:46.097045,
REQ506695,/api/statement,311.6,200,2026-08-08 01:48:01.458758,
REQ506696,/api/kyc/verify,328.2,200,2026-07-21 06:59:57.611102,
REQ506697,/api/statement,79.8,201,2026-04-23 13:26:20.690977,
REQ506698,/api/statement,266.9,200,2026-02-23 14:32:14.967258,
REQ506699,/api/beneficiary,321.7,502,2026-06-09 08:41:51.763094,
REQ506700,/api/beneficiary,111.2,200,2026-04-22 00:08:40.845242,
REQ506701,/api/transfer,130.4,200,2026-02-21 16:01:26.081443,
REQ506702,/api/login,158.8,200,2026-04-04 11:22:31.004842,
REQ506703,/api/beneficiary,398.7,502,2026-07-19 05:43:14.262142,INC408979
REQ506704,/api/kyc/verify,587.5,200,2026-08-13 00:44:17.763914,
REQ506705,/api/balance,4457.4,200,2026-07-15 02:36:31.260590,
REQ506706,/api/kyc/verify,413.9,200,2026-06-06 03:39:08.095945,
REQ506707,/api/login,191.9,200,2026-08-12 02:36:44.354894,
REQ506708,/api/login,392.6,200,2026-06-25 08:54:01.116376,
REQ506709,/api/beneficiary,1235.1,200,2026-03-10 21:07:22.125755,
REQ506710,/api/kyc/verify,204.9,200,2026-05-02 14:46:07.312857,
REQ506711,/api/balance,123.9,200,2026-03-23 20:16:21.231311,
REQ506712,/api/statement,25.6,200,2026-06-05 08:18:13.239818,
REQ506713,/api/kyc/verify,8705.5,200,2026-07-03 17:43:08.307934,
REQ506714,/api/beneficiary,38.5,200,2026-08-06 17:08:19.721978,
REQ506715,/api/kyc/verify,353.4,200,2026-08-10 15:36:40.366975,
REQ506716,/api/beneficiary,340.8,200,2026-07-07 01:20:09.135383,
REQ506717,/api/statement,566.2,200,2026-05-25 06:04:31.670819,
REQ506718,/api/kyc/verify,145.2,200,2026-03-07 03:34:23.711726,
REQ506719,/api/statement,165.8,200,2026-06-29 23:03:59.685576,
REQ506720,/api/balance,899.2,200,2026-03-06 11:01:55.180601,
REQ506721,/api/kyc/verify,24.1,200,2026-02-27 13:38:24.325154,
REQ506722,/api/kyc/verify,187.2,200,2026-07-25 15:34:39.692483,
REQ506723,/api/balance,120.2,200,2026-03-04 13:27:06.797794,
REQ506724,/api/kyc/verify,161.1,200,2026-04-17 10:37:03.507374,
REQ506725,/api/kyc/verify,27.3,200,2026-06-20 20:47:38.679030,
REQ506726,/api/balance,252.2,200,2026-04-28 23:07:16.654616,
REQ506727,/api/kyc/verify,184.0,201,2026-08-08 01:54:34.418496,
REQ506728,/api/login,89.1,400,2026-04-26 14:20:13.202745,
REQ506729,/api/kyc/verify,73.2,503,2026-03-08 11:32:32.690869,INC406476
REQ506730,/api/kyc/verify,399.3,200,2026-03-27 01:53:01.340998,
REQ506731,/api/balance,120.6,200,2026-06-13 01:33:35.254669,
REQ506732,/api/beneficiary,115.5,200,2026-05-12 01:35:24.443177,
REQ506733,/api/login,495.7,200,2026-04-27 21:26:29.022517,
REQ506734,/api/login,132.7,200,2026-07-19 08:42:10.835417,
REQ506735,/api/balance,554.5,200,2026-06-01 08:20:45.213756,
REQ506736,/api/login,714.3,200,2026-07-23 20:50:06.559891,
REQ506737,/api/statement,224.7,200,2026-03-30 22:24:37.588063,
REQ506738,/api/transfer,378.3,200,2026-05-03 14:07:32.024748,
REQ506739,/api/login,81.8,200,2026-05-16 07:04:03.103036,
REQ506740,/api/beneficiary,128.5,200,2026-06-27 14:35:04.219476,
REQ506741,/api/kyc/verify,411.7,200,2026-06-08 17:21:19.018065,
REQ506742,/api/login,225.9,200,2026-02-23 16:21:57.084255,
REQ506743,/api/transfer,357.5,200,2026-08-02 04:43:14.081389,
REQ506744,/api/beneficiary,109.4,200,2026-08-04 04:02:46.850617,
REQ506745,/api/statement,155.1,200,2026-04-13 04:46:12.302522,
REQ506746,/api/statement,93.8,200,2026-03-19 10:00:28.571803,
REQ506747,/api/transfer,121.3,200,2026-07-30 01:08:51.291935,
REQ506748,/api/beneficiary,226.1,200,2026-07-09 04:30:57.267398,
REQ506749,/api/login,1016.7,200,2026-06-24 00:24:55.590112,
REQ506750,/api/transfer,321.8,200,2026-04-25 17:51:01.720307,
REQ506751,/api/kyc/verify,177.9,200,2026-08-10 08:01:39.948970,
REQ506752,/api/beneficiary,220.3,200,2026-07-09 12:52:50.402686,
REQ506753,/api/beneficiary,1239.5,200,2026-06-06 05:50:24.089999,
REQ506754,/api/statement,106.4,200,2026-06-28 01:50:10.462541,
REQ506755,/api/beneficiary,251.5,200,2026-05-24 15:46:26.686871,
REQ506756,/api/kyc/verify,168.1,200,2026-08-11 22:53:55.220539,
REQ506757,/api/balance,974.4,429,2026-03-18 05:19:31.543840,
REQ506758,/api/login,622.2,200,2026-06-22 11:50:26.336250,
REQ506759,/api/login,216.3,201,2026-07-16 00:47:51.056074,
REQ506760,/api/statement,179.1,200,2026-03-07 12:41:02.750549,
REQ506761,/api/beneficiary,195.7,200,2026-07-20 09:17:35.077363,
REQ506762,/api/statement,211.1,201,2026-04-02 07:53:44.145727,
REQ506763,/api/balance,413.2,200,2026-05-01 22:02:52.492584,
REQ506764,/api/transfer,283.4,200,2026-03-08 22:43:41.892089,
REQ506765,/api/transfer,168.4,200,2026-05-15 00:41:17.834218,
REQ506766,/api/balance,134.4,200,2026-06-28 19:39:41.909517,
REQ506767,/api/statement,350.0,200,2026-04-18 07:06:35.009440,
REQ506768,/api/login,129.8,200,2026-04-30 10:08:29.529181,
REQ506769,/api/transfer,113.6,200,2026-06-15 00:19:51.364296,
REQ506770,/api/transfer,351.3,200,2026-05-21 18:28:09.496663,
REQ506771,/api/login,110.5,200,2026-07-13 14:14:25.491595,
REQ506772,/api/transfer,267.8,400,2026-05-25 17:42:09.204227,
REQ506773,/api/transfer,144.0,500,2026-07-24 22:30:12.229522,INC403297
REQ506774,/api/transfer,964.2,200,2026-06-12 09:32:16.776853,
REQ506775,/api/balance,169.4,200,2026-04-21 13:39:32.142422,
REQ506776,/api/login,407.8,201,2026-05-10 04:52:25.352146,
REQ506777,/api/statement,38.9,200,2026-08-07 11:32:47.509524,
REQ506778,/api/transfer,464.8,200,2026-08-13 07:41:47.176651,
REQ506779,/api/transfer,213.6,200,2026-07-26 03:35:57.630989,
REQ506780,/api/balance,249.9,200,2026-07-10 19:49:07.285947,
REQ506781,/api/login,574.8,200,2026-04-20 16:27:44.483379,
REQ506782,/api/beneficiary,101.0,200,2026-06-17 06:31:13.359454,
REQ506783,/api/transfer,220.7,200,2026-08-02 21:12:12.442624,
REQ506784,/api/beneficiary,553.4,200,2026-08-11 01:05:03.217852,
REQ506785,/api/kyc/verify,178.9,200,2026-06-14 14:52:52.571833,
REQ506786,/api/statement,427.5,200,2026-04-08 22:15:37.063409,
REQ506787,/api/kyc/verify,222.6,200,2026-02-28 21:20:15.411447,
REQ506788,/api/login,191.0,200,2026-03-15 21:35:02.267716,
REQ506789,/api/login,301.4,200,2026-07-29 21:43:25.522417,
REQ506790,/api/transfer,493.9,200,2026-05-25 14:18:14.184314,
REQ506791,/api/transfer,396.9,200,2026-08-12 15:33:53.013445,
REQ506792,/api/kyc/verify,513.5,200,2026-07-11 21:15:31.088529,
REQ506793,/api/beneficiary,11.0,200,2026-05-04 13:43:19.067396,
REQ506794,/api/balance,95.3,200,2026-04-07 02:36:33.267467,
REQ506795,/api/transfer,63.6,200,2026-07-03 11:52:40.114116,
REQ506796,/api/beneficiary,160.5,200,2026-06-20 11:58:37.922508,
REQ506797,/api/beneficiary,374.5,200,2026-04-12 17:22:01.872168,
REQ506798,/api/kyc/verify,674.6,200,2026-08-05 14:55:05.219306,
REQ506799,/api/kyc/verify,363.9,401,2026-05-15 19:11:07.273613,
REQ506800,/api/login,317.5,200,2026-05-24 12:43:34.912421,
REQ506801,/api/login,355.3,200,2026-07-05 02:13:28.214134,
REQ506802,/api/statement,30.4,200,2026-04-17 03:40:36.808106,
REQ506803,/api/login,99.4,200,2026-08-12 01:47:38.654084,
REQ506804,/api/transfer,145.7,200,2026-07-07 15:53:57.502724,
REQ506805,/api/login,172.1,200,2026-06-23 20:01:12.110855,
REQ506806,/api/balance,172.7,200,2026-05-14 05:10:12.672584,
REQ506807,/api/transfer,428.4,200,2026-07-15 10:47:49.756715,
REQ506808,/api/balance,207.1,200,2026-05-28 13:32:08.563479,
REQ506809,/api/login,77.5,200,2026-08-01 22:45:31.789932,
REQ506810,/api/beneficiary,550.0,200,2026-03-04 22:47:41.561255,
REQ506811,/api/beneficiary,150.5,400,2026-03-14 08:53:28.395543,
REQ506812,/api/statement,105.9,200,2026-06-08 11:43:20.120990,
REQ506813,/api/transfer,329.3,200,2026-05-19 16:42:00.104497,
REQ506814,/api/balance,303.0,429,2026-03-28 10:56:14.371126,
REQ506815,/api/login,587.0,200,2026-08-02 18:49:41.662482,
REQ506816,/api/statement,224.6,200,2026-04-12 14:04:40.321795,
REQ506817,/api/balance,18.2,200,2026-08-12 06:35:59.033382,
REQ506818,/api/statement,75.8,200,2026-08-19 21:53:15.562676,
REQ506819,/api/transfer,226.4,200,2026-05-13 21:33:26.400242,
REQ506820,/api/login,92.0,200,2026-03-08 18:01:27.867602,
REQ506821,/api/login,112.8,200,2026-05-09 15:21:34.391280,
REQ506822,/api/beneficiary,264.5,200,2026-07-02 14:34:35.697548,
REQ506823,/api/login,596.2,200,2026-06-02 18:45:05.470130,
REQ506824,/api/statement,761.6,200,2026-06-04 22:35:09.792426,
REQ506825,/api/login,75.8,200,2026-02-23 10:54:38.789044,
REQ506826,/api/transfer,267.7,200,2026-08-01 10:13:58.308795,
REQ506827,/api/kyc/verify,167.1,200,2026-04-24 00:38:13.342857,
REQ506828,/api/balance,923.5,400,2026-03-14 19:34:08.959128,
REQ506829,/api/kyc/verify,79.6,200,2026-03-18 00:27:45.204776,
REQ506830,/api/kyc/verify,762.9,200,2026-05-05 05:18:08.169497,
REQ506831,/api/statement,515.9,200,2026-06-20 08:42:11.750069,
REQ506832,/api/kyc/verify,251.8,201,2026-04-21 13:33:29.857602,
REQ506833,/api/balance,110.8,200,2026-07-10 19:57:07.164134,
REQ506834,/api/login,354.1,200,2026-04-02 17:51:55.508198,
REQ506835,/api/transfer,319.9,200,2026-03-13 01:23:09.773916,
REQ506836,/api/statement,115.8,200,2026-02-27 04:58:02.492821,
REQ506837,/api/login,114.2,200,2026-06-04 07:03:48.935411,
REQ506838,/api/balance,41.8,200,2026-05-28 10:53:32.379875,
REQ506839,/api/login,85.2,200,2026-03-27 08:24:51.374685,
REQ506840,/api/kyc/verify,553.7,200,2026-04-02 06:53:55.522771,
REQ506841,/api/statement,46.9,200,2026-03-29 08:46:20.129131,
REQ506842,/api/balance,260.0,200,2026-03-23 19:26:36.307298,
REQ506843,/api/kyc/verify,22.9,200,2026-03-03 20:28:07.784920,
REQ506844,/api/balance,719.4,200,2026-05-31 02:53:17.569462,
REQ506845,/api/balance,437.8,200,2026-08-14 20:17:18.038581,
REQ506846,/api/login,376.4,200,2026-04-02 14:05:12.727219,
REQ506847,/api/login,232.8,200,2026-06-27 08:37:31.617824,
REQ506848,/api/login,213.8,200,2026-03-20 17:59:43.897394,
REQ506849,/api/balance,594.0,200,2026-06-11 20:13:11.316508,
REQ506850,/api/transfer,159.3,200,2026-07-18 22:44:54.136377,
REQ506851,/api/login,130.5,200,2026-06-15 18:14:20.441424,
REQ506852,/api/beneficiary,262.8,200,2026-03-05 15:31:30.785949,
REQ506853,/api/balance,221.6,200,2026-08-11 03:26:42.632933,
REQ506854,/api/beneficiary,309.8,200,2026-05-10 06:06:35.557897,
REQ506855,/api/kyc/verify,391.1,200,2026-07-15 00:42:58.570100,
REQ506856,/api/statement,6107.9,200,2026-08-07 10:27:09.092717,
REQ506857,/api/login,89.0,200,2026-07-20 18:12:56.199198,
REQ506858,/api/transfer,152.1,200,2026-04-07 19:06:03.157044,
REQ506859,/api/statement,517.2,500,2026-05-17 00:55:01.863396,
REQ506860,/api/statement,391.3,200,2026-04-04 10:39:15.227241,
REQ506861,/api/statement,544.3,200,2026-02-26 11:26:51.566711,
REQ506862,/api/beneficiary,261.7,401,2026-03-17 13:37:22.842683,
REQ506863,/api/transfer,126.6,200,2026-07-29 09:29:01.076642,
REQ506864,/api/login,211.4,200,2026-06-11 21:24:19.817481,
REQ506865,/api/beneficiary,425.7,200,2026-05-02 18:59:42.624090,
REQ506866,/api/login,182.4,200,2026-06-27 02:40:24.278502,
REQ506867,/api/login,586.3,200,2026-06-02 16:04:46.637838,
REQ506868,/api/login,210.8,200,2026-05-20 12:00:04.003707,
REQ506869,/api/statement,349.7,200,2026-02-23 00:22:52.226403,
REQ506870,/api/login,182.6,200,2026-07-12 03:02:43.060098,
REQ506871,/api/beneficiary,382.4,200,2026-05-23 15:27:34.972476,
REQ506872,/api/statement,304.3,200,2026-07-27 18:56:33.796295,
REQ506873,/api/beneficiary,78.6,200,2026-04-29 19:42:09.334001,
REQ506874,/api/beneficiary,162.4,500,2026-08-09 11:45:48.261855,INC407084
REQ506875,/api/transfer,199.7,400,2026-07-30 23:57:14.361506,
REQ506876,/api/login,405.4,429,2026-03-24 18:31:32.659423,
REQ506877,/api/login,193.8,200,2026-08-09 11:36:36.400293,
REQ506878,/api/login,146.2,200,2026-06-23 10:43:49.989995,
REQ506879,/api/kyc/verify,242.5,200,2026-02-23 00:43:15.661377,
REQ506880,/api/beneficiary,127.5,200,2026-08-17 22:44:55.655111,
REQ506881,/api/statement,162.0,200,2026-08-15 06:28:35.424301,
REQ506882,/api/statement,432.1,200,2026-04-04 23:24:13.525728,
REQ506883,/api/login,846.5,200,2026-08-11 00:27:46.074412,
REQ506884,/api/beneficiary,435.2,200,2026-03-02 08:58:51.541955,
REQ506885,/api/kyc/verify,17.9,200,2026-03-10 14:07:21.420489,
REQ506886,/api/beneficiary,575.9,200,2026-06-04 04:11:12.015041,
REQ506887,/api/login,233.0,200,2026-07-23 02:50:02.788954,
REQ506888,/api/kyc/verify,275.6,200,2026-03-04 20:14:34.813924,
REQ506889,/api/login,84.3,200,2026-03-20 07:01:36.637437,
REQ506890,/api/statement,443.4,200,2026-03-04 20:25:28.450490,
REQ506891,/api/login,700.8,502,2026-04-17 23:38:28.844866,
REQ506892,/api/login,270.8,200,2026-07-13 13:02:04.949498,
REQ506893,/api/statement,424.5,200,2026-05-01 22:25:36.917049,
REQ506894,/api/balance,107.9,200,2026-06-03 04:09:51.649767,
REQ506895,/api/transfer,549.1,200,2026-07-19 09:51:44.816294,
REQ506896,/api/kyc/verify,679.3,200,2026-08-13 11:50:01.832208,
REQ506897,/api/beneficiary,252.9,201,2026-02-24 14:41:20.802187,
REQ506898,/api/kyc/verify,110.8,200,2026-08-19 22:11:02.271479,
REQ506899,/api/beneficiary,371.1,401,2026-08-01 01:39:30.519375,
REQ506900,/api/statement,157.4,200,2026-03-06 09:04:43.810442,
REQ506901,/api/transfer,227.1,500,2026-02-23 19:07:23.368086,
REQ506902,/api/balance,230.1,400,2026-08-14 18:47:32.597498,
REQ506903,/api/login,247.1,200,2026-02-25 16:11:37.444977,
REQ506904,/api/login,222.1,200,2026-03-29 09:23:32.688330,
REQ506905,/api/kyc/verify,358.5,200,2026-04-25 02:07:27.714113,
REQ506906,/api/login,132.2,200,2026-06-11 01:54:21.922507,
REQ506907,/api/kyc/verify,281.9,200,2026-02-27 00:08:09.053292,
REQ506908,/api/login,675.4,200,2026-07-21 18:37:43.262258,
REQ506909,/api/balance,73.1,200,2026-04-16 14:11:49.362512,
REQ506910,/api/kyc/verify,65.9,200,2026-04-05 18:43:07.581904,
REQ506911,/api/login,343.2,502,2026-06-12 23:46:14.341959,
REQ506912,/api/login,342.0,200,2026-03-19 21:40:25.497326,
REQ506913,/api/balance,470.9,200,2026-07-07 00:09:20.613692,
REQ506914,/api/statement,524.5,503,2026-03-08 14:26:37.343712,INC400475
REQ506915,/api/transfer,271.0,200,2026-06-16 08:53:46.050625,
REQ506916,/api/statement,262.4,200,2026-04-27 12:16:55.489341,
REQ506917,/api/kyc/verify,334.1,200,2026-07-23 03:00:44.548541,
REQ506918,/api/transfer,131.7,200,2026-03-23 02:33:05.679454,
REQ506919,/api/transfer,628.6,200,2026-08-10 20:54:57.282786,
REQ506920,/api/beneficiary,160.7,200,2026-07-19 21:09:01.546828,
REQ506921,/api/statement,597.4,503,2026-05-21 01:44:04.605888,INC407293
REQ506922,/api/transfer,519.9,200,2026-06-10 10:24:31.371153,
REQ506923,/api/beneficiary,280.4,400,2026-06-01 08:55:13.855558,
REQ506924,/api/beneficiary,272.7,500,2026-02-23 03:43:15.846175,
REQ506925,/api/login,85.2,200,2026-02-28 01:52:49.869877,
REQ506926,/api/transfer,307.5,200,2026-06-18 13:17:28.783065,
REQ506927,/api/login,3871.7,429,2026-07-22 03:04:58.672128,
REQ506928,/api/kyc/verify,428.6,200,2026-08-19 17:20:49.761217,
REQ506929,/api/login,310.8,200,2026-02-23 14:33:34.679556,
REQ506930,/api/statement,427.8,200,2026-02-24 09:55:29.776500,
REQ506931,/api/transfer,128.7,200,2026-04-06 04:59:20.996252,
REQ506932,/api/beneficiary,488.0,200,2026-08-07 03:09:40.174132,
REQ506933,/api/transfer,153.0,500,2026-04-10 11:23:28.281819,INC406754
REQ506934,/api/transfer,133.6,400,2026-07-23 12:42:33.765068,
REQ506935,/api/transfer,186.8,200,2026-05-19 16:41:50.645999,
REQ506936,/api/login,482.5,401,2026-04-28 06:53:36.111250,
REQ506937,/api/login,378.0,200,2026-03-02 18:10:44.410238,
REQ506938,/api/balance,112.4,200,2026-04-27 15:39:56.526275,
REQ506939,/api/kyc/verify,330.5,200,2026-05-31 13:28:38.768529,
REQ506940,/api/beneficiary,183.6,200,2026-03-19 06:36:16.524126,
REQ506941,/api/balance,213.4,200,2026-02-27 19:30:07.062799,
REQ506942,/api/balance,101.5,200,2026-06-21 03:55:51.690446,
REQ506943,/api/balance,123.0,200,2026-03-12 11:52:34.141734,
REQ506944,/api/balance,376.5,200,2026-04-07 18:36:58.951733,
REQ506945,/api/kyc/verify,220.5,200,2026-08-13 04:00:22.531964,
REQ506946,/api/login,305.3,200,2026-05-02 10:48:38.123653,
REQ506947,/api/kyc/verify,116.8,200,2026-05-30 01:40:03.212014,
REQ506948,/api/login,55.5,200,2026-08-06 12:06:39.752255,
REQ506949,/api/balance,214.9,200,2026-04-19 23:05:34.132367,
REQ506950,/api/balance,328.6,200,2026-06-18 15:48:24.030986,
REQ506951,/api/transfer,327.0,200,2026-06-07 09:07:05.559829,
REQ506952,/api/login,392.7,401,2026-02-25 12:10:46.335320,
REQ506953,/api/statement,542.4,200,2026-05-11 16:30:14.476594,
REQ506954,/api/balance,529.3,200,2026-07-10 15:14:01.100990,
REQ506955,/api/transfer,262.5,200,2026-03-22 10:06:44.144460,
REQ506956,/api/beneficiary,508.9,200,2026-07-16 05:23:31.428487,
REQ506957,/api/kyc/verify,197.8,200,2026-05-03 01:06:20.603058,
REQ506958,/api/transfer,157.8,401,2026-04-24 01:52:18.448032,
REQ506959,/api/login,178.3,200,2026-04-21 00:49:27.576535,
REQ506960,/api/transfer,273.2,200,2026-06-21 17:34:24.176422,
REQ506961,/api/login,384.8,200,2026-07-01 23:30:48.849119,
REQ506962,/api/kyc/verify,1174.5,200,2026-08-09 09:47:22.469744,
REQ506963,/api/balance,95.1,200,2026-06-08 10:06:07.209212,
REQ506964,/api/statement,177.4,200,2026-03-08 08:47:30.562501,
REQ506965,/api/statement,185.7,200,2026-04-10 15:06:54.128537,
REQ506966,/api/transfer,100.2,200,2026-05-25 22:06:18.253932,
REQ506967,/api/transfer,390.0,500,2026-04-17 03:08:37.046663,INC403069
REQ506968,/api/balance,224.6,200,2026-03-28 14:51:48.242593,
REQ506969,/api/transfer,121.4,200,2026-07-05 18:08:32.417989,
REQ506970,/api/beneficiary,313.9,200,2026-03-10 15:28:25.321942,
REQ506971,/api/beneficiary,123.8,200,2026-04-30 13:28:00.847282,
REQ506972,/api/balance,176.9,200,2026-08-12 03:45:34.833548,
REQ506973,/api/beneficiary,335.9,502,2026-05-31 10:30:47.546064,
REQ506974,/api/login,409.1,201,2026-04-25 18:34:28.072423,
REQ506975,/api/statement,1045.5,200,2026-06-01 16:10:44.071643,
REQ506976,/api/balance,573.3,200,2026-06-14 21:26:38.434969,
REQ506977,/api/statement,196.0,200,2026-06-02 00:25:09.533873,
REQ506978,/api/beneficiary,926.2,200,2026-04-20 10:21:59.266836,
REQ506979,/api/balance,441.3,200,2026-07-01 20:09:30.515497,
REQ506980,/api/beneficiary,654.9,429,2026-05-08 20:38:45.226209,
REQ506981,/api/login,327.2,200,2026-04-20 12:38:54.608981,
REQ506982,/api/balance,437.5,200,2026-05-01 22:55:47.719668,
REQ506983,/api/beneficiary,3583.5,200,2026-06-09 08:13:17.725013,
REQ506984,/api/transfer,56.6,200,2026-08-11 20:29:27.621351,
REQ506985,/api/beneficiary,330.4,200,2026-02-26 20:19:32.747955,
REQ506986,/api/balance,325.5,200,2026-05-01 08:17:52.030209,
REQ506987,/api/statement,488.9,401,2026-05-06 18:35:35.677490,
REQ506988,/api/beneficiary,482.5,200,2026-05-10 05:54:43.419853,
REQ506989,/api/statement,990.4,200,2026-07-28 00:07:59.557260,
REQ506990,/api/balance,980.2,200,2026-08-12 15:44:29.406952,
REQ506991,/api/statement,121.3,429,2026-04-30 23:01:22.488539,
REQ506992,/api/statement,243.0,200,2026-05-13 02:44:46.480755,
REQ506993,/api/statement,28.2,200,2026-06-22 14:39:05.952464,
REQ506994,/api/transfer,404.7,429,2026-03-13 19:11:43.612504,
REQ506995,/api/transfer,350.9,200,2026-07-31 22:54:23.041286,
REQ506996,/api/beneficiary,494.2,201,2026-06-08 01:58:36.565015,
REQ506997,/api/login,310.8,401,2026-04-23 09:11:40.113676,
REQ506998,/api/login,457.3,201,2026-05-20 10:23:26.070817,
REQ506999,/api/login,1054.4,200,2026-07-18 11:33:59.252734,
REQ507000,/api/kyc/verify,561.3,200,2026-03-26 03:39:39.118467,
REQ507001,/api/transfer,356.4,200,2026-07-18 22:13:19.022697,
REQ507002,/api/beneficiary,512.3,200,2026-05-20 04:06:07.858562,
REQ507003,/api/beneficiary,412.2,200,2026-04-15 12:50:43.920236,
REQ507004,/api/statement,560.5,200,2026-05-19 17:09:55.890228,
REQ507005,/api/login,598.1,200,2026-07-22 05:23:00.240143,
REQ507006,/api/statement,188.4,200,2026-04-10 21:14:56.258462,
REQ507007,/api/beneficiary,111.8,200,2026-07-28 12:21:51.800201,
REQ507008,/api/statement,201.8,200,2026-07-04 13:58:19.761509,
REQ507009,/api/kyc/verify,524.4,200,2026-05-04 03:54:13.498563,
REQ507010,/api/login,204.2,503,2026-05-28 06:33:57.672993,INC400793
REQ507011,/api/transfer,725.6,201,2026-07-30 17:44:32.561847,
REQ507012,/api/transfer,396.2,200,2026-05-19 03:11:04.291818,
REQ507013,/api/beneficiary,124.1,200,2026-06-19 18:55:04.930178,
REQ507014,/api/login,156.7,200,2026-07-21 10:24:05.180587,
REQ507015,/api/login,95.4,200,2026-03-05 08:54:52.847138,
REQ507016,/api/beneficiary,94.2,200,2026-06-23 12:11:20.495435,
REQ507017,/api/balance,48.5,200,2026-05-30 12:57:21.345430,
REQ507018,/api/login,398.4,200,2026-03-21 20:17:47.626556,
REQ507019,/api/kyc/verify,113.0,200,2026-05-13 14:56:51.512519,
REQ507020,/api/balance,58.0,400,2026-05-08 17:03:16.749478,
REQ507021,/api/transfer,97.0,200,2026-05-23 10:00:07.626616,
REQ507022,/api/login,54.8,200,2026-03-01 19:29:27.946960,
REQ507023,/api/kyc/verify,190.7,200,2026-04-01 22:24:29.525221,
REQ507024,/api/transfer,177.4,200,2026-06-17 03:59:59.015273,
REQ507025,/api/statement,397.6,200,2026-06-05 05:18:00.931035,
REQ507026,/api/kyc/verify,7922.9,200,2026-08-07 08:53:56.188352,
REQ507027,/api/balance,445.5,200,2026-03-06 16:50:26.892355,
REQ507028,/api/balance,261.9,201,2026-05-18 12:57:21.770249,
REQ507029,/api/login,235.3,200,2026-05-14 23:37:52.211014,
REQ507030,/api/balance,145.4,200,2026-05-14 02:33:03.658473,
REQ507031,/api/login,233.1,200,2026-02-28 20:27:40.085027,
REQ507032,/api/login,556.9,200,2026-04-27 13:33:45.024622,
REQ507033,/api/balance,483.1,200,2026-07-31 00:45:24.118084,
REQ507034,/api/transfer,446.8,400,2026-05-16 19:52:45.195297,
REQ507035,/api/balance,184.4,502,2026-07-19 23:38:36.888780,
REQ507036,/api/balance,241.9,200,2026-07-25 14:28:34.222068,
REQ507037,/api/transfer,353.2,400,2026-08-04 00:08:44.834650,
REQ507038,/api/transfer,318.0,200,2026-07-05 13:21:09.756642,
REQ507039,/api/balance,235.4,200,2026-04-16 12:51:43.551120,
REQ507040,/api/kyc/verify,32.5,200,2026-04-04 18:32:07.664673,
REQ507041,/api/statement,171.9,429,2026-03-10 21:42:04.338101,
REQ507042,/api/transfer,360.4,200,2026-07-19 02:21:08.935984,
REQ507043,/api/login,110.7,401,2026-07-04 18:34:07.262112,
REQ507044,/api/kyc/verify,171.8,200,2026-04-27 16:15:11.241117,
REQ507045,/api/transfer,104.0,200,2026-04-06 00:34:07.479038,
REQ507046,/api/login,337.4,200,2026-05-14 12:43:28.499851,
REQ507047,/api/kyc/verify,230.3,200,2026-07-08 12:10:34.947540,
REQ507048,/api/kyc/verify,98.5,200,2026-07-25 22:46:26.211014,
REQ507049,/api/kyc/verify,417.8,200,2026-08-11 15:56:27.044909,
REQ507050,/api/statement,159.4,200,2026-06-17 15:54:31.519739,
REQ507051,/api/transfer,334.5,200,2026-03-12 22:05:57.577547,
REQ507052,/api/balance,348.4,429,2026-07-15 23:27:32.681298,
REQ507053,/api/statement,127.2,200,2026-05-18 09:39:35.153765,
REQ507054,/api/statement,164.2,200,2026-06-17 20:45:27.202183,
REQ507055,/api/kyc/verify,107.3,200,2026-04-21 06:41:38.740263,
REQ507056,/api/login,422.6,201,2026-04-29 08:06:11.544467,
REQ507057,/api/balance,560.9,400,2026-05-18 04:00:16.004089,
REQ507058,/api/beneficiary,85.2,200,2026-07-08 05:19:27.163046,
REQ507059,/api/statement,144.9,200,2026-07-05 05:42:47.174240,
REQ507060,/api/statement,949.5,200,2026-04-30 12:25:30.874000,
REQ507061,/api/transfer,320.7,200,2026-03-03 09:48:53.542810,
REQ507062,/api/transfer,32.0,429,2026-05-05 10:46:30.416105,
REQ507063,/api/login,69.2,200,2026-06-10 17:22:32.316079,
REQ507064,/api/statement,117.2,200,2026-05-11 06:45:00.174868,
REQ507065,/api/statement,74.8,200,2026-06-15 10:01:40.566231,
REQ507066,/api/statement,126.9,200,2026-05-14 16:09:25.467875,
REQ507067,/api/statement,516.7,200,2026-05-19 03:42:18.813553,
REQ507068,/api/kyc/verify,508.3,200,2026-04-09 06:24:45.505668,
REQ507069,/api/balance,140.5,200,2026-04-03 10:56:01.035889,
REQ507070,/api/login,1073.9,200,2026-07-19 21:16:47.573949,
REQ507071,/api/login,795.7,200,2026-07-13 13:53:06.993970,
REQ507072,/api/transfer,337.5,200,2026-06-10 02:07:07.351369,
REQ507073,/api/transfer,354.1,200,2026-04-27 09:05:05.955477,
REQ507074,/api/balance,396.2,429,2026-06-06 09:29:43.651607,
REQ507075,/api/balance,199.8,200,2026-05-12 01:25:49.031625,
REQ507076,/api/statement,268.6,200,2026-05-30 02:53:53.094893,
REQ507077,/api/beneficiary,184.7,200,2026-03-10 13:41:27.296606,
REQ507078,/api/kyc/verify,236.3,200,2026-07-23 04:41:57.323269,
REQ507079,/api/balance,310.7,200,2026-03-31 02:57:48.931891,
REQ507080,/api/statement,159.2,200,2026-03-31 09:44:38.770416,
REQ507081,/api/kyc/verify,268.5,500,2026-07-31 21:38:14.403144,INC406261
REQ507082,/api/beneficiary,139.0,200,2026-07-05 21:03:51.073852,
REQ507083,/api/kyc/verify,3334.9,200,2026-07-22 08:45:06.712054,
REQ507084,/api/login,176.8,200,2026-04-08 12:41:21.741764,
REQ507085,/api/login,129.6,200,2026-08-03 09:19:45.413122,
REQ507086,/api/balance,191.9,200,2026-06-25 20:53:29.592602,
REQ507087,/api/beneficiary,185.3,200,2026-04-16 23:54:06.045166,
REQ507088,/api/balance,132.0,503,2026-07-15 02:15:01.688965,INC402549
REQ507089,/api/balance,350.4,200,2026-03-06 00:53:42.058872,
REQ507090,/api/kyc/verify,285.8,200,2026-06-07 22:13:35.715774,
REQ507091,/api/statement,202.1,200,2026-06-14 22:50:28.562770,
REQ507092,/api/transfer,39.2,200,2026-06-27 08:29:46.671698,
REQ507093,/api/transfer,276.8,200,2026-03-09 03:07:33.989244,
REQ507094,/api/balance,147.1,200,2026-03-12 20:11:13.130261,
REQ507095,/api/beneficiary,456.8,401,2026-05-23 20:32:47.571090,
REQ507096,/api/statement,373.3,401,2026-05-10 01:16:01.536543,
REQ507097,/api/login,304.4,200,2026-04-05 17:57:31.148355,
REQ507098,/api/statement,353.8,429,2026-06-29 02:08:05.265022,
REQ507099,/api/login,395.2,200,2026-03-03 08:12:36.152546,
REQ507100,/api/beneficiary,335.9,200,2026-08-18 18:03:25.854009,
REQ507101,/api/transfer,296.0,200,2026-03-24 13:14:57.146280,
REQ507102,/api/statement,624.1,200,2026-03-17 20:12:24.070506,
REQ507103,/api/transfer,875.7,201,2026-05-02 13:34:11.258459,
REQ507104,/api/kyc/verify,224.4,200,2026-06-14 04:00:08.227665,
REQ507105,/api/balance,712.9,200,2026-04-13 20:00:00.468280,
REQ507106,/api/transfer,259.5,429,2026-05-15 23:08:07.555628,
REQ507107,/api/login,112.5,500,2026-05-19 18:29:28.796722,INC408777
REQ507108,/api/balance,550.8,200,2026-04-04 10:18:32.748176,
REQ507109,/api/balance,112.8,200,2026-07-23 18:45:15.569755,
REQ507110,/api/balance,883.8,200,2026-04-05 01:47:57.378007,
REQ507111,/api/login,498.4,400,2026-08-10 21:38:31.484161,
REQ507112,/api/login,134.9,200,2026-07-20 10:26:52.036705,
REQ507113,/api/login,647.6,200,2026-04-10 22:47:24.889723,
REQ507114,/api/transfer,363.7,200,2026-04-14 22:06:46.825564,
REQ507115,/api/beneficiary,285.5,200,2026-07-31 09:25:50.217677,
REQ507116,/api/transfer,5619.8,504,2026-05-31 21:58:53.037944,INC409699
REQ507117,/api/beneficiary,98.0,401,2026-03-25 07:14:22.517930,
REQ507118,/api/kyc/verify,206.7,200,2026-05-15 22:57:03.396938,
REQ507119,/api/kyc/verify,239.2,200,2026-03-13 17:20:28.641058,
REQ507120,/api/login,410.2,200,2026-07-11 07:56:46.068788,
REQ507121,/api/statement,391.9,200,2026-03-04 01:08:14.753033,
REQ507122,/api/login,52.9,200,2026-04-07 15:38:18.881038,
REQ507123,/api/beneficiary,102.0,200,2026-03-02 17:52:51.209329,
REQ507124,/api/transfer,157.3,200,2026-05-08 11:54:51.983453,
REQ507125,/api/statement,190.5,500,2026-03-25 20:09:40.654199,INC409931
REQ507126,/api/beneficiary,78.4,200,2026-02-23 11:30:13.556425,
REQ507127,/api/beneficiary,771.3,200,2026-07-05 05:47:53.054008,
REQ507128,/api/balance,168.1,200,2026-04-27 06:21:08.220407,
REQ507129,/api/login,621.4,200,2026-05-31 23:10:01.781903,
REQ507130,/api/beneficiary,137.2,200,2026-06-25 04:38:04.925430,
REQ507131,/api/balance,112.4,200,2026-07-28 18:00:36.763088,
REQ507132,/api/balance,582.7,502,2026-07-20 18:39:27.107467,INC409737
REQ507133,/api/kyc/verify,268.3,200,2026-03-19 13:58:06.034179,
REQ507134,/api/statement,206.8,200,2026-08-07 22:38:45.170229,
REQ507135,/api/balance,230.3,401,2026-08-11 17:22:14.727560,
REQ507136,/api/statement,470.7,200,2026-04-27 06:15:01.268622,
REQ507137,/api/kyc/verify,296.6,200,2026-05-29 05:58:37.302834,
REQ507138,/api/statement,137.6,200,2026-03-12 01:41:20.890119,
REQ507139,/api/statement,202.7,200,2026-06-12 18:13:02.662768,
REQ507140,/api/balance,344.0,200,2026-06-19 15:50:59.233939,
REQ507141,/api/balance,514.8,200,2026-07-06 10:12:44.719289,
REQ507142,/api/kyc/verify,280.0,200,2026-06-07 23:31:28.873998,
REQ507143,/api/beneficiary,144.7,200,2026-05-31 01:32:14.101047,
REQ507144,/api/statement,127.6,429,2026-05-25 22:48:20.119409,
REQ507145,/api/kyc/verify,481.0,200,2026-08-11 17:00:22.937077,
REQ507146,/api/statement,580.4,200,2026-07-05 11:10:11.023100,
REQ507147,/api/kyc/verify,428.1,200,2026-04-29 22:16:36.769019,
REQ507148,/api/beneficiary,364.9,503,2026-07-20 01:32:47.542687,
REQ507149,/api/balance,322.5,200,2026-05-11 04:48:12.933229,
REQ507150,/api/balance,167.9,200,2026-05-02 00:22:22.030460,
REQ507151,/api/login,468.3,200,2026-05-01 02:32:24.622561,
REQ507152,/api/transfer,74.3,200,2026-04-20 23:18:55.835628,
REQ507153,/api/login,194.9,200,2026-06-19 13:59:17.414686,
REQ507154,/api/balance,240.9,200,2026-04-26 02:32:41.954940,
REQ507155,/api/kyc/verify,211.7,200,2026-04-02 01:44:14.221171,
REQ507156,/api/login,170.1,200,2026-06-19 07:24:11.861005,
REQ507157,/api/transfer,91.4,200,2026-05-19 16:01:40.809695,
REQ507158,/api/beneficiary,138.2,500,2026-03-10 07:52:45.238937,
REQ507159,/api/transfer,67.6,200,2026-08-10 18:11:05.790574,
REQ507160,/api/login,225.7,200,2026-05-19 22:19:12.964842,
REQ507161,/api/kyc/verify,56.6,200,2026-03-01 06:33:52.271857,
REQ507162,/api/balance,342.5,200,2026-05-13 17:54:36.708402,
REQ507163,/api/transfer,457.5,200,2026-04-18 12:49:12.261470,
REQ507164,/api/beneficiary,113.8,200,2026-08-19 09:07:20.901445,
REQ507165,/api/statement,260.6,200,2026-04-17 08:14:43.614625,
REQ507166,/api/login,8180.8,200,2026-03-13 20:15:05.828357,
REQ507167,/api/statement,28.6,200,2026-06-23 09:39:06.276611,
REQ507168,/api/statement,251.8,429,2026-03-29 11:43:05.880917,
REQ507169,/api/statement,528.3,200,2026-05-08 23:24:16.757435,
REQ507170,/api/login,105.0,200,2026-06-22 21:49:37.591106,
REQ507171,/api/transfer,72.3,200,2026-04-09 16:20:43.020816,
REQ507172,/api/statement,247.5,200,2026-03-29 09:26:58.564273,
REQ507173,/api/beneficiary,296.4,200,2026-04-16 00:37:03.059325,
REQ507174,/api/beneficiary,410.5,200,2026-04-12 03:31:49.908705,
REQ507175,/api/transfer,274.9,200,2026-04-20 12:26:04.589635,
REQ507176,/api/transfer,399.2,200,2026-04-19 11:23:07.928623,
REQ507177,/api/kyc/verify,911.2,201,2026-03-11 13:33:03.798799,
REQ507178,/api/statement,576.9,200,2026-06-22 00:11:48.094115,
REQ507179,/api/kyc/verify,346.8,200,2026-04-04 17:36:48.633710,
REQ507180,/api/beneficiary,486.6,401,2026-02-25 19:02:48.557568,
REQ507181,/api/login,355.2,200,2026-06-30 19:01:36.357574,
REQ507182,/api/transfer,326.6,200,2026-08-19 22:12:42.240024,
REQ507183,/api/transfer,260.3,200,2026-06-05 06:22:45.231887,
REQ507184,/api/statement,537.4,503,2026-04-25 17:35:51.271719,
REQ507185,/api/statement,63.2,200,2026-08-06 06:38:11.405063,
REQ507186,/api/statement,376.1,504,2026-06-23 08:14:09.764129,
REQ507187,/api/kyc/verify,296.8,200,2026-07-04 18:16:17.032979,
REQ507188,/api/kyc/verify,775.2,200,2026-08-08 00:46:41.296702,
REQ507189,/api/balance,91.7,200,2026-06-12 11:17:54.115041,
REQ507190,/api/statement,319.7,200,2026-06-09 06:47:22.166990,
REQ507191,/api/login,58.6,200,2026-07-27 12:56:33.118698,
REQ507192,/api/balance,452.3,502,2026-05-08 09:40:54.521925,
REQ507193,/api/kyc/verify,262.3,200,2026-06-07 04:34:11.473125,
REQ507194,/api/login,722.8,200,2026-06-01 08:39:40.705160,
REQ507195,/api/balance,570.6,200,2026-05-09 09:47:53.612666,
REQ507196,/api/login,81.3,200,2026-05-30 04:24:17.501302,
REQ507197,/api/beneficiary,731.9,200,2026-02-24 19:16:00.673327,
REQ507198,/api/kyc/verify,294.9,200,2026-07-29 15:04:01.310590,
REQ507199,/api/beneficiary,36.5,200,2026-07-23 08:20:40.292337,
REQ507200,/api/transfer,104.7,200,2026-07-22 09:00:57.852897,
REQ507201,/api/beneficiary,197.5,200,2026-05-27 15:36:54.325786,
REQ507202,/api/beneficiary,393.3,200,2026-08-11 08:58:04.873065,
REQ507203,/api/statement,255.3,200,2026-07-01 07:46:08.323330,
REQ507204,/api/kyc/verify,328.9,400,2026-04-22 14:48:07.722754,
REQ507205,/api/transfer,103.7,200,2026-02-27 13:16:57.547869,
REQ507206,/api/balance,379.1,500,2026-05-19 03:16:09.311890,
REQ507207,/api/statement,498.2,200,2026-06-15 21:33:03.227991,
REQ507208,/api/login,498.5,200,2026-02-22 20:16:41.489858,
REQ507209,/api/beneficiary,473.0,200,2026-03-28 00:18:24.646302,
REQ507210,/api/login,98.8,200,2026-03-22 23:02:21.257795,
REQ507211,/api/statement,345.3,200,2026-05-17 11:14:50.700254,
REQ507212,/api/beneficiary,314.7,200,2026-03-31 01:07:53.514195,
REQ507213,/api/login,382.8,200,2026-07-26 05:02:18.471828,
REQ507214,/api/balance,116.8,200,2026-04-10 17:38:24.611175,
REQ507215,/api/kyc/verify,157.6,200,2026-08-15 05:48:46.242597,
REQ507216,/api/beneficiary,117.3,200,2026-07-24 11:04:53.677799,
REQ507217,/api/balance,375.8,200,2026-04-27 08:46:47.298171,
REQ507218,/api/statement,72.1,200,2026-06-17 18:20:01.373241,
REQ507219,/api/statement,317.8,200,2026-08-04 02:29:36.084472,
REQ507220,/api/statement,618.0,200,2026-05-27 14:02:42.285850,
REQ507221,/api/kyc/verify,265.6,400,2026-03-13 12:51:13.922009,
REQ507222,/api/login,163.1,200,2026-08-05 10:58:21.267809,
REQ507223,/api/beneficiary,499.5,500,2026-07-21 18:41:34.987541,
REQ507224,/api/balance,106.6,200,2026-07-04 06:22:53.883800,
REQ507225,/api/statement,408.2,200,2026-03-21 19:04:14.191806,
REQ507226,/api/statement,256.5,200,2026-06-06 07:51:32.987989,
REQ507227,/api/kyc/verify,170.9,200,2026-08-04 21:19:20.472815,
REQ507228,/api/beneficiary,620.5,200,2026-04-01 09:53:10.619483,
REQ507229,/api/beneficiary,651.9,500,2026-05-21 19:49:55.386313,INC402383
REQ507230,/api/kyc/verify,312.2,200,2026-04-24 02:02:20.422784,
REQ507231,/api/balance,270.1,200,2026-05-24 03:40:01.171123,
REQ507232,/api/kyc/verify,240.1,200,2026-03-19 17:37:51.179119,
REQ507233,/api/login,110.2,200,2026-05-16 10:55:27.389101,
REQ507234,/api/balance,293.4,200,2026-06-11 02:06:08.598296,
REQ507235,/api/transfer,386.1,200,2026-04-29 11:15:19.720108,
REQ507236,/api/beneficiary,364.1,200,2026-04-03 18:16:30.618973,
REQ507237,/api/statement,272.5,200,2026-06-11 13:14:40.134672,
REQ507238,/api/beneficiary,151.3,200,2026-04-10 02:37:51.050449,
REQ507239,/api/login,57.0,200,2026-02-25 07:29:02.575790,
REQ507240,/api/transfer,271.0,502,2026-05-14 19:22:29.688710,INC409567
REQ507241,/api/kyc/verify,164.6,200,2026-05-20 07:52:58.985822,
REQ507242,/api/transfer,205.8,200,2026-07-21 23:52:09.603534,
REQ507243,/api/statement,99.1,200,2026-08-15 11:55:27.093061,
REQ507244,/api/transfer,150.1,200,2026-04-25 23:41:05.515878,
REQ507245,/api/statement,359.7,200,2026-07-27 06:21:37.000367,
REQ507246,/api/login,238.6,200,2026-06-27 17:40:42.464121,
REQ507247,/api/login,109.2,200,2026-05-20 04:41:17.960985,
REQ507248,/api/statement,372.2,200,2026-06-06 14:52:05.462279,
REQ507249,/api/statement,709.4,200,2026-07-23 09:03:18.957323,
REQ507250,/api/login,555.9,200,2026-05-06 16:51:39.085803,
REQ507251,/api/login,727.4,200,2026-05-24 05:01:09.434822,
REQ507252,/api/balance,249.3,504,2026-06-11 04:14:28.417134,INC403446
REQ507253,/api/balance,970.5,200,2026-07-22 09:42:31.728267,
REQ507254,/api/beneficiary,451.5,500,2026-05-18 23:48:01.159171,INC405745
REQ507255,/api/beneficiary,617.7,401,2026-05-16 00:08:49.060905,
REQ507256,/api/balance,140.6,502,2026-04-23 15:24:03.702194,INC404370
REQ507257,/api/statement,205.6,401,2026-04-06 06:58:07.935576,
REQ507258,/api/balance,176.5,200,2026-04-24 00:02:14.116044,
REQ507259,/api/kyc/verify,677.7,400,2026-04-05 18:14:45.908508,
REQ507260,/api/transfer,300.5,200,2026-06-07 20:43:15.921250,
REQ507261,/api/kyc/verify,305.5,200,2026-04-07 02:56:23.490195,
REQ507262,/api/statement,78.4,200,2026-03-07 05:26:51.967000,
REQ507263,/api/kyc/verify,66.4,200,2026-06-03 15:39:07.982842,
REQ507264,/api/login,116.8,200,2026-08-05 13:41:55.716878,
REQ507265,/api/login,170.9,200,2026-02-25 09:19:27.727656,
REQ507266,/api/kyc/verify,276.2,429,2026-06-02 10:25:35.014199,
REQ507267,/api/balance,195.4,200,2026-07-06 12:10:58.717965,
REQ507268,/api/balance,306.7,200,2026-07-21 17:29:08.583286,
REQ507269,/api/transfer,253.5,200,2026-08-19 01:37:52.868812,
REQ507270,/api/balance,456.3,504,2026-04-17 11:08:34.124517,
REQ507271,/api/balance,274.5,201,2026-05-15 14:37:50.037367,
REQ507272,/api/transfer,286.6,200,2026-08-11 09:42:29.804432,
REQ507273,/api/beneficiary,521.7,200,2026-05-12 11:12:00.656522,
REQ507274,/api/login,78.3,200,2026-03-03 03:20:50.733028,
REQ507275,/api/kyc/verify,143.2,400,2026-05-18 08:23:50.036689,
REQ507276,/api/kyc/verify,581.8,200,2026-03-31 08:21:57.654125,
REQ507277,/api/transfer,364.0,200,2026-07-16 03:09:30.592853,
REQ507278,/api/beneficiary,173.1,200,2026-07-29 00:34:56.275072,
REQ507279,/api/beneficiary,394.4,500,2026-07-07 09:02:55.196870,INC402372
REQ507280,/api/beneficiary,59.0,200,2026-05-13 14:57:01.444578,
REQ507281,/api/statement,478.7,500,2026-05-06 21:34:54.641868,
REQ507282,/api/transfer,35.9,200,2026-06-25 07:08:21.620412,
REQ507283,/api/statement,285.6,200,2026-06-02 04:21:09.748880,
REQ507284,/api/kyc/verify,275.6,200,2026-07-07 18:26:56.799515,
REQ507285,/api/statement,317.9,200,2026-06-20 01:49:45.406492,
REQ507286,/api/login,49.8,200,2026-05-27 22:25:13.276265,
REQ507287,/api/transfer,77.3,200,2026-06-17 08:44:04.761206,
REQ507288,/api/balance,203.2,503,2026-03-11 01:00:46.592824,INC408314
REQ507289,/api/transfer,677.6,200,2026-05-18 15:52:57.527604,
REQ507290,/api/balance,99.9,502,2026-06-14 03:39:16.017330,INC408064
REQ507291,/api/statement,103.5,200,2026-06-13 11:36:07.823683,
REQ507292,/api/login,333.4,200,2026-02-27 06:47:12.174345,
REQ507293,/api/login,125.9,200,2026-04-12 07:20:20.258984,
REQ507294,/api/statement,85.2,200,2026-04-13 03:12:23.361546,
REQ507295,/api/login,73.2,200,2026-08-02 12:33:23.905455,
REQ507296,/api/beneficiary,103.3,200,2026-07-30 04:55:53.661021,
REQ507297,/api/transfer,437.5,200,2026-02-25 16:01:05.094716,
REQ507298,/api/beneficiary,199.8,200,2026-04-09 10:17:38.186067,
REQ507299,/api/login,598.1,200,2026-04-29 12:16:29.059566,
REQ507300,/api/kyc/verify,929.7,200,2026-06-27 11:57:30.755573,
REQ507301,/api/kyc/verify,424.1,200,2026-06-25 00:22:59.943698,
REQ507302,/api/balance,113.9,200,2026-07-11 00:15:45.862844,
REQ507303,/api/statement,408.4,201,2026-03-12 20:49:18.870766,
REQ507304,/api/balance,10.8,200,2026-04-29 07:29:43.177978,
REQ507305,/api/kyc/verify,298.8,200,2026-05-07 05:23:33.288976,
REQ507306,/api/balance,152.0,200,2026-05-07 09:45:09.695131,
REQ507307,/api/balance,321.1,200,2026-08-16 01:01:32.074567,
REQ507308,/api/statement,333.8,200,2026-06-08 00:55:34.167737,
REQ507309,/api/beneficiary,460.5,502,2026-05-12 19:26:55.143190,INC409750
REQ507310,/api/kyc/verify,213.7,200,2026-05-15 08:32:40.177386,
REQ507311,/api/balance,259.7,200,2026-06-11 12:21:19.768152,
REQ507312,/api/kyc/verify,30.0,200,2026-08-03 05:47:57.586262,
REQ507313,/api/kyc/verify,124.8,201,2026-03-01 17:14:32.608714,
REQ507314,/api/transfer,104.7,400,2026-03-28 00:13:10.836829,
REQ507315,/api/balance,519.5,200,2026-07-03 19:21:23.519458,
REQ507316,/api/kyc/verify,469.7,500,2026-08-14 14:31:35.911270,
REQ507317,/api/statement,144.2,200,2026-07-06 21:21:28.401150,
REQ507318,/api/beneficiary,720.4,200,2026-07-11 23:24:34.287133,
REQ507319,/api/transfer,231.3,200,2026-04-01 04:33:02.306111,
REQ507320,/api/statement,155.7,200,2026-07-11 17:53:46.639446,
REQ507321,/api/kyc/verify,143.5,201,2026-06-09 01:19:00.957998,
REQ507322,/api/statement,55.2,200,2026-03-19 04:18:36.850247,
REQ507323,/api/kyc/verify,239.5,200,2026-05-15 20:34:45.400976,
REQ507324,/api/balance,482.2,500,2026-03-12 22:42:06.963785,INC400728
REQ507325,/api/statement,141.8,200,2026-05-16 01:51:52.326563,
REQ507326,/api/kyc/verify,56.0,200,2026-03-12 19:13:47.456802,
REQ507327,/api/balance,87.3,200,2026-03-18 11:44:51.568809,
REQ507328,/api/transfer,272.0,200,2026-04-03 02:29:52.497949,
REQ507329,/api/statement,261.8,200,2026-06-06 15:31:15.978129,
REQ507330,/api/login,258.6,200,2026-06-29 21:30:14.268907,
REQ507331,/api/beneficiary,598.3,200,2026-07-27 12:47:53.006462,
REQ507332,/api/statement,128.1,200,2026-06-02 03:16:35.058002,
REQ507333,/api/transfer,7379.6,200,2026-04-25 11:29:06.566662,
REQ507334,/api/transfer,219.2,502,2026-05-09 05:34:03.828620,
REQ507335,/api/statement,175.5,200,2026-07-24 05:04:34.998428,
REQ507336,/api/balance,235.7,200,2026-03-24 22:51:44.205160,
REQ507337,/api/kyc/verify,274.1,200,2026-06-25 22:26:57.911731,
REQ507338,/api/balance,316.8,201,2026-05-05 09:23:39.031901,
REQ507339,/api/beneficiary,217.5,200,2026-07-22 07:53:54.831153,
REQ507340,/api/statement,140.5,504,2026-06-29 13:59:23.672389,
REQ507341,/api/kyc/verify,194.4,429,2026-07-07 23:15:07.491907,
REQ507342,/api/balance,179.5,200,2026-04-07 08:08:05.538694,
REQ507343,/api/login,169.7,400,2026-03-15 17:21:49.272331,
REQ507344,/api/beneficiary,192.8,200,2026-06-19 15:15:09.008160,
REQ507345,/api/login,205.0,429,2026-04-20 15:53:44.756858,
REQ507346,/api/beneficiary,582.4,200,2026-04-23 12:39:14.802734,
REQ507347,/api/transfer,74.5,200,2026-07-10 12:23:02.746927,
REQ507348,/api/kyc/verify,88.2,200,2026-04-23 22:11:40.498827,
REQ507349,/api/transfer,156.9,200,2026-06-13 03:18:20.202499,
REQ507350,/api/transfer,5391.6,200,2026-04-20 22:48:05.752334,
REQ507351,/api/transfer,808.6,200,2026-06-16 21:53:00.577398,
REQ507352,/api/balance,226.4,200,2026-06-02 13:48:25.103744,
REQ507353,/api/statement,219.9,201,2026-07-19 01:25:37.229372,
REQ507354,/api/balance,1028.2,200,2026-06-23 19:17:08.648003,
REQ507355,/api/statement,287.7,200,2026-03-17 22:49:27.174655,
REQ507356,/api/statement,278.7,200,2026-05-30 05:19:44.561053,
REQ507357,/api/balance,89.8,200,2026-04-02 19:09:59.790706,
REQ507358,/api/statement,779.9,200,2026-03-09 17:26:38.461658,
REQ507359,/api/login,132.8,200,2026-05-23 11:57:42.702623,
REQ507360,/api/transfer,51.5,200,2026-04-09 16:58:56.651032,
REQ507361,/api/transfer,380.0,200,2026-05-31 09:52:24.944627,
REQ507362,/api/kyc/verify,775.0,200,2026-05-22 08:50:11.626396,
REQ507363,/api/kyc/verify,1246.2,200,2026-03-12 17:39:36.309997,
REQ507364,/api/statement,83.0,200,2026-05-10 00:55:14.602028,
REQ507365,/api/transfer,362.0,401,2026-06-13 21:21:05.203415,
REQ507366,/api/balance,191.7,200,2026-06-12 06:03:30.398130,
REQ507367,/api/login,231.8,200,2026-05-29 16:50:30.339503,
REQ507368,/api/statement,7870.2,200,2026-07-31 11:45:57.697810,
REQ507369,/api/statement,122.8,200,2026-06-15 12:03:03.715862,
REQ507370,/api/login,21.0,200,2026-05-10 22:22:42.022782,
REQ507371,/api/kyc/verify,49.8,502,2026-06-28 08:09:55.978391,
REQ507372,/api/statement,367.5,502,2026-03-19 18:09:33.852147,INC404468
REQ507373,/api/kyc/verify,200.9,200,2026-04-17 16:54:31.445745,
REQ507374,/api/transfer,170.0,200,2026-05-29 05:50:17.972179,
REQ507375,/api/transfer,309.4,401,2026-07-28 07:36:19.475408,
REQ507376,/api/statement,312.4,200,2026-03-16 15:20:52.034993,
REQ507377,/api/balance,82.9,200,2026-02-27 06:52:09.776068,
REQ507378,/api/beneficiary,111.1,201,2026-05-16 12:17:55.831213,
REQ507379,/api/statement,232.5,200,2026-02-26 08:09:56.020480,
REQ507380,/api/kyc/verify,1107.6,200,2026-07-07 16:00:06.751574,
REQ507381,/api/transfer,150.3,200,2026-05-23 09:41:19.343383,
REQ507382,/api/statement,349.1,200,2026-06-21 17:39:35.891860,
REQ507383,/api/transfer,490.7,401,2026-05-26 20:25:25.708460,
REQ507384,/api/balance,164.5,200,2026-07-20 05:40:31.506086,
REQ507385,/api/balance,484.0,400,2026-05-04 01:52:15.576597,
REQ507386,/api/login,124.8,200,2026-05-18 10:22:25.018827,
REQ507387,/api/statement,120.5,200,2026-08-15 20:09:27.733689,
REQ507388,/api/transfer,114.9,200,2026-03-02 21:21:24.227682,
REQ507389,/api/balance,299.1,200,2026-03-01 08:11:11.532184,
REQ507390,/api/kyc/verify,287.2,503,2026-03-31 11:45:36.558222,
REQ507391,/api/kyc/verify,234.5,504,2026-06-04 12:04:43.202672,INC405950
REQ507392,/api/login,134.6,200,2026-04-05 14:14:10.288098,
REQ507393,/api/kyc/verify,203.5,401,2026-03-04 08:17:24.711139,
REQ507394,/api/login,75.8,200,2026-02-22 23:38:40.937183,
REQ507395,/api/beneficiary,199.6,200,2026-02-25 01:22:25.664538,
REQ507396,/api/kyc/verify,497.8,401,2026-04-22 09:41:01.638500,
REQ507397,/api/statement,393.9,200,2026-07-24 18:16:11.422709,
REQ507398,/api/kyc/verify,333.8,200,2026-05-01 04:34:08.027625,
REQ507399,/api/balance,43.0,200,2026-05-12 20:45:56.343945,
REQ507400,/api/login,134.6,200,2026-08-13 14:54:34.318252,
REQ507401,/api/statement,434.0,200,2026-05-15 00:52:09.140234,
REQ507402,/api/kyc/verify,223.6,200,2026-06-01 02:18:27.602204,
REQ507403,/api/statement,297.1,200,2026-03-07 08:33:40.817523,
REQ507404,/api/statement,182.2,200,2026-04-26 06:59:45.640629,
REQ507405,/api/kyc/verify,332.7,200,2026-04-23 18:53:20.906279,
REQ507406,/api/login,161.9,503,2026-04-01 22:01:16.556955,
REQ507407,/api/balance,469.0,200,2026-08-18 00:03:55.536199,
REQ507408,/api/login,510.2,200,2026-06-02 08:50:44.134613,
REQ507409,/api/transfer,142.0,200,2026-05-11 17:59:04.362609,
REQ507410,/api/statement,360.7,200,2026-07-29 01:24:25.814005,
REQ507411,/api/login,391.6,200,2026-02-26 05:03:49.338211,
REQ507412,/api/balance,27.8,200,2026-03-10 11:25:44.937218,
REQ507413,/api/transfer,282.7,200,2026-06-12 00:47:03.346096,
REQ507414,/api/transfer,367.1,200,2026-04-28 11:43:01.662752,
REQ507415,/api/statement,944.6,200,2026-05-31 14:47:10.676555,
REQ507416,/api/statement,291.9,200,2026-06-26 22:58:55.464059,
REQ507417,/api/balance,36.3,201,2026-06-01 15:31:09.057428,
REQ507418,/api/statement,214.0,200,2026-05-28 04:08:35.941468,
REQ507419,/api/balance,194.1,200,2026-07-20 05:16:10.797648,
REQ507420,/api/statement,94.0,503,2026-06-13 06:34:31.444307,INC404873
REQ507421,/api/statement,412.2,400,2026-05-26 03:01:07.680816,
REQ507422,/api/kyc/verify,160.1,200,2026-02-24 23:35:09.436832,
REQ507423,/api/kyc/verify,198.0,200,2026-03-04 03:29:12.542659,
REQ507424,/api/balance,132.6,200,2026-04-15 02:06:04.372846,
REQ507425,/api/beneficiary,233.1,200,2026-02-22 02:09:01.081009,
REQ507426,/api/beneficiary,108.1,400,2026-03-12 20:15:32.870983,
REQ507427,/api/transfer,165.8,201,2026-08-16 10:36:45.311539,
REQ507428,/api/balance,298.2,200,2026-08-12 13:53:31.629716,
REQ507429,/api/statement,504.9,503,2026-08-04 09:43:26.621637,INC401995
REQ507430,/api/kyc/verify,531.4,400,2026-03-23 22:56:46.183777,
REQ507431,/api/transfer,62.5,500,2026-07-13 05:00:48.332683,INC405617
REQ507432,/api/balance,733.4,200,2026-04-26 23:18:28.730722,
REQ507433,/api/balance,276.1,200,2026-04-02 11:10:51.756848,
REQ507434,/api/balance,461.4,200,2026-03-02 08:53:29.496090,
REQ507435,/api/balance,385.4,200,2026-07-20 04:13:58.056321,
REQ507436,/api/statement,471.8,201,2026-05-25 08:17:38.432004,
REQ507437,/api/beneficiary,528.8,200,2026-04-13 21:15:47.875490,
REQ507438,/api/statement,286.8,200,2026-08-16 23:39:56.770738,
REQ507439,/api/login,286.9,200,2026-07-15 22:14:24.736723,
REQ507440,/api/transfer,141.7,200,2026-07-04 17:34:43.059551,
REQ507441,/api/kyc/verify,545.7,200,2026-03-13 11:20:42.121280,
REQ507442,/api/kyc/verify,103.8,401,2026-05-22 21:02:29.495993,
REQ507443,/api/kyc/verify,336.1,200,2026-03-19 15:15:07.484084,
REQ507444,/api/statement,529.2,200,2026-08-05 03:26:26.201994,
REQ507445,/api/transfer,557.5,200,2026-03-04 04:20:29.842845,
REQ507446,/api/balance,147.9,200,2026-03-07 02:13:44.994982,
REQ507447,/api/statement,110.0,200,2026-06-04 07:26:08.708335,
REQ507448,/api/login,144.0,401,2026-08-10 14:09:28.535136,
REQ507449,/api/balance,313.7,200,2026-05-05 13:36:34.517456,
REQ507450,/api/statement,152.9,200,2026-07-08 18:51:34.051831,
REQ507451,/api/beneficiary,120.7,500,2026-04-11 16:33:26.766142,
REQ507452,/api/login,244.5,429,2026-04-16 12:38:31.881978,
REQ507453,/api/transfer,143.3,200,2026-03-16 05:39:01.531392,
REQ507454,/api/kyc/verify,335.4,200,2026-03-15 00:04:01.527053,
REQ507455,/api/login,331.5,200,2026-05-12 11:11:36.237541,
REQ507456,/api/transfer,379.6,200,2026-05-19 00:54:59.996734,
REQ507457,/api/transfer,442.4,200,2026-06-22 01:56:23.231816,
REQ507458,/api/transfer,259.2,200,2026-02-24 19:58:10.037615,
REQ507459,/api/beneficiary,229.6,400,2026-06-18 18:25:41.177666,
REQ507460,/api/statement,309.9,200,2026-04-20 08:30:02.909200,
REQ507461,/api/statement,120.0,200,2026-04-23 14:50:02.158199,
REQ507462,/api/statement,403.3,200,2026-07-12 18:24:12.376440,
REQ507463,/api/statement,215.1,200,2026-07-22 01:30:29.877563,
REQ507464,/api/balance,816.4,200,2026-08-09 07:47:16.817860,
REQ507465,/api/login,107.0,503,2026-08-05 07:18:44.121448,
REQ507466,/api/login,219.9,200,2026-05-26 00:03:16.613802,
REQ507467,/api/transfer,447.2,200,2026-05-27 02:32:24.508829,
REQ507468,/api/kyc/verify,365.6,200,2026-07-18 04:14:56.590202,
REQ507469,/api/statement,121.0,200,2026-05-24 22:33:32.664395,
REQ507470,/api/kyc/verify,285.7,200,2026-07-05 16:10:03.057440,
REQ507471,/api/login,140.3,200,2026-08-17 12:41:12.258512,
REQ507472,/api/beneficiary,428.2,200,2026-06-29 13:35:36.033511,
REQ507473,/api/balance,449.4,200,2026-07-12 15:56:25.766120,
REQ507474,/api/transfer,262.6,200,2026-04-04 21:56:01.413184,
REQ507475,/api/login,264.5,200,2026-05-09 22:26:02.897864,
REQ507476,/api/login,248.4,200,2026-07-10 09:45:29.749089,
REQ507477,/api/statement,162.2,200,2026-07-22 04:20:37.297382,
REQ507478,/api/login,990.9,200,2026-07-27 08:40:28.070941,
REQ507479,/api/beneficiary,146.9,200,2026-05-12 13:42:52.979582,
REQ507480,/api/beneficiary,111.1,200,2026-06-06 17:53:00.499756,
REQ507481,/api/beneficiary,570.8,200,2026-04-02 22:34:53.958860,
REQ507482,/api/kyc/verify,645.5,200,2026-07-03 14:22:00.488885,
REQ507483,/api/kyc/verify,187.8,201,2026-07-03 21:57:46.542474,
REQ507484,/api/login,166.3,200,2026-06-22 05:11:51.549655,
REQ507485,/api/kyc/verify,360.5,200,2026-04-16 20:08:18.694733,
REQ507486,/api/balance,121.4,200,2026-08-13 00:51:37.173468,
REQ507487,/api/transfer,782.0,400,2026-07-31 10:07:40.828520,
REQ507488,/api/statement,316.5,200,2026-05-25 18:18:51.444986,
REQ507489,/api/statement,521.7,200,2026-03-05 23:41:37.113669,
REQ507490,/api/beneficiary,185.1,200,2026-07-15 22:18:07.776313,
REQ507491,/api/beneficiary,39.2,200,2026-07-12 15:38:11.489169,
REQ507492,/api/kyc/verify,138.6,200,2026-03-18 12:52:54.218207,
REQ507493,/api/transfer,694.3,200,2026-04-18 09:55:28.709610,
REQ507494,/api/login,367.5,200,2026-04-06 14:53:25.452065,
REQ507495,/api/kyc/verify,186.1,500,2026-05-14 11:08:07.975739,INC409258
REQ507496,/api/beneficiary,18.1,200,2026-05-28 03:35:30.699887,
REQ507497,/api/transfer,384.3,200,2026-04-16 14:34:35.119986,
REQ507498,/api/login,80.0,200,2026-04-13 11:34:14.732056,
REQ507499,/api/login,162.5,200,2026-04-05 00:42:57.836815,
REQ507500,/api/statement,139.7,200,2026-06-14 02:42:24.879946,
REQ507501,/api/kyc/verify,691.9,200,2026-04-09 16:35:02.451580,
REQ507502,/api/balance,128.4,200,2026-06-13 15:39:14.908009,
REQ507503,/api/transfer,29.3,200,2026-08-15 18:09:16.050760,
REQ507504,/api/statement,382.3,200,2026-04-20 06:11:08.781707,
REQ507505,/api/statement,398.6,400,2026-07-15 00:55:56.067818,
REQ507506,/api/balance,359.9,200,2026-03-29 02:45:29.484741,
REQ507507,/api/kyc/verify,217.1,200,2026-06-16 20:24:41.331095,
REQ507508,/api/kyc/verify,236.2,200,2026-08-10 05:55:11.786333,
REQ507509,/api/statement,139.4,200,2026-03-13 07:12:34.434062,
REQ507510,/api/transfer,1551.1,200,2026-04-09 03:15:08.561862,
REQ507511,/api/statement,375.1,400,2026-03-27 23:45:18.989614,
REQ507512,/api/transfer,393.9,200,2026-05-11 15:41:18.664832,
REQ507513,/api/login,65.5,200,2026-03-08 05:35:08.848844,
REQ507514,/api/kyc/verify,56.2,200,2026-06-09 09:10:33.672199,
REQ507515,/api/kyc/verify,289.9,200,2026-04-02 04:01:20.857442,
REQ507516,/api/beneficiary,775.0,200,2026-08-03 09:21:09.011927,
REQ507517,/api/statement,127.5,200,2026-04-15 20:32:08.335469,
REQ507518,/api/login,346.8,200,2026-07-28 08:35:37.526912,
REQ507519,/api/statement,4183.1,200,2026-07-31 12:18:23.868359,
REQ507520,/api/transfer,204.7,200,2026-03-28 02:55:01.831332,
REQ507521,/api/login,303.7,200,2026-04-20 12:51:15.583790,
REQ507522,/api/balance,112.4,200,2026-08-02 20:23:26.049082,
REQ507523,/api/beneficiary,149.1,200,2026-06-08 01:09:41.276392,
REQ507524,/api/kyc/verify,423.3,200,2026-05-17 07:56:01.874805,
REQ507525,/api/statement,139.9,200,2026-04-17 05:15:52.907051,
REQ507526,/api/statement,812.9,500,2026-07-29 19:48:59.495856,INC401525
REQ507527,/api/login,193.2,200,2026-06-10 02:45:26.910027,
REQ507528,/api/transfer,363.2,200,2026-04-27 19:35:05.357866,
REQ507529,/api/beneficiary,247.1,401,2026-07-02 18:35:24.484202,
REQ507530,/api/balance,147.4,200,2026-03-18 20:32:08.353740,
REQ507531,/api/transfer,344.6,200,2026-05-03 03:38:48.870848,
REQ507532,/api/transfer,364.8,200,2026-07-04 12:28:29.977452,
REQ507533,/api/beneficiary,477.4,200,2026-07-24 18:50:54.434920,
REQ507534,/api/balance,76.9,200,2026-04-24 00:16:17.694393,
REQ507535,/api/login,499.9,200,2026-08-06 12:58:17.520176,
REQ507536,/api/transfer,87.0,201,2026-05-01 15:01:57.717170,
REQ507537,/api/statement,238.0,200,2026-07-27 01:41:56.335041,
REQ507538,/api/beneficiary,272.8,200,2026-05-25 13:29:43.213381,
REQ507539,/api/login,128.5,200,2026-08-07 13:41:26.556032,
REQ507540,/api/login,161.7,200,2026-06-19 13:55:21.936457,
REQ507541,/api/kyc/verify,178.7,200,2026-04-13 07:45:26.153667,
REQ507542,/api/login,96.2,200,2026-04-30 09:21:00.542704,
REQ507543,/api/kyc/verify,83.5,504,2026-03-15 21:12:28.099910,INC405490
REQ507544,/api/balance,56.7,200,2026-07-15 17:19:21.274252,
REQ507545,/api/transfer,306.3,200,2026-05-09 06:48:53.903481,
REQ507546,/api/balance,536.9,200,2026-06-23 22:53:54.201109,
REQ507547,/api/transfer,86.7,200,2026-08-16 17:03:03.416792,
REQ507548,/api/transfer,38.5,200,2026-07-25 15:38:54.219897,
REQ507549,/api/statement,131.5,200,2026-04-18 06:51:32.281419,
REQ507550,/api/balance,399.0,429,2026-04-06 07:54:52.443724,
REQ507551,/api/statement,468.1,200,2026-03-19 04:41:45.345965,
REQ507552,/api/transfer,473.4,200,2026-04-16 08:42:11.463713,
REQ507553,/api/balance,586.5,200,2026-03-02 10:09:25.838764,
REQ507554,/api/statement,477.0,200,2026-04-05 00:07:41.721326,
REQ507555,/api/login,43.7,200,2026-06-01 06:49:02.963973,
REQ507556,/api/kyc/verify,100.9,200,2026-04-20 19:23:40.524578,
REQ507557,/api/kyc/verify,460.7,200,2026-06-22 20:47:27.950710,
REQ507558,/api/balance,459.4,200,2026-05-18 11:47:28.262357,
REQ507559,/api/balance,574.9,502,2026-04-15 05:14:11.734218,
REQ507560,/api/beneficiary,509.3,200,2026-03-24 09:46:23.943203,
REQ507561,/api/beneficiary,695.5,200,2026-05-16 21:15:53.842826,
REQ507562,/api/balance,203.9,200,2026-07-11 09:07:35.555429,
REQ507563,/api/balance,204.2,200,2026-04-18 00:21:38.561701,
REQ507564,/api/transfer,110.9,200,2026-05-08 13:10:30.352578,
REQ507565,/api/beneficiary,279.0,200,2026-03-13 12:16:52.931337,
REQ507566,/api/balance,266.1,500,2026-04-15 00:19:57.728180,INC402227
REQ507567,/api/beneficiary,295.0,200,2026-03-24 08:46:43.365503,
REQ507568,/api/statement,59.7,200,2026-08-09 03:43:38.095754,
REQ507569,/api/login,114.8,429,2026-04-04 09:03:52.525039,
REQ507570,/api/statement,151.2,400,2026-03-19 23:24:46.569758,
REQ507571,/api/balance,1072.3,200,2026-05-20 13:34:54.435319,
REQ507572,/api/balance,250.0,200,2026-05-17 07:01:58.636339,
REQ507573,/api/beneficiary,308.4,200,2026-07-18 03:26:45.501459,
REQ507574,/api/statement,579.6,200,2026-08-15 03:04:03.086270,
REQ507575,/api/transfer,170.3,200,2026-04-28 01:31:30.050769,
REQ507576,/api/beneficiary,189.7,200,2026-06-12 21:16:03.833334,
REQ507577,/api/login,649.1,200,2026-03-26 18:08:14.486493,
REQ507578,/api/login,283.6,200,2026-05-20 06:25:58.611191,
REQ507579,/api/login,333.9,200,2026-02-23 13:50:38.159512,
REQ507580,/api/login,444.8,200,2026-05-26 15:09:10.303385,
REQ507581,/api/transfer,183.2,200,2026-02-26 22:54:44.900137,
REQ507582,/api/login,455.3,200,2026-05-21 07:56:49.567957,
REQ507583,/api/beneficiary,231.5,200,2026-06-26 03:25:48.956716,
REQ507584,/api/kyc/verify,515.6,200,2026-06-08 05:30:24.521373,
REQ507585,/api/statement,268.8,200,2026-07-12 14:21:56.832577,
REQ507586,/api/beneficiary,223.7,200,2026-03-27 19:51:29.324567,
REQ507587,/api/balance,286.1,200,2026-07-07 23:14:12.707092,
REQ507588,/api/statement,346.4,201,2026-07-10 05:32:40.985359,
REQ507589,/api/statement,218.4,500,2026-03-20 05:41:16.990512,INC401350
REQ507590,/api/statement,495.3,200,2026-05-17 11:33:08.585135,
REQ507591,/api/kyc/verify,241.3,200,2026-07-30 02:04:00.743462,
REQ507592,/api/kyc/verify,644.7,200,2026-04-21 20:18:13.942409,
REQ507593,/api/balance,383.9,200,2026-07-17 13:05:16.766182,
REQ507594,/api/balance,341.2,200,2026-03-28 02:43:23.155643,
REQ507595,/api/balance,257.7,200,2026-04-27 13:41:53.390910,
REQ507596,/api/beneficiary,319.1,400,2026-07-11 14:18:48.326022,
REQ507597,/api/transfer,217.6,429,2026-05-06 03:27:41.192239,
REQ507598,/api/login,724.6,200,2026-05-16 03:17:33.290248,
REQ507599,/api/kyc/verify,131.4,200,2026-07-01 10:01:06.921131,
REQ507600,/api/login,102.2,200,2026-03-22 21:02:53.267109,
REQ507601,/api/beneficiary,161.0,200,2026-03-19 01:39:39.089292,
REQ507602,/api/statement,148.7,200,2026-02-25 01:06:22.159671,
REQ507603,/api/beneficiary,389.5,200,2026-06-09 06:19:11.669299,
REQ507604,/api/balance,514.6,200,2026-06-02 05:37:02.402967,
REQ507605,/api/beneficiary,385.4,503,2026-07-27 04:14:24.049714,INC401128
REQ507606,/api/transfer,406.3,200,2026-03-12 19:17:17.066690,
REQ507607,/api/transfer,52.5,200,2026-04-02 09:37:02.588654,
REQ507608,/api/statement,297.6,200,2026-07-11 03:39:53.566559,
REQ507609,/api/statement,869.5,200,2026-06-13 14:38:00.314486,
REQ507610,/api/login,220.3,200,2026-04-29 04:03:30.900790,
REQ507611,/api/balance,257.0,200,2026-07-23 17:09:02.674286,
REQ507612,/api/transfer,69.3,200,2026-04-11 12:58:22.010340,
REQ507613,/api/statement,105.1,200,2026-04-29 05:07:21.031884,
REQ507614,/api/statement,329.2,200,2026-06-12 22:13:15.234071,
REQ507615,/api/login,406.7,200,2026-04-21 20:54:49.377952,
REQ507616,/api/kyc/verify,1123.1,201,2026-04-21 17:20:45.920129,
REQ507617,/api/statement,782.7,200,2026-03-02 00:31:29.187342,
REQ507618,/api/beneficiary,308.1,200,2026-07-16 20:06:33.083924,
REQ507619,/api/login,98.0,200,2026-06-20 10:17:15.235539,
REQ507620,/api/transfer,950.8,200,2026-05-29 12:28:58.998926,
REQ507621,/api/statement,151.9,200,2026-06-15 09:33:17.543716,
REQ507622,/api/beneficiary,124.8,200,2026-07-11 17:51:41.094574,
REQ507623,/api/beneficiary,264.7,200,2026-04-09 03:03:26.604923,
REQ507624,/api/statement,728.6,200,2026-07-30 15:48:56.729719,
REQ507625,/api/statement,124.0,200,2026-04-24 20:44:51.461247,
REQ507626,/api/transfer,277.4,500,2026-07-11 00:31:23.173302,INC408021
REQ507627,/api/balance,35.7,200,2026-03-14 12:59:34.523244,
REQ507628,/api/kyc/verify,104.9,200,2026-03-02 12:17:05.959439,
REQ507629,/api/kyc/verify,230.3,200,2026-07-05 10:46:27.017454,
REQ507630,/api/transfer,791.3,200,2026-05-01 23:22:50.520930,
REQ507631,/api/transfer,166.1,200,2026-05-26 11:48:06.357741,
REQ507632,/api/balance,616.8,200,2026-07-01 06:02:48.841968,
REQ507633,/api/balance,309.2,200,2026-06-02 08:54:58.795928,
REQ507634,/api/kyc/verify,694.0,200,2026-06-02 10:57:38.068615,
REQ507635,/api/login,341.5,200,2026-07-22 01:41:21.583660,
REQ507636,/api/beneficiary,172.7,200,2026-06-27 01:27:38.850507,
REQ507637,/api/balance,434.2,200,2026-06-16 02:50:52.965489,
REQ507638,/api/login,168.8,200,2026-06-22 05:44:14.563187,
REQ507639,/api/balance,591.3,200,2026-07-05 21:46:10.561989,
REQ507640,/api/login,21.6,200,2026-03-23 06:34:37.058805,
REQ507641,/api/statement,123.8,200,2026-07-04 01:24:26.393634,
REQ507642,/api/balance,688.9,200,2026-06-21 17:43:43.506819,
REQ507643,/api/transfer,308.4,200,2026-04-15 07:33:03.458441,
REQ507644,/api/kyc/verify,156.1,200,2026-03-02 00:57:57.493186,
REQ507645,/api/balance,236.1,200,2026-04-20 20:57:20.040720,
REQ507646,/api/statement,279.6,200,2026-07-25 12:11:49.624740,
REQ507647,/api/balance,331.4,200,2026-04-10 01:58:52.398054,
REQ507648,/api/kyc/verify,545.5,200,2026-03-28 22:00:36.447308,
REQ507649,/api/beneficiary,159.7,200,2026-06-15 06:29:12.744277,
REQ507650,/api/beneficiary,899.4,200,2026-02-26 00:49:27.197021,
REQ507651,/api/login,210.7,400,2026-04-02 04:31:51.784395,
REQ507652,/api/transfer,445.5,200,2026-05-03 06:24:45.376424,
REQ507653,/api/transfer,583.8,200,2026-06-30 18:56:52.713756,
REQ507654,/api/statement,219.6,200,2026-04-09 18:54:08.742409,
REQ507655,/api/balance,27.3,200,2026-04-08 06:17:23.960497,
REQ507656,/api/transfer,290.1,200,2026-06-12 20:01:35.366410,
REQ507657,/api/kyc/verify,362.5,200,2026-08-03 05:53:08.228544,
REQ507658,/api/login,507.4,200,2026-02-27 19:53:51.832964,
REQ507659,/api/beneficiary,211.6,200,2026-08-17 23:36:37.403696,
REQ507660,/api/kyc/verify,251.9,200,2026-06-30 23:16:08.175058,
REQ507661,/api/login,378.0,200,2026-05-03 06:08:36.971235,
REQ507662,/api/beneficiary,508.4,200,2026-04-10 10:46:04.216974,
REQ507663,/api/transfer,158.1,200,2026-05-26 08:08:55.179165,
REQ507664,/api/transfer,231.1,200,2026-04-13 17:17:13.526143,
REQ507665,/api/kyc/verify,432.5,200,2026-07-22 13:28:16.457079,
REQ507666,/api/transfer,275.4,200,2026-07-13 10:26:14.399900,
REQ507667,/api/balance,92.6,200,2026-03-31 04:41:42.753343,
REQ507668,/api/login,262.0,200,2026-02-28 21:14:05.789626,
REQ507669,/api/login,368.7,200,2026-03-21 20:32:18.845305,
REQ507670,/api/login,461.2,401,2026-06-06 10:34:17.633994,
REQ507671,/api/statement,601.4,200,2026-03-27 21:38:55.877240,
REQ507672,/api/beneficiary,249.9,200,2026-08-06 15:54:24.093154,
REQ507673,/api/balance,289.2,200,2026-07-31 05:05:43.131797,
REQ507674,/api/login,900.5,200,2026-07-02 01:45:37.058135,
REQ507675,/api/login,130.7,200,2026-03-11 04:42:39.367231,
REQ507676,/api/statement,95.9,200,2026-05-21 10:20:15.463417,
REQ507677,/api/login,621.8,200,2026-03-29 20:17:32.192284,
REQ507678,/api/transfer,154.3,200,2026-07-09 13:39:11.165532,
REQ507679,/api/kyc/verify,66.8,200,2026-05-06 05:18:15.532443,
REQ507680,/api/statement,174.7,429,2026-05-05 00:16:12.013375,
REQ507681,/api/beneficiary,102.7,200,2026-07-08 18:54:57.355890,
REQ507682,/api/kyc/verify,177.5,200,2026-08-15 10:17:37.194918,
REQ507683,/api/kyc/verify,196.1,200,2026-08-08 07:07:54.313722,
REQ507684,/api/balance,223.5,200,2026-08-13 12:39:50.164057,
REQ507685,/api/balance,529.9,200,2026-07-07 06:11:52.712411,
REQ507686,/api/transfer,173.8,200,2026-02-25 09:04:55.636308,
REQ507687,/api/statement,362.5,200,2026-06-18 11:07:54.917403,
REQ507688,/api/transfer,8934.0,200,2026-05-05 14:36:46.204279,
REQ507689,/api/beneficiary,44.3,200,2026-02-24 05:30:07.261595,
REQ507690,/api/beneficiary,53.7,200,2026-04-04 16:02:15.051924,
REQ507691,/api/balance,537.7,200,2026-06-03 06:49:21.966252,
REQ507692,/api/beneficiary,227.8,500,2026-07-02 09:52:34.463579,INC402714
REQ507693,/api/login,197.6,200,2026-02-26 13:28:27.057167,
REQ507694,/api/transfer,145.5,200,2026-06-07 19:56:02.652012,
REQ507695,/api/transfer,267.7,200,2026-03-11 16:07:21.871516,
REQ507696,/api/statement,313.5,400,2026-05-28 08:18:25.509324,
REQ507697,/api/statement,308.8,200,2026-02-22 23:40:46.942731,
REQ507698,/api/beneficiary,423.4,200,2026-03-20 19:09:03.728395,
REQ507699,/api/statement,707.6,200,2026-07-16 22:33:56.868695,
REQ507700,/api/beneficiary,312.8,200,2026-04-09 13:37:19.826211,
REQ507701,/api/beneficiary,411.2,401,2026-07-08 12:02:00.058743,
REQ507702,/api/beneficiary,517.3,200,2026-03-21 22:49:34.516904,
REQ507703,/api/balance,186.0,200,2026-06-06 15:21:13.422642,
REQ507704,/api/beneficiary,362.9,200,2026-03-02 02:41:57.068573,
REQ507705,/api/login,66.2,200,2026-08-16 17:40:13.663921,
REQ507706,/api/statement,274.5,200,2026-08-07 22:56:26.962327,
REQ507707,/api/balance,162.2,200,2026-05-30 12:54:05.759446,
REQ507708,/api/kyc/verify,499.2,503,2026-04-12 10:14:00.751307,
REQ507709,/api/beneficiary,642.7,200,2026-06-14 20:22:54.859762,
REQ507710,/api/statement,46.5,200,2026-07-11 00:50:23.883188,
REQ507711,/api/beneficiary,395.9,200,2026-05-21 10:27:08.308174,
REQ507712,/api/balance,479.3,200,2026-06-03 00:32:59.300621,
REQ507713,/api/balance,223.1,200,2026-04-08 13:28:16.304603,
REQ507714,/api/login,42.7,200,2026-06-07 17:59:45.177207,
REQ507715,/api/transfer,730.9,200,2026-06-19 00:19:33.368108,
REQ507716,/api/kyc/verify,8368.9,200,2026-06-08 18:13:32.855669,
REQ507717,/api/beneficiary,504.6,200,2026-05-14 19:56:16.035498,
REQ507718,/api/login,534.5,200,2026-07-08 23:39:10.588986,
REQ507719,/api/balance,242.7,200,2026-04-20 22:23:11.426430,
REQ507720,/api/transfer,218.7,200,2026-06-14 04:16:39.712281,
REQ507721,/api/kyc/verify,78.3,200,2026-06-26 03:08:06.177486,
REQ507722,/api/transfer,50.7,200,2026-08-08 09:32:15.451125,
REQ507723,/api/beneficiary,376.5,200,2026-03-20 04:07:13.217606,
REQ507724,/api/statement,111.3,200,2026-04-17 19:55:09.711248,
REQ507725,/api/statement,407.5,200,2026-06-17 13:48:31.799746,
REQ507726,/api/login,448.3,200,2026-06-11 18:53:38.344334,
REQ507727,/api/login,398.7,200,2026-05-11 12:52:39.052756,
REQ507728,/api/balance,422.9,200,2026-07-12 19:00:24.711048,
REQ507729,/api/statement,100.1,200,2026-05-18 13:07:11.535510,
REQ507730,/api/kyc/verify,556.3,200,2026-06-26 18:47:52.369758,
REQ507731,/api/statement,432.1,200,2026-07-30 18:01:10.022418,
REQ507732,/api/transfer,482.8,200,2026-03-17 02:54:31.679407,
REQ507733,/api/transfer,134.4,200,2026-02-22 11:47:08.085901,
REQ507734,/api/beneficiary,111.7,200,2026-06-03 16:32:56.534186,
REQ507735,/api/statement,267.5,201,2026-05-10 09:40:54.914441,
REQ507736,/api/login,394.0,200,2026-06-08 06:36:26.276997,
REQ507737,/api/beneficiary,344.1,200,2026-03-05 16:11:33.291744,
REQ507738,/api/statement,130.5,500,2026-07-17 22:11:49.478253,
REQ507739,/api/beneficiary,233.3,200,2026-07-22 02:12:27.352750,
REQ507740,/api/balance,352.5,200,2026-08-02 20:32:16.983282,
REQ507741,/api/beneficiary,950.4,200,2026-03-26 12:36:44.973796,
REQ507742,/api/beneficiary,334.5,200,2026-07-06 16:52:22.410721,
REQ507743,/api/balance,257.3,200,2026-06-13 13:52:13.362116,
REQ507744,/api/beneficiary,51.8,200,2026-04-15 19:56:27.924240,
REQ507745,/api/statement,143.4,200,2026-07-15 03:46:56.477408,
REQ507746,/api/login,168.2,503,2026-05-11 02:46:12.205092,INC402394
REQ507747,/api/beneficiary,257.9,200,2026-03-29 17:45:37.962263,
REQ507748,/api/kyc/verify,285.1,200,2026-07-06 07:57:39.023257,
REQ507749,/api/balance,145.0,401,2026-07-19 00:15:43.855606,
REQ507750,/api/balance,162.1,200,2026-03-28 23:06:07.672218,
REQ507751,/api/balance,83.9,200,2026-04-23 04:42:40.415593,
REQ507752,/api/balance,419.3,200,2026-04-14 18:46:02.461717,
REQ507753,/api/balance,100.6,200,2026-06-04 18:31:50.959155,
REQ507754,/api/statement,257.0,200,2026-05-09 11:43:27.290540,
REQ507755,/api/beneficiary,732.5,200,2026-05-16 19:04:15.363691,
REQ507756,/api/beneficiary,40.8,200,2026-03-25 14:19:49.538106,
REQ507757,/api/balance,406.1,200,2026-06-27 21:33:14.401719,
REQ507758,/api/balance,345.3,200,2026-06-17 06:23:44.544755,
REQ507759,/api/statement,603.9,200,2026-06-20 10:11:45.747870,
REQ507760,/api/kyc/verify,150.4,500,2026-07-24 08:03:50.895441,
REQ507761,/api/login,265.3,200,2026-08-13 05:05:09.465218,
REQ507762,/api/statement,296.2,200,2026-05-10 15:33:20.341546,
REQ507763,/api/kyc/verify,296.2,200,2026-07-24 18:14:30.056807,
REQ507764,/api/login,40.5,200,2026-06-18 08:22:29.614659,
REQ507765,/api/kyc/verify,213.4,429,2026-03-06 09:11:45.738676,
REQ507766,/api/statement,261.6,200,2026-05-13 08:41:18.913297,
REQ507767,/api/balance,3143.5,400,2026-07-19 21:50:13.502322,
REQ507768,/api/balance,79.5,200,2026-03-31 11:35:16.984286,
REQ507769,/api/balance,169.3,200,2026-08-09 02:03:20.922775,
REQ507770,/api/beneficiary,295.1,500,2026-06-17 09:25:05.952652,
REQ507771,/api/login,9.1,401,2026-07-27 06:54:02.701651,
REQ507772,/api/statement,86.6,200,2026-08-02 19:14:51.420591,
REQ507773,/api/balance,601.8,200,2026-06-20 04:30:13.524922,
REQ507774,/api/balance,3180.7,200,2026-06-20 16:55:00.139617,
REQ507775,/api/transfer,30.1,200,2026-06-04 04:00:13.503979,
REQ507776,/api/kyc/verify,254.4,200,2026-03-29 13:20:40.857763,
REQ507777,/api/statement,201.7,200,2026-06-12 00:56:36.545658,
REQ507778,/api/statement,127.2,201,2026-05-30 20:23:11.327090,
REQ507779,/api/beneficiary,601.2,201,2026-06-03 14:02:09.476961,
REQ507780,/api/statement,243.3,200,2026-04-19 05:23:42.009854,
REQ507781,/api/kyc/verify,522.8,400,2026-03-26 09:02:37.314760,
REQ507782,/api/kyc/verify,260.2,200,2026-02-28 22:58:49.104690,
REQ507783,/api/login,267.0,200,2026-06-26 11:16:37.923570,
REQ507784,/api/beneficiary,273.0,200,2026-06-16 21:51:03.990225,
REQ507785,/api/login,507.1,200,2026-05-27 07:36:46.816071,
REQ507786,/api/beneficiary,255.7,200,2026-05-09 18:14:14.792451,
REQ507787,/api/balance,227.2,200,2026-08-18 13:15:26.821570,
REQ507788,/api/login,215.8,200,2026-07-23 06:31:20.030825,
REQ507789,/api/beneficiary,324.4,200,2026-06-02 16:02:36.825997,
REQ507790,/api/transfer,36.7,400,2026-03-11 02:05:55.417369,
REQ507791,/api/login,40.7,200,2026-05-18 17:31:41.425344,
REQ507792,/api/balance,52.0,429,2026-05-26 00:48:56.359957,
REQ507793,/api/login,256.7,200,2026-07-11 02:12:01.551219,
REQ507794,/api/statement,128.3,200,2026-04-02 10:12:56.703875,
REQ507795,/api/balance,280.6,200,2026-07-27 19:06:50.186353,
REQ507796,/api/beneficiary,410.9,200,2026-08-10 23:27:34.409451,
REQ507797,/api/kyc/verify,328.3,200,2026-04-18 07:27:41.071272,
REQ507798,/api/login,476.7,200,2026-05-05 21:50:43.352704,
REQ507799,/api/beneficiary,250.8,200,2026-05-31 12:58:21.216696,
REQ507800,/api/beneficiary,189.6,200,2026-04-30 16:36:37.075769,
REQ507801,/api/kyc/verify,66.1,200,2026-05-12 12:18:58.351358,
REQ507802,/api/statement,278.5,200,2026-02-27 15:21:28.643368,
REQ507803,/api/kyc/verify,597.4,200,2026-06-18 10:22:28.790573,
REQ507804,/api/login,112.6,200,2026-02-25 05:49:26.684088,
REQ507805,/api/login,430.8,200,2026-07-07 06:40:23.851607,
REQ507806,/api/login,546.6,200,2026-06-18 09:49:56.792962,
REQ507807,/api/login,467.7,200,2026-03-12 06:32:17.669543,
REQ507808,/api/transfer,546.1,200,2026-05-03 13:49:06.213125,
REQ507809,/api/login,210.1,200,2026-07-01 17:03:12.760521,
REQ507810,/api/beneficiary,385.0,201,2026-02-26 11:05:14.290339,
REQ507811,/api/statement,438.2,200,2026-02-21 08:30:14.619238,
REQ507812,/api/beneficiary,255.0,500,2026-03-08 01:37:18.398517,
REQ507813,/api/balance,365.6,200,2026-06-30 00:51:02.593194,
REQ507814,/api/login,113.1,200,2026-04-30 23:06:01.074112,
REQ507815,/api/beneficiary,225.7,200,2026-04-04 13:26:04.665092,
REQ507816,/api/balance,280.1,200,2026-04-10 06:33:06.218237,
REQ507817,/api/login,84.2,200,2026-04-27 02:00:41.055491,
REQ507818,/api/transfer,324.9,200,2026-03-03 14:49:43.070251,
REQ507819,/api/kyc/verify,129.9,200,2026-05-16 15:27:49.784370,
REQ507820,/api/balance,171.0,503,2026-04-27 18:35:26.716018,
REQ507821,/api/beneficiary,171.2,200,2026-05-22 23:00:31.592934,
REQ507822,/api/kyc/verify,19.5,200,2026-05-28 01:52:18.017443,
REQ507823,/api/statement,916.6,200,2026-05-07 18:32:06.787137,
REQ507824,/api/beneficiary,306.5,503,2026-05-06 14:09:03.827654,INC404566
REQ507825,/api/login,142.6,200,2026-07-15 10:10:36.513614,
REQ507826,/api/balance,280.1,200,2026-07-05 12:43:49.003286,
REQ507827,/api/statement,356.5,200,2026-05-24 05:16:06.924421,
REQ507828,/api/transfer,130.0,200,2026-07-09 15:56:18.035266,
REQ507829,/api/login,260.0,200,2026-07-24 13:32:39.083814,
REQ507830,/api/login,153.4,200,2026-06-12 12:26:41.003010,
REQ507831,/api/kyc/verify,27.2,400,2026-04-09 23:07:18.501213,
REQ507832,/api/kyc/verify,72.9,200,2026-03-14 03:18:45.947777,
REQ507833,/api/transfer,379.3,200,2026-05-03 09:08:41.599117,
REQ507834,/api/kyc/verify,226.3,200,2026-06-03 20:55:22.679912,
REQ507835,/api/login,198.1,503,2026-04-09 21:41:25.053922,INC401725
REQ507836,/api/statement,530.3,500,2026-05-06 18:25:57.206166,
REQ507837,/api/balance,90.8,200,2026-04-03 08:08:28.676512,
REQ507838,/api/statement,150.9,200,2026-07-17 00:23:23.678487,
REQ507839,/api/transfer,635.9,200,2026-07-20 15:30:40.651064,
REQ507840,/api/balance,230.3,200,2026-07-27 13:57:22.603069,
REQ507841,/api/balance,655.8,200,2026-04-06 13:48:03.961931,
REQ507842,/api/login,180.1,200,2026-05-13 11:37:47.286656,
REQ507843,/api/login,121.4,200,2026-05-24 03:24:14.568505,
REQ507844,/api/statement,111.1,200,2026-02-24 15:41:58.647887,
REQ507845,/api/balance,311.1,200,2026-02-25 15:43:28.703207,
REQ507846,/api/kyc/verify,204.0,200,2026-05-28 00:30:29.435114,
REQ507847,/api/transfer,733.6,200,2026-05-15 06:04:33.863366,
REQ507848,/api/transfer,188.7,200,2026-07-18 00:52:27.173465,
REQ507849,/api/login,565.2,200,2026-05-08 12:01:31.639389,
REQ507850,/api/beneficiary,287.8,200,2026-06-17 23:49:37.875945,
REQ507851,/api/statement,179.9,502,2026-04-02 16:02:08.131373,
REQ507852,/api/beneficiary,531.5,200,2026-07-01 20:47:07.224717,
REQ507853,/api/kyc/verify,381.2,500,2026-06-19 18:52:00.715040,INC400798
REQ507854,/api/login,114.8,200,2026-08-12 02:42:33.861330,
REQ507855,/api/balance,62.6,200,2026-08-01 01:21:14.691427,
REQ507856,/api/kyc/verify,147.6,200,2026-08-14 11:47:46.424695,
REQ507857,/api/kyc/verify,357.2,200,2026-07-28 12:47:31.504091,
REQ507858,/api/transfer,35.6,200,2026-04-23 05:16:46.104173,
REQ507859,/api/balance,467.7,200,2026-05-01 19:15:25.550633,
REQ507860,/api/beneficiary,472.8,200,2026-08-11 10:19:42.142250,
REQ507861,/api/kyc/verify,5041.9,503,2026-07-26 16:26:31.884986,
REQ507862,/api/beneficiary,175.7,200,2026-05-25 21:19:50.982890,
REQ507863,/api/login,127.9,200,2026-03-22 06:15:36.001157,
REQ507864,/api/statement,340.1,200,2026-07-03 23:44:12.938041,
REQ507865,/api/beneficiary,60.7,200,2026-06-25 06:27:44.782984,
REQ507866,/api/login,291.8,200,2026-05-16 22:19:46.633946,
REQ507867,/api/login,163.4,502,2026-06-16 05:11:40.879265,INC406170
REQ507868,/api/login,173.2,200,2026-08-13 23:35:24.242742,
REQ507869,/api/transfer,239.4,200,2026-05-31 02:26:21.636663,
REQ507870,/api/beneficiary,483.4,200,2026-03-05 16:38:42.617520,
REQ507871,/api/kyc/verify,562.6,200,2026-07-07 16:24:50.292074,
REQ507872,/api/balance,473.3,200,2026-06-28 19:27:07.727225,
REQ507873,/api/login,546.4,200,2026-07-14 22:52:50.041273,
REQ507874,/api/statement,121.4,503,2026-08-08 15:00:24.930381,INC408097
REQ507875,/api/login,224.6,200,2026-02-24 23:47:55.068675,
REQ507876,/api/kyc/verify,242.1,200,2026-04-12 20:49:20.293158,
REQ507877,/api/login,141.5,200,2026-05-30 23:15:18.017270,
REQ507878,/api/balance,247.9,200,2026-04-13 14:05:51.463591,
REQ507879,/api/statement,86.2,200,2026-04-16 08:57:59.065878,
REQ507880,/api/kyc/verify,150.6,200,2026-06-24 05:00:44.312710,
REQ507881,/api/beneficiary,863.8,200,2026-08-13 18:39:54.643955,
REQ507882,/api/statement,92.0,200,2026-06-20 11:12:31.854798,
REQ507883,/api/kyc/verify,106.7,200,2026-06-15 00:29:19.075863,
REQ507884,/api/login,421.7,200,2026-06-23 22:42:02.498444,
REQ507885,/api/transfer,159.8,200,2026-06-24 15:54:33.999583,
REQ507886,/api/statement,438.8,200,2026-05-15 08:29:10.070966,
REQ507887,/api/transfer,706.9,200,2026-03-14 14:49:30.097809,
REQ507888,/api/balance,130.1,200,2026-06-29 15:39:43.991912,
REQ507889,/api/kyc/verify,332.6,200,2026-05-15 14:28:03.462746,
REQ507890,/api/kyc/verify,137.8,200,2026-06-19 08:55:41.890439,
REQ507891,/api/balance,156.5,200,2026-05-16 23:18:12.894142,
REQ507892,/api/beneficiary,49.5,200,2026-05-19 17:27:31.123668,
REQ507893,/api/transfer,222.7,200,2026-06-03 11:36:04.327046,
REQ507894,/api/balance,258.5,200,2026-04-18 00:16:01.060523,
REQ507895,/api/login,158.1,200,2026-07-26 06:38:53.542315,
REQ507896,/api/transfer,486.1,200,2026-06-26 11:14:35.184330,
REQ507897,/api/balance,142.4,200,2026-04-18 08:39:43.011554,
REQ507898,/api/transfer,771.5,200,2026-07-22 01:25:18.479617,
REQ507899,/api/login,99.0,200,2026-08-09 15:03:23.309554,
REQ507900,/api/kyc/verify,275.5,200,2026-05-23 06:20:28.962948,
REQ507901,/api/statement,258.2,200,2026-04-22 03:14:55.530916,
REQ507902,/api/transfer,441.0,200,2026-04-30 08:30:32.875052,
REQ507903,/api/login,518.5,200,2026-05-18 09:17:03.020679,
REQ507904,/api/statement,345.2,200,2026-05-20 23:50:24.203481,
REQ507905,/api/login,493.8,200,2026-03-25 11:22:00.044476,
REQ507906,/api/login,66.7,502,2026-02-23 02:18:35.248469,INC407848
REQ507907,/api/beneficiary,190.7,201,2026-03-14 23:29:37.224443,
REQ507908,/api/kyc/verify,314.4,503,2026-04-22 21:03:43.808731,INC408331
REQ507909,/api/transfer,1110.4,200,2026-03-24 06:01:03.903388,
REQ507910,/api/statement,588.1,200,2026-03-04 23:40:08.556121,
REQ507911,/api/kyc/verify,221.8,200,2026-06-22 17:07:01.503644,
REQ507912,/api/transfer,21.9,200,2026-04-07 08:39:20.362658,
REQ507913,/api/statement,52.7,200,2026-06-13 00:04:32.879394,
REQ507914,/api/beneficiary,393.2,200,2026-07-09 04:29:45.945384,
REQ507915,/api/statement,203.7,200,2026-02-23 02:36:39.006547,
REQ507916,/api/beneficiary,400.0,200,2026-05-14 22:52:18.212195,
REQ507917,/api/statement,1.0,503,2026-08-08 06:21:47.542713,INC402363
REQ507918,/api/balance,201.1,200,2026-04-06 12:28:13.707809,
REQ507919,/api/statement,682.4,200,2026-05-22 11:58:45.293265,
REQ507920,/api/kyc/verify,560.2,200,2026-06-28 18:26:51.382318,
REQ507921,/api/beneficiary,379.3,200,2026-08-09 00:49:31.044454,
REQ507922,/api/transfer,70.2,200,2026-06-16 04:50:02.056030,
REQ507923,/api/statement,179.4,200,2026-04-14 23:39:05.630081,
REQ507924,/api/balance,629.4,200,2026-05-24 11:03:04.947383,
REQ507925,/api/beneficiary,235.0,200,2026-07-03 06:29:19.965811,
REQ507926,/api/transfer,58.2,200,2026-03-06 04:45:10.647900,
REQ507927,/api/balance,581.5,502,2026-05-04 00:29:55.218712,
REQ507928,/api/balance,406.3,200,2026-07-24 17:44:14.687321,
REQ507929,/api/statement,7421.0,200,2026-05-06 09:41:19.505821,
REQ507930,/api/login,249.0,200,2026-04-11 03:48:50.351424,
REQ507931,/api/balance,107.8,200,2026-03-29 08:38:15.363140,
REQ507932,/api/statement,403.9,200,2026-07-08 04:15:38.227254,
REQ507933,/api/statement,837.2,200,2026-04-05 00:35:26.587324,
REQ507934,/api/login,8722.5,200,2026-05-20 01:26:47.436031,
REQ507935,/api/transfer,256.4,200,2026-04-17 02:25:11.057738,
REQ507936,/api/balance,147.8,200,2026-06-07 18:13:52.624032,
REQ507937,/api/balance,237.3,200,2026-07-13 21:51:30.329000,
REQ507938,/api/beneficiary,308.1,200,2026-07-22 05:12:15.716056,
REQ507939,/api/balance,95.4,200,2026-08-03 12:34:34.855604,
REQ507940,/api/transfer,19.7,200,2026-03-02 00:55:55.859938,
REQ507941,/api/login,146.9,200,2026-04-11 09:21:25.602519,
REQ507942,/api/kyc/verify,385.9,201,2026-06-01 15:03:19.975819,
REQ507943,/api/kyc/verify,1014.7,200,2026-06-12 20:01:39.307580,
REQ507944,/api/balance,835.2,200,2026-03-25 19:09:43.977624,
REQ507945,/api/balance,386.2,200,2026-07-16 16:44:49.701434,
REQ507946,/api/kyc/verify,140.4,200,2026-02-23 22:45:03.797647,
REQ507947,/api/balance,68.3,200,2026-03-03 05:59:50.407519,
REQ507948,/api/balance,129.5,200,2026-04-15 22:24:01.681084,
REQ507949,/api/transfer,356.4,200,2026-08-14 06:44:09.008346,
REQ507950,/api/balance,258.5,200,2026-05-14 09:53:52.994827,
REQ507951,/api/statement,95.4,200,2026-03-15 09:55:29.310991,
REQ507952,/api/balance,153.1,200,2026-06-25 23:01:31.968792,
REQ507953,/api/balance,363.0,401,2026-05-30 01:53:53.216682,
REQ507954,/api/statement,139.8,401,2026-07-29 08:10:37.475069,
REQ507955,/api/login,528.3,200,2026-05-20 22:43:02.177091,
REQ507956,/api/statement,170.1,200,2026-02-26 18:21:42.539311,
REQ507957,/api/login,469.7,200,2026-03-05 20:43:57.582583,
REQ507958,/api/login,359.9,200,2026-07-04 19:19:39.104172,
REQ507959,/api/kyc/verify,160.5,200,2026-03-26 12:20:00.298189,
REQ507960,/api/statement,72.4,200,2026-04-21 11:20:49.902521,
REQ507961,/api/statement,382.8,200,2026-08-09 09:12:28.621189,
REQ507962,/api/kyc/verify,400.1,401,2026-03-20 15:52:06.406105,
REQ507963,/api/beneficiary,116.6,200,2026-03-03 22:42:55.045515,
REQ507964,/api/beneficiary,213.8,200,2026-06-27 12:42:07.674642,
REQ507965,/api/kyc/verify,361.4,200,2026-05-28 03:02:17.846071,
REQ507966,/api/login,434.2,200,2026-04-14 09:19:45.758839,
REQ507967,/api/beneficiary,454.0,200,2026-04-04 20:52:23.966490,
REQ507968,/api/beneficiary,244.8,200,2026-05-05 12:13:43.226407,
REQ507969,/api/statement,331.6,200,2026-05-27 13:49:28.498548,
REQ507970,/api/balance,288.9,200,2026-03-03 13:00:38.485725,
REQ507971,/api/login,266.2,200,2026-07-20 03:37:01.637698,
REQ507972,/api/statement,373.1,200,2026-03-14 00:37:25.022319,
REQ507973,/api/balance,455.9,200,2026-06-20 02:27:36.748898,
REQ507974,/api/statement,598.0,502,2026-04-28 23:51:27.594816,
REQ507975,/api/statement,314.0,500,2026-05-02 06:07:29.422606,INC408767
REQ507976,/api/kyc/verify,333.2,200,2026-07-06 05:19:15.327320,
REQ507977,/api/statement,217.4,200,2026-02-28 03:47:32.862433,
REQ507978,/api/login,35.6,200,2026-07-30 10:25:03.108897,
REQ507979,/api/balance,162.1,500,2026-04-01 04:11:50.776550,INC406703
REQ507980,/api/statement,712.7,200,2026-02-21 00:42:04.684277,
REQ507981,/api/login,119.5,200,2026-04-19 13:58:16.151886,
REQ507982,/api/kyc/verify,66.9,201,2026-07-30 04:42:55.308831,
REQ507983,/api/login,81.7,200,2026-03-13 08:06:10.857014,
REQ507984,/api/transfer,50.3,200,2026-06-27 21:36:48.663547,
REQ507985,/api/statement,3485.5,200,2026-05-28 13:16:00.862830,
REQ507986,/api/kyc/verify,412.1,200,2026-04-11 20:17:38.448134,
REQ507987,/api/beneficiary,258.5,429,2026-07-16 08:43:48.722686,
REQ507988,/api/transfer,194.9,200,2026-06-08 13:21:15.850143,
REQ507989,/api/login,45.1,401,2026-06-12 19:42:06.097632,
REQ507990,/api/login,99.9,200,2026-05-04 06:32:01.615267,
REQ507991,/api/transfer,39.9,200,2026-04-15 03:06:17.170959,
REQ507992,/api/kyc/verify,169.6,200,2026-08-08 11:09:59.333491,
REQ507993,/api/beneficiary,165.2,200,2026-03-31 14:21:57.369207,
REQ507994,/api/transfer,98.6,200,2026-06-23 16:34:10.133643,
REQ507995,/api/transfer,249.1,400,2026-03-17 21:26:08.630534,
REQ507996,/api/statement,72.6,200,2026-05-15 22:14:56.877713,
REQ507997,/api/balance,253.7,200,2026-04-08 00:15:24.279699,
REQ507998,/api/beneficiary,623.7,200,2026-04-27 18:31:01.308496,
REQ507999,/api/kyc/verify,339.0,201,2026-02-25 08:38:01.751626,
REQ508000,/api/beneficiary,15.8,200,2026-08-15 05:48:50.170453,
REQ508001,/api/statement,279.7,200,2026-08-04 16:23:14.517431,
REQ508002,/api/login,348.0,200,2026-07-14 15:39:14.381891,
REQ508003,/api/kyc/verify,176.6,200,2026-07-24 08:44:59.585769,
REQ508004,/api/beneficiary,199.3,200,2026-04-21 23:05:25.422303,
REQ508005,/api/balance,258.0,200,2026-05-30 09:36:24.675659,
REQ508006,/api/transfer,77.6,200,2026-08-12 13:21:14.540533,
REQ508007,/api/statement,80.8,401,2026-07-29 16:35:44.460289,
REQ508008,/api/statement,191.8,200,2026-06-01 21:48:06.862146,
REQ508009,/api/balance,386.7,502,2026-03-26 08:53:31.153491,INC409922
REQ508010,/api/transfer,47.4,200,2026-05-10 15:39:14.166971,
REQ508011,/api/balance,53.2,200,2026-02-28 15:53:25.643856,
REQ508012,/api/balance,333.0,200,2026-05-01 16:11:06.237578,
REQ508013,/api/balance,211.6,200,2026-06-09 03:47:30.350495,
REQ508014,/api/kyc/verify,133.4,200,2026-06-13 08:20:35.182561,
REQ508015,/api/balance,101.5,200,2026-06-30 03:52:34.216873,
REQ508016,/api/statement,117.9,200,2026-03-05 05:50:06.276784,
REQ508017,/api/balance,223.1,200,2026-06-11 16:52:13.492909,
REQ508018,/api/beneficiary,123.5,200,2026-07-15 14:12:23.633917,
REQ508019,/api/statement,724.1,200,2026-07-02 05:19:04.754496,
REQ508020,/api/beneficiary,109.8,200,2026-03-28 02:37:04.882846,
REQ508021,/api/kyc/verify,208.2,200,2026-04-16 04:20:11.064357,
REQ508022,/api/kyc/verify,278.6,200,2026-03-27 06:20:29.291179,
REQ508023,/api/balance,432.0,200,2026-08-17 12:08:11.688550,
REQ508024,/api/transfer,386.3,200,2026-05-19 22:37:21.614104,
REQ508025,/api/transfer,101.8,200,2026-07-22 10:39:42.828996,
REQ508026,/api/beneficiary,479.6,502,2026-04-21 09:57:37.834068,
REQ508027,/api/statement,458.4,200,2026-04-14 14:22:02.628964,
REQ508028,/api/statement,34.0,200,2026-07-15 22:39:17.467643,
REQ508029,/api/balance,177.9,200,2026-03-17 22:31:24.184598,
REQ508030,/api/beneficiary,78.5,200,2026-07-16 04:04:00.634007,
REQ508031,/api/balance,165.1,500,2026-07-02 13:23:39.392008,INC400124
REQ508032,/api/login,431.2,200,2026-05-08 23:33:37.440235,
REQ508033,/api/login,1070.3,200,2026-03-30 00:26:39.657758,
REQ508034,/api/kyc/verify,128.9,200,2026-08-06 15:49:49.316019,
REQ508035,/api/beneficiary,208.9,200,2026-03-08 20:25:51.866630,
REQ508036,/api/kyc/verify,596.8,200,2026-08-14 05:45:36.851056,
REQ508037,/api/login,301.9,200,2026-02-27 03:39:28.413391,
REQ508038,/api/login,351.7,200,2026-04-08 01:29:35.065385,
REQ508039,/api/kyc/verify,312.5,200,2026-08-08 16:12:54.019743,
REQ508040,/api/statement,106.0,201,2026-04-29 07:54:58.912304,
REQ508041,/api/login,711.0,201,2026-03-30 11:53:43.510219,
REQ508042,/api/statement,78.3,200,2026-03-20 22:59:28.152621,
REQ508043,/api/transfer,360.7,200,2026-04-18 04:14:05.167163,
REQ508044,/api/kyc/verify,509.3,200,2026-05-02 04:13:49.895375,
REQ508045,/api/statement,870.5,200,2026-07-27 10:40:12.613028,
REQ508046,/api/login,51.5,200,2026-07-17 07:09:34.979684,
REQ508047,/api/kyc/verify,135.5,200,2026-08-15 16:21:25.626326,
REQ508048,/api/login,345.5,200,2026-08-04 17:17:28.782794,
REQ508049,/api/balance,241.5,200,2026-07-19 19:23:53.840884,
REQ508050,/api/kyc/verify,253.1,200,2026-03-08 04:44:31.794292,
REQ508051,/api/kyc/verify,280.0,200,2026-06-25 20:52:15.932621,
REQ508052,/api/statement,591.8,200,2026-03-24 01:11:04.624045,
REQ508053,/api/balance,136.1,200,2026-08-02 15:57:53.141648,
REQ508054,/api/transfer,578.8,200,2026-06-29 00:32:41.469249,
REQ508055,/api/login,301.9,200,2026-05-27 07:49:13.467090,
REQ508056,/api/kyc/verify,232.5,200,2026-08-17 15:55:26.582021,
REQ508057,/api/beneficiary,152.0,201,2026-08-18 11:30:16.430145,
REQ508058,/api/transfer,128.3,200,2026-04-12 00:48:20.253500,
REQ508059,/api/kyc/verify,232.7,200,2026-07-13 14:20:24.643684,
REQ508060,/api/login,604.7,200,2026-08-08 14:04:15.309675,
REQ508061,/api/statement,463.5,200,2026-03-13 08:50:37.789527,
REQ508062,/api/kyc/verify,245.4,200,2026-08-17 00:25:20.120055,
REQ508063,/api/balance,387.8,200,2026-04-02 23:03:09.200198,
REQ508064,/api/kyc/verify,301.5,200,2026-05-31 21:02:58.963922,
REQ508065,/api/balance,406.1,200,2026-08-16 11:28:25.841950,
REQ508066,/api/statement,103.8,200,2026-08-06 00:06:51.272372,
REQ508067,/api/transfer,197.3,200,2026-06-18 06:17:17.940655,
REQ508068,/api/balance,104.8,200,2026-07-19 02:32:07.400850,
REQ508069,/api/statement,284.8,200,2026-06-13 00:00:58.741506,
REQ508070,/api/kyc/verify,41.0,200,2026-07-05 11:25:59.084053,
REQ508071,/api/login,617.5,200,2026-06-07 06:36:05.243647,
REQ508072,/api/statement,307.1,200,2026-06-30 16:33:23.869136,
REQ508073,/api/transfer,346.0,200,2026-06-22 10:12:09.120757,
REQ508074,/api/login,455.5,200,2026-07-17 15:36:34.153770,
REQ508075,/api/kyc/verify,507.6,200,2026-06-18 06:13:26.946514,
REQ508076,/api/statement,405.8,200,2026-08-13 21:10:24.962569,
REQ508077,/api/login,12.5,200,2026-04-09 14:33:01.548925,
REQ508078,/api/login,726.8,500,2026-04-10 17:47:25.355397,INC406052
REQ508079,/api/statement,254.2,500,2026-05-09 20:11:08.123702,
REQ508080,/api/kyc/verify,117.4,200,2026-02-28 09:17:04.261433,
REQ508081,/api/balance,210.1,200,2026-05-31 04:56:51.928015,
REQ508082,/api/statement,260.8,200,2026-03-23 07:22:05.559733,
REQ508083,/api/beneficiary,271.9,200,2026-06-18 03:00:42.193475,
REQ508084,/api/beneficiary,471.3,200,2026-08-02 05:14:16.903404,
REQ508085,/api/balance,194.9,503,2026-05-09 14:40:17.078307,
REQ508086,/api/login,368.1,200,2026-02-25 05:38:33.259234,
REQ508087,/api/transfer,715.6,200,2026-06-05 18:03:15.472203,
REQ508088,/api/login,8269.0,200,2026-07-26 01:22:12.937743,
REQ508089,/api/balance,574.0,200,2026-08-16 22:55:09.940324,
REQ508090,/api/beneficiary,3979.1,200,2026-05-05 08:41:58.847760,
REQ508091,/api/login,7725.9,200,2026-07-27 22:02:33.975535,
REQ508092,/api/transfer,293.4,200,2026-03-16 10:07:22.446438,
REQ508093,/api/kyc/verify,377.5,502,2026-04-13 19:23:40.390828,INC402542
REQ508094,/api/login,448.6,200,2026-05-08 20:30:46.732838,
REQ508095,/api/login,227.1,200,2026-05-04 08:40:45.201141,
REQ508096,/api/login,226.9,200,2026-06-16 19:22:55.465689,
REQ508097,/api/kyc/verify,463.3,429,2026-03-05 11:46:45.063894,
REQ508098,/api/balance,200.5,200,2026-05-24 18:04:36.741474,
REQ508099,/api/login,157.2,200,2026-07-10 00:25:11.066174,
REQ508100,/api/balance,640.2,200,2026-03-09 15:11:27.914908,
REQ508101,/api/login,341.5,200,2026-05-31 00:22:57.232371,
REQ508102,/api/transfer,335.7,200,2026-06-22 03:05:30.756474,
REQ508103,/api/beneficiary,386.7,200,2026-04-08 14:18:14.065680,
REQ508104,/api/balance,44.9,200,2026-06-18 15:46:53.372143,
REQ508105,/api/balance,83.6,200,2026-06-12 00:45:57.261843,
REQ508106,/api/login,368.9,503,2026-02-21 01:15:26.799154,INC402050
REQ508107,/api/balance,387.3,200,2026-03-09 01:55:26.069088,
REQ508108,/api/statement,65.1,200,2026-03-29 05:35:06.342119,
REQ508109,/api/transfer,477.9,200,2026-07-23 06:23:11.829997,
REQ508110,/api/beneficiary,6608.0,200,2026-05-07 18:35:00.780251,
REQ508111,/api/beneficiary,199.6,200,2026-07-25 07:45:12.146412,
REQ508112,/api/statement,603.4,200,2026-02-22 14:51:09.757890,
REQ508113,/api/login,577.2,200,2026-03-04 11:52:24.162473,
REQ508114,/api/transfer,365.4,429,2026-07-31 15:06:02.910604,
REQ508115,/api/kyc/verify,205.1,200,2026-05-07 08:57:21.871956,
REQ508116,/api/beneficiary,169.6,200,2026-07-16 03:03:10.333946,
REQ508117,/api/login,100.4,200,2026-03-20 04:42:08.160748,
REQ508118,/api/statement,870.5,200,2026-05-14 12:31:34.072370,
REQ508119,/api/transfer,731.7,200,2026-04-09 20:11:26.472526,
REQ508120,/api/beneficiary,105.4,200,2026-05-30 11:52:40.985103,
REQ508121,/api/statement,254.3,200,2026-03-30 10:52:08.680235,
REQ508122,/api/statement,179.0,200,2026-03-29 12:31:08.670016,
REQ508123,/api/statement,159.7,429,2026-08-07 15:16:56.753837,
REQ508124,/api/login,108.9,200,2026-03-26 06:36:49.245978,
REQ508125,/api/statement,119.3,200,2026-02-27 00:14:32.550725,
REQ508126,/api/kyc/verify,123.1,200,2026-06-04 05:55:29.952624,
REQ508127,/api/statement,895.8,200,2026-06-27 18:52:02.563200,
REQ508128,/api/beneficiary,212.6,200,2026-06-24 01:45:03.259843,
REQ508129,/api/balance,559.4,200,2026-07-12 20:03:38.730413,
REQ508130,/api/login,7466.7,401,2026-05-15 20:51:41.670337,
REQ508131,/api/balance,281.0,200,2026-06-13 00:11:04.102553,
REQ508132,/api/kyc/verify,193.1,200,2026-05-25 20:01:29.260777,
REQ508133,/api/transfer,114.7,200,2026-04-17 10:17:59.282558,
REQ508134,/api/transfer,142.0,200,2026-04-27 22:00:36.355258,
REQ508135,/api/kyc/verify,157.8,400,2026-04-07 23:44:46.163057,
REQ508136,/api/balance,164.5,200,2026-08-15 12:28:07.900660,
REQ508137,/api/balance,790.3,200,2026-05-05 14:35:49.224708,
REQ508138,/api/transfer,281.0,201,2026-04-18 04:09:28.376780,
REQ508139,/api/transfer,166.0,200,2026-05-08 08:30:03.887644,
REQ508140,/api/beneficiary,192.6,429,2026-07-03 04:02:46.609894,
REQ508141,/api/transfer,113.5,200,2026-02-23 13:42:25.654505,
REQ508142,/api/statement,101.8,200,2026-03-07 13:59:55.929153,
REQ508143,/api/kyc/verify,411.4,200,2026-04-08 00:05:35.132225,
REQ508144,/api/kyc/verify,208.1,200,2026-04-13 17:55:06.958044,
REQ508145,/api/statement,447.8,200,2026-04-29 23:18:14.436153,
REQ508146,/api/transfer,112.5,200,2026-06-03 05:11:26.717022,
REQ508147,/api/balance,202.4,500,2026-02-25 09:35:08.715023,INC408289
REQ508148,/api/beneficiary,136.4,200,2026-02-25 19:41:28.632835,
REQ508149,/api/transfer,100.8,200,2026-06-24 01:32:14.923856,
REQ508150,/api/login,513.8,200,2026-06-06 14:33:42.033891,
REQ508151,/api/beneficiary,156.8,200,2026-03-20 01:05:13.483295,
REQ508152,/api/balance,166.4,200,2026-03-20 13:59:27.979650,
REQ508153,/api/statement,157.9,200,2026-07-03 12:02:05.652845,
REQ508154,/api/beneficiary,174.2,200,2026-06-24 03:59:46.377100,
REQ508155,/api/balance,162.3,201,2026-03-22 10:17:15.229170,
REQ508156,/api/statement,563.8,200,2026-06-12 21:52:46.591005,
REQ508157,/api/balance,108.4,200,2026-08-01 06:00:47.192614,
REQ508158,/api/beneficiary,173.8,200,2026-06-11 07:47:08.075045,
REQ508159,/api/beneficiary,30.9,200,2026-03-11 18:20:20.236574,
REQ508160,/api/transfer,223.4,200,2026-03-07 04:26:31.213374,
REQ508161,/api/statement,190.4,503,2026-08-05 02:51:13.128102,INC409892
REQ508162,/api/login,814.4,200,2026-05-05 07:37:30.340531,
REQ508163,/api/kyc/verify,311.2,200,2026-08-09 21:39:21.555202,
REQ508164,/api/statement,48.2,200,2026-03-30 00:51:43.426016,
REQ508165,/api/kyc/verify,396.2,200,2026-06-29 02:38:42.479931,
REQ508166,/api/beneficiary,354.7,200,2026-04-14 20:42:51.788067,
REQ508167,/api/kyc/verify,107.5,503,2026-07-15 14:38:26.039015,
REQ508168,/api/balance,366.8,200,2026-04-29 23:36:02.327314,
REQ508169,/api/transfer,106.6,200,2026-08-11 14:21:28.696909,
REQ508170,/api/login,90.3,200,2026-06-21 10:31:06.158222,
REQ508171,/api/balance,100.5,200,2026-05-10 17:36:54.602919,
REQ508172,/api/balance,308.0,200,2026-07-31 02:57:30.340432,
REQ508173,/api/transfer,355.4,200,2026-05-30 10:57:52.376823,
REQ508174,/api/login,311.7,200,2026-08-03 09:20:37.622467,
REQ508175,/api/statement,239.5,502,2026-07-06 13:34:12.304568,INC403584
REQ508176,/api/kyc/verify,79.9,504,2026-07-31 09:31:18.710236,INC408027
REQ508177,/api/beneficiary,224.7,400,2026-05-13 23:25:50.511140,
REQ508178,/api/statement,507.8,200,2026-04-21 21:21:13.305168,
REQ508179,/api/transfer,117.5,200,2026-07-19 00:19:42.062484,
REQ508180,/api/balance,462.1,201,2026-03-09 18:38:06.136443,
REQ508181,/api/kyc/verify,186.8,200,2026-06-19 00:05:58.293852,
REQ508182,/api/kyc/verify,154.0,200,2026-03-01 13:01:18.777664,
REQ508183,/api/beneficiary,189.2,200,2026-04-16 21:55:26.831034,
REQ508184,/api/beneficiary,355.2,200,2026-07-11 07:57:03.081264,
REQ508185,/api/statement,65.7,200,2026-08-17 05:04:23.267730,
REQ508186,/api/transfer,72.7,200,2026-03-06 05:31:54.547493,
REQ508187,/api/balance,56.6,200,2026-02-21 08:53:24.448806,
REQ508188,/api/beneficiary,208.1,200,2026-02-23 10:42:26.566047,
REQ508189,/api/kyc/verify,6716.0,200,2026-05-24 03:02:01.650292,
REQ508190,/api/login,237.1,200,2026-05-20 14:01:23.451357,
REQ508191,/api/balance,247.8,200,2026-04-06 22:44:46.392675,
REQ508192,/api/balance,61.3,200,2026-08-10 09:15:12.249466,
REQ508193,/api/statement,377.4,200,2026-03-11 12:19:43.116118,
REQ508194,/api/kyc/verify,104.5,200,2026-07-01 21:48:18.942599,
REQ508195,/api/beneficiary,180.7,200,2026-08-03 05:52:46.097127,
REQ508196,/api/balance,259.7,200,2026-05-26 09:57:00.078010,
REQ508197,/api/statement,886.7,200,2026-02-23 10:23:34.227346,
REQ508198,/api/beneficiary,465.6,200,2026-07-14 10:57:38.185394,
REQ508199,/api/balance,389.2,429,2026-04-17 15:58:18.832758,
REQ508200,/api/beneficiary,70.5,200,2026-08-17 06:01:16.389671,
REQ508201,/api/kyc/verify,512.4,200,2026-04-24 02:48:13.567738,
REQ508202,/api/kyc/verify,71.5,200,2026-04-06 18:55:00.917403,
REQ508203,/api/beneficiary,78.5,200,2026-04-08 21:05:47.623247,
REQ508204,/api/balance,16.1,200,2026-05-03 13:08:33.724548,
REQ508205,/api/kyc/verify,210.9,200,2026-04-21 17:07:30.731963,
REQ508206,/api/balance,494.1,200,2026-04-20 00:12:10.469552,
REQ508207,/api/statement,172.1,200,2026-03-18 21:54:06.629089,
REQ508208,/api/statement,446.0,200,2026-03-06 23:44:10.980868,
REQ508209,/api/login,88.0,200,2026-04-23 05:42:13.331204,
REQ508210,/api/login,573.9,200,2026-05-15 20:54:39.954434,
REQ508211,/api/kyc/verify,171.1,200,2026-07-17 14:01:24.988826,
REQ508212,/api/beneficiary,233.8,200,2026-04-02 14:07:24.796311,
REQ508213,/api/balance,109.9,200,2026-03-28 23:37:20.473138,
REQ508214,/api/kyc/verify,418.7,200,2026-05-31 10:20:06.823869,
REQ508215,/api/login,482.9,200,2026-04-28 22:29:09.488492,
REQ508216,/api/balance,101.6,504,2026-03-20 07:22:32.647420,
REQ508217,/api/kyc/verify,388.3,200,2026-03-03 22:23:57.276028,
REQ508218,/api/transfer,320.8,200,2026-08-18 10:16:51.667008,
REQ508219,/api/beneficiary,385.7,200,2026-06-22 23:25:55.479981,
REQ508220,/api/beneficiary,74.1,200,2026-05-01 21:24:35.241724,
REQ508221,/api/transfer,194.3,429,2026-07-09 09:46:53.108032,
REQ508222,/api/login,142.5,200,2026-08-07 08:16:45.781841,
REQ508223,/api/kyc/verify,381.9,201,2026-06-20 15:25:59.332182,
REQ508224,/api/kyc/verify,746.2,200,2026-03-01 11:29:42.871859,
REQ508225,/api/balance,11.0,200,2026-07-21 20:03:01.117229,
REQ508226,/api/beneficiary,6361.1,201,2026-05-29 01:36:08.712690,
REQ508227,/api/statement,98.3,200,2026-07-24 16:51:00.409138,
REQ508228,/api/beneficiary,24.5,200,2026-03-23 02:12:40.696422,
REQ508229,/api/login,131.4,200,2026-06-09 06:29:03.013416,
REQ508230,/api/balance,56.0,200,2026-07-30 01:15:28.965809,
REQ508231,/api/statement,8661.5,201,2026-05-16 16:36:05.601500,
REQ508232,/api/statement,202.0,200,2026-06-11 08:05:18.899749,
REQ508233,/api/beneficiary,258.0,200,2026-06-07 14:57:09.350942,
REQ508234,/api/login,186.6,200,2026-05-09 10:46:21.154837,
REQ508235,/api/login,440.3,200,2026-08-17 04:54:58.404499,
REQ508236,/api/beneficiary,20.4,200,2026-08-01 14:36:53.264658,
REQ508237,/api/statement,177.6,200,2026-05-23 10:57:41.016977,
REQ508238,/api/beneficiary,518.5,200,2026-06-04 08:51:08.371143,
REQ508239,/api/transfer,244.9,200,2026-07-02 10:54:47.257647,
REQ508240,/api/beneficiary,469.0,400,2026-03-23 08:43:53.738034,
REQ508241,/api/statement,257.3,200,2026-04-25 05:31:06.095379,
REQ508242,/api/statement,274.0,200,2026-04-27 15:15:51.531156,
REQ508243,/api/statement,123.5,502,2026-03-02 03:22:51.709708,INC402542
REQ508244,/api/statement,308.8,200,2026-07-25 04:21:01.468619,
REQ508245,/api/kyc/verify,26.1,200,2026-04-14 10:02:48.809927,
REQ508246,/api/beneficiary,376.2,200,2026-06-01 07:13:05.207807,
REQ508247,/api/login,556.4,201,2026-08-06 07:49:24.229252,
REQ508248,/api/transfer,283.3,401,2026-04-25 05:39:56.028681,
REQ508249,/api/kyc/verify,15.0,200,2026-03-04 06:20:49.441332,
REQ508250,/api/beneficiary,464.4,200,2026-06-18 04:44:11.108113,
REQ508251,/api/login,536.5,200,2026-03-20 01:52:57.204988,
REQ508252,/api/login,104.9,200,2026-07-16 22:49:50.476929,
REQ508253,/api/transfer,96.8,200,2026-08-17 18:38:59.844858,
REQ508254,/api/login,286.6,200,2026-05-27 02:17:37.656739,
REQ508255,/api/beneficiary,576.3,201,2026-07-12 11:15:24.823034,
REQ508256,/api/login,215.7,200,2026-03-17 18:47:26.044995,
REQ508257,/api/statement,327.8,200,2026-04-06 14:39:13.937199,
REQ508258,/api/kyc/verify,3006.5,200,2026-06-10 17:01:20.365751,
REQ508259,/api/kyc/verify,460.4,200,2026-04-19 08:19:03.136188,
REQ508260,/api/login,277.6,200,2026-04-08 22:05:02.438522,
REQ508261,/api/statement,6260.4,200,2026-08-08 18:28:38.585323,
REQ508262,/api/transfer,94.8,200,2026-03-27 04:24:23.351227,
REQ508263,/api/beneficiary,198.5,200,2026-08-10 13:03:17.573055,
REQ508264,/api/kyc/verify,628.7,200,2026-07-27 00:52:12.886526,
REQ508265,/api/statement,214.0,200,2026-05-17 21:53:33.915339,
REQ508266,/api/beneficiary,426.0,200,2026-06-16 23:46:02.944595,
REQ508267,/api/beneficiary,684.6,200,2026-03-25 06:23:31.677782,
REQ508268,/api/login,344.7,200,2026-07-31 12:57:27.699050,
REQ508269,/api/statement,231.8,200,2026-08-15 03:45:43.411049,
REQ508270,/api/transfer,214.2,200,2026-05-17 05:51:53.050229,
REQ508271,/api/kyc/verify,308.7,429,2026-04-10 20:07:53.709139,
REQ508272,/api/balance,207.5,401,2026-06-20 18:38:00.589756,
REQ508273,/api/balance,196.0,200,2026-07-29 02:24:10.727689,
REQ508274,/api/login,151.3,200,2026-03-08 17:17:14.390632,
REQ508275,/api/login,17.2,200,2026-04-08 00:10:43.065547,
REQ508276,/api/kyc/verify,431.9,200,2026-07-30 00:25:58.369271,
REQ508277,/api/kyc/verify,116.1,200,2026-03-27 22:51:04.989840,
REQ508278,/api/login,277.2,200,2026-05-05 21:44:05.210278,
REQ508279,/api/login,400.4,200,2026-06-12 05:18:55.440787,
REQ508280,/api/balance,396.5,200,2026-04-22 14:02:20.003748,
REQ508281,/api/login,214.8,200,2026-07-19 10:35:50.909282,
REQ508282,/api/transfer,239.6,200,2026-06-26 18:09:47.207410,
REQ508283,/api/beneficiary,65.3,200,2026-07-29 12:22:30.762054,
REQ508284,/api/kyc/verify,133.7,502,2026-03-09 08:01:28.018709,
REQ508285,/api/transfer,153.4,200,2026-07-23 02:19:59.385087,
REQ508286,/api/kyc/verify,93.8,200,2026-05-23 13:44:43.787889,
REQ508287,/api/beneficiary,159.9,401,2026-03-16 03:51:48.325014,
REQ508288,/api/kyc/verify,639.9,200,2026-07-25 18:00:49.596386,
REQ508289,/api/balance,174.8,200,2026-07-05 10:13:08.754698,
REQ508290,/api/balance,408.5,200,2026-03-27 05:56:37.163465,
REQ508291,/api/beneficiary,99.9,200,2026-06-09 04:44:21.463250,
REQ508292,/api/balance,290.5,200,2026-04-01 15:08:42.781154,
REQ508293,/api/beneficiary,386.2,200,2026-07-18 21:43:56.511756,
REQ508294,/api/transfer,197.9,200,2026-04-03 17:00:17.502273,
REQ508295,/api/statement,142.3,200,2026-06-20 02:50:10.383998,
REQ508296,/api/balance,232.0,200,2026-05-16 11:23:16.354735,
REQ508297,/api/transfer,395.7,200,2026-05-05 04:48:50.597725,
REQ508298,/api/balance,203.0,200,2026-03-06 06:31:00.860579,
REQ508299,/api/kyc/verify,51.6,400,2026-03-21 16:59:38.973911,
REQ508300,/api/login,365.8,200,2026-06-10 21:32:34.409729,
REQ508301,/api/balance,162.4,200,2026-02-28 00:22:04.253055,
REQ508302,/api/login,558.1,429,2026-05-05 20:12:36.471763,
REQ508303,/api/kyc/verify,48.9,200,2026-07-07 07:47:58.585490,
REQ508304,/api/kyc/verify,429.4,500,2026-05-02 13:34:40.809208,INC401340
REQ508305,/api/balance,677.0,200,2026-03-31 12:28:57.222043,
REQ508306,/api/transfer,730.5,200,2026-07-13 20:12:01.225607,
REQ508307,/api/balance,273.3,200,2026-04-03 04:16:25.541755,
REQ508308,/api/kyc/verify,273.0,502,2026-04-18 09:55:30.268876,
REQ508309,/api/transfer,108.9,200,2026-08-05 20:58:56.503678,
REQ508310,/api/kyc/verify,350.7,200,2026-07-29 01:49:50.082006,
REQ508311,/api/statement,259.0,400,2026-04-27 22:03:12.905406,
REQ508312,/api/kyc/verify,741.7,200,2026-05-01 07:36:28.051525,
REQ508313,/api/beneficiary,509.3,200,2026-08-12 15:58:41.374831,
REQ508314,/api/kyc/verify,105.3,200,2026-03-28 17:42:25.472073,
REQ508315,/api/beneficiary,98.4,502,2026-04-03 06:36:46.390237,
REQ508316,/api/kyc/verify,330.6,401,2026-04-01 05:26:28.955135,
REQ508317,/api/login,150.7,200,2026-05-01 07:41:15.670342,
REQ508318,/api/statement,182.3,200,2026-02-22 07:57:29.238981,
REQ508319,/api/statement,43.5,200,2026-04-03 03:04:21.497940,
REQ508320,/api/statement,257.9,200,2026-06-09 11:25:01.986460,
REQ508321,/api/statement,7385.5,200,2026-05-10 05:42:38.358884,
REQ508322,/api/login,486.9,200,2026-05-11 07:16:59.651652,
REQ508323,/api/balance,207.9,200,2026-03-18 11:41:14.898796,
REQ508324,/api/kyc/verify,76.8,200,2026-08-05 20:17:39.007906,
REQ508325,/api/balance,413.8,200,2026-07-02 11:00:42.750075,
REQ508326,/api/beneficiary,45.5,200,2026-08-17 22:53:07.498954,
REQ508327,/api/kyc/verify,3487.3,503,2026-04-26 03:36:55.229292,
REQ508328,/api/login,156.5,200,2026-03-12 07:52:34.209509,
REQ508329,/api/transfer,248.8,200,2026-07-27 00:38:13.647675,
REQ508330,/api/kyc/verify,68.7,200,2026-08-05 00:20:22.273136,
REQ508331,/api/kyc/verify,677.1,500,2026-06-05 13:02:45.756855,
REQ508332,/api/kyc/verify,495.4,200,2026-03-11 10:33:34.448803,
REQ508333,/api/login,92.5,200,2026-05-07 14:30:34.289764,
REQ508334,/api/login,168.3,200,2026-04-13 08:47:30.102249,
REQ508335,/api/balance,222.2,200,2026-08-02 01:56:18.461367,
REQ508336,/api/statement,206.9,200,2026-02-26 13:16:19.131722,
REQ508337,/api/login,118.9,200,2026-04-02 09:19:15.869078,
REQ508338,/api/login,102.2,200,2026-08-17 09:42:23.981277,
REQ508339,/api/transfer,661.0,200,2026-08-10 01:39:31.560183,
REQ508340,/api/statement,261.4,200,2026-03-11 14:16:06.555528,
REQ508341,/api/balance,426.4,200,2026-05-03 17:14:07.000595,
REQ508342,/api/statement,259.3,200,2026-03-18 15:39:13.014028,
REQ508343,/api/kyc/verify,827.6,200,2026-04-07 04:24:33.315965,
REQ508344,/api/balance,392.6,200,2026-02-28 17:36:23.574020,
REQ508345,/api/statement,79.7,200,2026-05-11 15:16:25.041171,
REQ508346,/api/kyc/verify,593.2,429,2026-04-22 17:58:21.180709,
REQ508347,/api/balance,516.4,200,2026-05-11 23:02:02.543642,
REQ508348,/api/login,33.3,200,2026-04-13 13:11:32.704365,
REQ508349,/api/beneficiary,245.3,200,2026-03-17 03:43:51.741659,
REQ508350,/api/beneficiary,35.7,200,2026-05-18 10:06:21.051400,
REQ508351,/api/balance,400.7,200,2026-02-23 00:07:30.884222,
REQ508352,/api/statement,173.1,200,2026-03-14 00:16:45.340263,
REQ508353,/api/transfer,568.6,500,2026-08-06 11:46:52.672385,
REQ508354,/api/kyc/verify,434.8,200,2026-06-04 17:37:36.279999,
REQ508355,/api/balance,403.3,200,2026-08-08 23:11:45.772089,
REQ508356,/api/balance,339.2,200,2026-05-14 03:58:22.039915,
REQ508357,/api/login,373.0,200,2026-08-18 18:12:08.663824,
REQ508358,/api/balance,1677.1,200,2026-08-14 01:45:37.847128,
REQ508359,/api/kyc/verify,920.5,503,2026-05-15 03:10:00.200948,
REQ508360,/api/balance,359.3,200,2026-04-24 10:02:06.763013,
REQ508361,/api/login,104.4,200,2026-03-14 09:54:13.031576,
REQ508362,/api/statement,335.6,200,2026-06-25 04:15:41.203187,
REQ508363,/api/statement,129.1,504,2026-04-21 07:35:36.509065,INC405700
REQ508364,/api/beneficiary,54.4,200,2026-08-15 17:21:27.959819,
REQ508365,/api/login,478.4,200,2026-07-29 00:43:53.061942,
REQ508366,/api/statement,655.0,200,2026-02-22 10:04:07.519264,
REQ508367,/api/transfer,27.2,200,2026-05-11 03:51:00.653676,
REQ508368,/api/statement,62.5,401,2026-05-08 16:21:57.162532,
REQ508369,/api/transfer,552.3,200,2026-03-11 06:30:44.432764,
REQ508370,/api/transfer,213.7,200,2026-05-03 11:40:19.244053,
REQ508371,/api/transfer,34.0,401,2026-06-16 09:10:32.228194,
REQ508372,/api/beneficiary,352.6,200,2026-04-26 22:38:39.344066,
REQ508373,/api/balance,54.6,200,2026-03-19 01:11:10.557138,
REQ508374,/api/balance,5217.8,200,2026-03-05 14:12:36.515081,
REQ508375,/api/transfer,257.6,200,2026-07-08 11:12:41.556591,
REQ508376,/api/login,34.0,429,2026-05-13 22:07:02.246387,
REQ508377,/api/beneficiary,331.1,200,2026-05-24 04:51:10.252432,
REQ508378,/api/transfer,86.5,200,2026-03-22 15:42:47.223566,
REQ508379,/api/balance,63.0,200,2026-08-13 22:40:52.085233,
REQ508380,/api/transfer,220.9,200,2026-04-11 18:51:09.509353,
REQ508381,/api/balance,174.4,200,2026-06-03 23:00:59.133638,
REQ508382,/api/kyc/verify,263.2,200,2026-04-12 23:45:25.178261,
REQ508383,/api/transfer,602.6,200,2026-05-14 19:12:58.465598,
REQ508384,/api/balance,417.7,200,2026-06-05 11:59:21.794225,
REQ508385,/api/login,457.2,200,2026-08-08 20:19:17.486596,
REQ508386,/api/balance,289.6,200,2026-08-09 21:56:20.011293,
REQ508387,/api/transfer,115.2,200,2026-06-03 20:48:10.288946,
REQ508388,/api/transfer,189.7,200,2026-06-14 23:35:45.646494,
REQ508389,/api/statement,75.4,200,2026-05-01 18:44:11.658011,
REQ508390,/api/beneficiary,497.2,400,2026-02-23 04:25:42.807392,
REQ508391,/api/transfer,678.5,201,2026-03-15 11:02:32.489938,
REQ508392,/api/statement,145.3,200,2026-06-10 23:21:03.324652,
REQ508393,/api/beneficiary,89.9,200,2026-07-16 06:24:04.352870,
REQ508394,/api/login,439.8,200,2026-06-07 04:49:41.224993,
REQ508395,/api/beneficiary,476.5,429,2026-07-28 04:28:10.115471,
REQ508396,/api/statement,300.6,200,2026-08-05 15:19:47.237125,
REQ508397,/api/beneficiary,213.9,200,2026-07-27 20:31:16.627207,
REQ508398,/api/statement,385.2,200,2026-05-17 09:08:58.718580,
REQ508399,/api/statement,203.1,200,2026-05-02 06:59:48.220679,
REQ508400,/api/statement,101.7,200,2026-07-09 22:59:38.446023,
REQ508401,/api/statement,394.6,200,2026-07-08 21:01:19.570606,
REQ508402,/api/transfer,160.8,500,2026-03-17 01:37:07.637274,INC406957
REQ508403,/api/transfer,245.1,200,2026-07-21 18:36:51.444701,
REQ508404,/api/beneficiary,80.1,200,2026-07-19 00:01:07.059326,
REQ508405,/api/kyc/verify,93.7,200,2026-04-04 00:03:19.472074,
REQ508406,/api/balance,151.7,200,2026-08-08 22:26:36.456621,
REQ508407,/api/balance,116.0,200,2026-07-12 04:49:28.053989,
REQ508408,/api/statement,167.1,400,2026-07-19 22:49:35.189286,
REQ508409,/api/statement,507.6,200,2026-05-08 12:32:35.230036,
REQ508410,/api/kyc/verify,179.2,502,2026-03-07 01:14:36.751253,INC406482
REQ508411,/api/balance,232.6,200,2026-08-16 12:47:00.862190,
REQ508412,/api/balance,443.0,200,2026-04-13 07:00:50.315695,
REQ508413,/api/login,282.3,200,2026-03-12 20:23:44.550345,
REQ508414,/api/transfer,359.6,200,2026-05-17 16:41:10.570667,
REQ508415,/api/balance,219.0,400,2026-07-06 10:21:47.629142,
REQ508416,/api/login,204.4,200,2026-07-12 14:51:33.766588,
REQ508417,/api/statement,766.9,200,2026-05-09 08:33:34.356574,
REQ508418,/api/beneficiary,509.9,200,2026-06-15 21:05:09.235596,
REQ508419,/api/balance,332.6,200,2026-06-03 16:59:27.796444,
REQ508420,/api/statement,74.8,200,2026-05-11 17:54:37.705856,
REQ508421,/api/beneficiary,145.7,200,2026-04-01 05:55:35.859697,
REQ508422,/api/beneficiary,171.9,200,2026-03-28 17:08:38.111671,
REQ508423,/api/beneficiary,489.3,504,2026-08-12 21:50:29.257634,
REQ508424,/api/beneficiary,158.2,200,2026-04-19 21:20:25.945474,
REQ508425,/api/kyc/verify,357.3,200,2026-07-18 11:04:25.282704,
REQ508426,/api/statement,87.0,200,2026-05-16 05:34:37.223030,
REQ508427,/api/beneficiary,231.8,201,2026-07-30 18:28:09.912010,
REQ508428,/api/beneficiary,153.1,200,2026-06-21 08:17:01.136310,
REQ508429,/api/statement,99.0,503,2026-07-31 14:55:38.642451,INC406446
REQ508430,/api/transfer,243.8,500,2026-07-21 16:31:11.738811,
REQ508431,/api/beneficiary,102.1,200,2026-05-07 08:05:17.370467,
REQ508432,/api/transfer,187.1,200,2026-03-28 21:58:39.324291,
REQ508433,/api/transfer,230.4,200,2026-04-18 03:34:02.367361,
REQ508434,/api/statement,192.3,200,2026-08-01 03:09:10.662973,
REQ508435,/api/kyc/verify,234.9,200,2026-08-17 20:01:07.702120,
REQ508436,/api/transfer,170.1,200,2026-03-27 07:35:58.658273,
REQ508437,/api/login,17.4,200,2026-03-23 15:28:22.163336,
REQ508438,/api/kyc/verify,763.5,200,2026-06-28 09:39:03.799972,
REQ508439,/api/kyc/verify,362.8,503,2026-05-16 23:31:49.765014,
REQ508440,/api/login,534.9,401,2026-06-23 21:06:20.042863,
REQ508441,/api/transfer,315.3,200,2026-04-15 04:53:57.882489,
REQ508442,/api/transfer,367.7,200,2026-08-06 02:34:46.814002,
REQ508443,/api/statement,231.4,200,2026-04-29 18:27:36.076660,
REQ508444,/api/beneficiary,360.5,200,2026-03-24 00:41:06.655751,
REQ508445,/api/login,161.3,200,2026-03-17 17:29:30.323724,
REQ508446,/api/beneficiary,328.3,200,2026-06-09 04:02:57.975784,
REQ508447,/api/statement,182.0,200,2026-02-25 15:27:12.355104,
REQ508448,/api/login,220.8,200,2026-04-05 15:57:54.257246,
REQ508449,/api/beneficiary,261.5,200,2026-04-16 04:33:13.268398,
REQ508450,/api/balance,141.8,200,2026-06-28 12:04:02.802406,
REQ508451,/api/transfer,426.8,200,2026-06-30 09:17:01.537428,
REQ508452,/api/login,390.0,200,2026-05-04 00:42:01.866294,
REQ508453,/api/kyc/verify,209.0,502,2026-06-03 19:38:13.505763,INC409772
REQ508454,/api/balance,366.4,200,2026-06-29 15:52:33.497670,
REQ508455,/api/kyc/verify,66.1,200,2026-04-06 06:44:14.043158,
REQ508456,/api/beneficiary,172.2,200,2026-04-05 17:26:59.337397,
REQ508457,/api/kyc/verify,1201.8,200,2026-03-30 11:55:05.547525,
REQ508458,/api/kyc/verify,33.2,200,2026-07-28 13:14:17.457934,
REQ508459,/api/login,880.8,200,2026-06-23 23:38:17.375515,
REQ508460,/api/kyc/verify,174.7,200,2026-05-16 03:12:50.093039,
REQ508461,/api/login,359.7,502,2026-03-29 05:50:05.626080,
REQ508462,/api/balance,388.7,200,2026-07-17 04:29:19.825455,
REQ508463,/api/balance,415.9,400,2026-06-10 07:12:32.966709,
REQ508464,/api/kyc/verify,508.1,200,2026-07-08 23:28:45.310522,
REQ508465,/api/login,309.0,200,2026-07-11 18:57:45.703052,
REQ508466,/api/balance,265.9,200,2026-03-29 16:18:14.226296,
REQ508467,/api/statement,200.9,200,2026-04-25 20:38:02.071159,
REQ508468,/api/statement,152.6,503,2026-05-24 12:13:34.735107,INC405342
REQ508469,/api/balance,85.4,200,2026-04-14 16:04:40.435223,
REQ508470,/api/login,105.9,503,2026-07-10 23:15:38.693427,INC408001
REQ508471,/api/beneficiary,334.3,200,2026-07-19 18:21:05.004537,
REQ508472,/api/balance,107.4,200,2026-02-26 00:53:41.274808,
REQ508473,/api/transfer,139.8,200,2026-05-18 02:39:50.345294,
REQ508474,/api/kyc/verify,146.9,200,2026-03-26 04:09:42.030167,
REQ508475,/api/kyc/verify,667.2,200,2026-03-09 16:52:00.818877,
REQ508476,/api/beneficiary,364.9,200,2026-05-24 06:25:17.050403,
REQ508477,/api/transfer,388.2,200,2026-07-10 10:43:43.967128,
REQ508478,/api/beneficiary,436.8,200,2026-06-12 02:17:33.243347,
REQ508479,/api/statement,222.9,200,2026-05-17 18:09:28.781080,
REQ508480,/api/kyc/verify,983.0,200,2026-04-12 06:58:24.740050,
REQ508481,/api/transfer,165.9,200,2026-06-15 03:33:48.950827,
REQ508482,/api/statement,731.6,200,2026-05-15 05:23:51.766502,
REQ508483,/api/beneficiary,1107.3,200,2026-02-24 04:10:56.182023,
REQ508484,/api/kyc/verify,206.9,200,2026-04-10 19:36:39.683140,
REQ508485,/api/login,630.7,200,2026-06-06 15:48:19.324547,
REQ508486,/api/balance,266.6,200,2026-07-23 09:47:30.246418,
REQ508487,/api/beneficiary,165.8,200,2026-04-21 22:05:47.955497,
REQ508488,/api/login,226.9,200,2026-08-13 21:58:44.302584,
REQ508489,/api/login,192.0,429,2026-07-01 15:14:35.778430,
REQ508490,/api/beneficiary,235.2,500,2026-04-22 08:26:06.707835,INC409350
REQ508491,/api/transfer,4520.3,200,2026-08-13 18:01:25.284898,
REQ508492,/api/kyc/verify,123.0,200,2026-03-22 19:11:55.235039,
REQ508493,/api/balance,271.5,201,2026-05-17 07:45:49.193137,
REQ508494,/api/beneficiary,305.7,200,2026-03-03 20:55:12.880733,
REQ508495,/api/statement,328.7,200,2026-05-14 03:13:00.309508,
REQ508496,/api/beneficiary,119.6,200,2026-06-29 02:43:06.151302,
REQ508497,/api/kyc/verify,54.4,200,2026-08-17 06:42:30.836790,
REQ508498,/api/balance,884.0,200,2026-06-13 00:34:07.429788,
REQ508499,/api/login,104.8,200,2026-02-21 15:39:57.345865,
REQ508500,/api/statement,334.2,200,2026-06-04 21:32:46.723792,
REQ508501,/api/beneficiary,256.5,200,2026-02-23 23:53:50.118761,
REQ508502,/api/statement,215.6,500,2026-05-05 23:21:55.597542,
REQ508503,/api/transfer,391.0,200,2026-06-01 18:35:52.928677,
REQ508504,/api/statement,123.8,200,2026-04-10 19:39:51.904454,
REQ508505,/api/balance,282.6,200,2026-07-12 19:13:27.983709,
REQ508506,/api/transfer,90.2,500,2026-03-04 12:11:02.693208,INC406079
REQ508507,/api/beneficiary,325.6,200,2026-07-21 05:16:18.899306,
REQ508508,/api/login,225.2,200,2026-05-26 16:31:08.700248,
REQ508509,/api/beneficiary,127.8,200,2026-07-28 23:33:21.910544,
REQ508510,/api/transfer,58.1,200,2026-05-14 00:23:57.826966,
REQ508511,/api/login,434.5,200,2026-06-05 08:08:53.274953,
REQ508512,/api/transfer,204.7,200,2026-04-02 22:18:42.058274,
REQ508513,/api/beneficiary,213.1,200,2026-06-02 10:34:31.499012,
REQ508514,/api/login,229.5,201,2026-05-10 13:24:30.877341,
REQ508515,/api/balance,593.9,200,2026-06-26 18:14:02.424830,
REQ508516,/api/statement,23.7,201,2026-04-08 12:43:49.126261,
REQ508517,/api/balance,264.8,200,2026-06-10 17:52:48.356924,
REQ508518,/api/beneficiary,624.9,200,2026-06-09 13:01:29.378161,
REQ508519,/api/transfer,794.2,200,2026-07-03 03:55:04.409730,
REQ508520,/api/statement,118.9,200,2026-03-21 08:08:05.380163,
REQ508521,/api/beneficiary,407.9,200,2026-07-23 16:56:38.909075,
REQ508522,/api/login,719.3,200,2026-04-24 12:42:52.706576,
REQ508523,/api/kyc/verify,78.6,503,2026-03-08 10:26:31.660763,INC409061
REQ508524,/api/beneficiary,46.5,200,2026-05-06 18:40:31.333808,
REQ508525,/api/login,186.5,200,2026-04-27 16:02:22.544540,
REQ508526,/api/balance,542.4,200,2026-03-31 02:53:43.614788,
REQ508527,/api/balance,668.3,200,2026-05-22 10:38:27.529864,
REQ508528,/api/transfer,525.2,200,2026-07-15 11:58:37.362833,
REQ508529,/api/login,276.9,400,2026-07-21 09:57:01.461407,
REQ508530,/api/statement,97.4,200,2026-03-31 13:57:50.845000,
REQ508531,/api/transfer,117.4,200,2026-04-09 12:40:57.614576,
REQ508532,/api/kyc/verify,231.1,200,2026-03-15 19:12:50.042987,
REQ508533,/api/balance,130.8,200,2026-07-24 22:55:25.137444,
REQ508534,/api/balance,63.9,200,2026-05-29 08:07:11.173768,
REQ508535,/api/beneficiary,544.8,200,2026-07-07 21:16:56.419529,
REQ508536,/api/balance,370.4,200,2026-05-17 09:02:17.550412,
REQ508537,/api/transfer,291.2,200,2026-04-05 20:11:24.934635,
REQ508538,/api/transfer,33.9,200,2026-06-07 13:37:18.724905,
REQ508539,/api/beneficiary,269.6,200,2026-06-19 23:28:39.206178,
REQ508540,/api/statement,326.4,200,2026-07-15 15:03:27.703924,
REQ508541,/api/kyc/verify,283.3,200,2026-06-03 13:46:48.762307,
REQ508542,/api/login,601.8,200,2026-02-21 06:34:48.041542,
REQ508543,/api/login,546.5,503,2026-06-30 23:37:06.021935,
REQ508544,/api/kyc/verify,344.8,200,2026-07-16 23:54:56.640292,
REQ508545,/api/beneficiary,242.9,200,2026-02-28 14:51:41.960251,
REQ508546,/api/balance,197.3,200,2026-02-22 10:47:07.218275,
REQ508547,/api/kyc/verify,151.1,200,2026-07-19 03:33:26.761958,
REQ508548,/api/balance,111.7,503,2026-03-23 20:42:25.913065,INC406520
REQ508549,/api/beneficiary,194.8,200,2026-08-09 03:48:23.720665,
REQ508550,/api/login,158.1,200,2026-06-26 10:57:14.774937,
REQ508551,/api/statement,299.0,200,2026-03-22 15:15:45.613552,
REQ508552,/api/beneficiary,473.4,200,2026-05-26 02:05:38.550297,
REQ508553,/api/kyc/verify,103.8,429,2026-07-22 18:36:42.876456,
REQ508554,/api/transfer,1159.3,200,2026-05-26 05:17:45.926832,
REQ508555,/api/beneficiary,120.5,200,2026-05-21 09:11:15.906994,
REQ508556,/api/beneficiary,256.2,201,2026-04-06 00:45:24.659743,
REQ508557,/api/transfer,198.0,200,2026-06-20 03:27:14.871579,
REQ508558,/api/login,720.4,200,2026-04-30 09:30:53.851007,
REQ508559,/api/beneficiary,229.6,200,2026-07-16 06:49:39.775200,
REQ508560,/api/beneficiary,50.8,200,2026-06-03 23:54:22.187531,
REQ508561,/api/balance,381.4,200,2026-07-28 08:42:24.410296,
REQ508562,/api/transfer,241.3,200,2026-05-08 13:17:29.286424,
REQ508563,/api/beneficiary,247.0,200,2026-04-20 09:02:06.116564,
REQ508564,/api/login,184.7,200,2026-06-07 11:34:53.020270,
REQ508565,/api/login,690.8,200,2026-05-03 12:59:55.469825,
REQ508566,/api/kyc/verify,476.0,500,2026-07-27 10:14:32.856055,
REQ508567,/api/transfer,145.0,200,2026-04-07 22:23:47.019429,
REQ508568,/api/beneficiary,77.2,200,2026-05-26 07:37:31.982251,
REQ508569,/api/transfer,119.1,200,2026-08-09 18:04:55.282197,
REQ508570,/api/balance,111.7,200,2026-07-03 10:24:18.512782,
REQ508571,/api/statement,385.9,200,2026-02-25 22:20:24.904046,
REQ508572,/api/balance,315.0,200,2026-04-04 09:31:39.145336,
REQ508573,/api/login,534.8,200,2026-02-27 08:27:50.759540,
REQ508574,/api/kyc/verify,486.7,201,2026-05-20 11:45:40.516571,
REQ508575,/api/balance,70.9,200,2026-04-15 11:53:59.878783,
REQ508576,/api/login,205.4,200,2026-04-10 06:30:53.786536,
REQ508577,/api/balance,590.6,504,2026-06-20 02:59:33.768788,INC405524
REQ508578,/api/balance,328.8,502,2026-07-15 18:52:43.029622,INC405067
REQ508579,/api/beneficiary,237.8,200,2026-07-27 06:30:02.573888,
REQ508580,/api/transfer,288.9,200,2026-06-28 16:42:17.010628,
REQ508581,/api/transfer,53.4,200,2026-08-07 00:47:20.335220,
REQ508582,/api/transfer,162.1,200,2026-03-28 10:31:12.712265,
REQ508583,/api/kyc/verify,8297.5,200,2026-07-23 23:49:58.079792,
REQ508584,/api/beneficiary,145.4,200,2026-04-12 23:17:42.160366,
REQ508585,/api/statement,44.8,200,2026-06-14 12:37:22.368156,
REQ508586,/api/login,656.7,200,2026-04-03 08:00:36.140936,
REQ508587,/api/transfer,590.5,200,2026-05-22 07:32:09.499791,
REQ508588,/api/balance,675.3,502,2026-04-18 12:50:35.883708,
REQ508589,/api/beneficiary,122.2,200,2026-08-03 07:29:33.788120,
REQ508590,/api/login,59.6,200,2026-04-01 01:02:38.355529,
REQ508591,/api/transfer,195.5,503,2026-08-02 22:39:39.339035,INC409241
REQ508592,/api/login,238.1,200,2026-05-02 21:46:24.633632,
REQ508593,/api/login,224.6,200,2026-07-29 09:12:12.152842,
REQ508594,/api/login,659.1,200,2026-05-11 17:23:12.256380,
REQ508595,/api/transfer,1221.6,200,2026-08-07 21:34:41.556252,
REQ508596,/api/transfer,125.1,200,2026-06-20 19:19:56.474703,
REQ508597,/api/login,380.6,200,2026-05-31 20:44:27.649803,
REQ508598,/api/balance,403.1,200,2026-07-15 17:15:16.373941,
REQ508599,/api/login,69.6,201,2026-05-08 14:19:55.584927,
REQ508600,/api/kyc/verify,678.1,400,2026-04-28 22:11:28.565057,
REQ508601,/api/beneficiary,103.6,200,2026-07-07 02:18:45.464481,
REQ508602,/api/beneficiary,211.9,200,2026-03-24 10:32:19.950725,
REQ508603,/api/beneficiary,468.2,200,2026-07-08 00:45:27.209783,
REQ508604,/api/kyc/verify,284.6,200,2026-04-22 07:33:01.569617,
REQ508605,/api/beneficiary,210.7,200,2026-05-04 01:16:56.959775,
REQ508606,/api/kyc/verify,61.1,200,2026-03-03 13:41:12.027421,
REQ508607,/api/kyc/verify,478.6,200,2026-05-22 10:32:57.697333,
REQ508608,/api/kyc/verify,132.0,429,2026-04-01 08:28:19.396225,
REQ508609,/api/beneficiary,134.9,200,2026-04-15 23:13:15.304143,
REQ508610,/api/login,103.2,200,2026-06-20 16:03:11.013417,
REQ508611,/api/beneficiary,305.8,200,2026-05-09 00:31:59.622079,
REQ508612,/api/kyc/verify,23.2,200,2026-07-23 08:38:09.805655,
REQ508613,/api/statement,27.7,200,2026-08-14 10:43:40.697504,
REQ508614,/api/login,363.8,200,2026-05-17 04:29:10.182944,
REQ508615,/api/kyc/verify,89.2,200,2026-06-12 00:04:06.290714,
REQ508616,/api/transfer,161.1,504,2026-07-09 20:33:40.551869,
REQ508617,/api/kyc/verify,160.3,200,2026-07-04 21:00:16.490598,
REQ508618,/api/statement,57.4,200,2026-07-29 16:29:12.748871,
REQ508619,/api/transfer,5071.0,200,2026-06-15 18:06:37.792761,
REQ508620,/api/beneficiary,512.4,200,2026-05-28 15:47:44.180897,
REQ508621,/api/transfer,71.9,200,2026-06-20 16:06:25.045555,
REQ508622,/api/balance,218.5,200,2026-03-01 03:06:43.181804,
REQ508623,/api/login,153.4,200,2026-04-01 16:19:19.818648,
REQ508624,/api/login,63.1,200,2026-05-07 19:08:22.576095,
REQ508625,/api/transfer,379.6,200,2026-04-09 11:05:53.029328,
REQ508626,/api/beneficiary,72.6,200,2026-03-18 19:18:19.958608,
REQ508627,/api/statement,4565.5,200,2026-07-24 16:16:11.434622,
REQ508628,/api/balance,356.9,200,2026-03-24 19:33:22.399195,
REQ508629,/api/transfer,382.9,200,2026-07-20 06:17:30.590178,
REQ508630,/api/balance,332.0,200,2026-05-18 07:37:49.038676,
REQ508631,/api/statement,241.2,401,2026-07-28 15:25:50.243290,
REQ508632,/api/balance,147.4,200,2026-05-10 09:23:01.037112,
REQ508633,/api/transfer,528.9,200,2026-06-25 22:56:19.481452,
REQ508634,/api/kyc/verify,209.3,200,2026-04-03 16:19:06.835539,
REQ508635,/api/balance,324.9,200,2026-03-28 21:03:45.898339,
REQ508636,/api/balance,171.4,503,2026-06-25 23:38:57.475554,INC402927
REQ508637,/api/statement,347.2,200,2026-05-29 20:40:49.493924,
REQ508638,/api/kyc/verify,541.9,200,2026-03-18 21:50:50.899056,
REQ508639,/api/kyc/verify,118.7,200,2026-07-19 13:03:53.201997,
REQ508640,/api/login,840.1,200,2026-03-03 04:15:15.143200,
REQ508641,/api/statement,152.3,200,2026-07-30 10:44:54.587316,
REQ508642,/api/login,584.3,200,2026-05-21 16:59:25.470972,
REQ508643,/api/transfer,234.7,200,2026-03-26 02:16:13.670267,
REQ508644,/api/balance,188.7,200,2026-08-19 13:31:36.155165,
REQ508645,/api/beneficiary,165.3,200,2026-07-26 16:42:56.281375,
REQ508646,/api/beneficiary,363.0,200,2026-04-01 23:43:07.621997,
REQ508647,/api/beneficiary,310.8,200,2026-08-08 22:48:01.388542,
REQ508648,/api/beneficiary,128.1,200,2026-07-13 12:35:40.517180,
REQ508649,/api/kyc/verify,293.5,200,2026-05-22 20:39:15.391686,
REQ508650,/api/beneficiary,43.0,200,2026-08-16 19:55:24.082351,
REQ508651,/api/login,374.1,200,2026-07-03 17:45:32.797496,
REQ508652,/api/transfer,417.6,200,2026-06-11 00:10:00.400624,
REQ508653,/api/balance,454.7,200,2026-03-07 02:31:24.873728,
REQ508654,/api/kyc/verify,500.8,200,2026-03-08 14:48:51.307006,
REQ508655,/api/beneficiary,909.8,200,2026-06-02 09:15:52.556677,
REQ508656,/api/balance,368.1,200,2026-03-13 09:26:33.448459,
REQ508657,/api/login,427.9,200,2026-04-04 07:23:59.659450,
REQ508658,/api/beneficiary,432.4,200,2026-04-14 01:15:04.668469,
REQ508659,/api/login,638.4,200,2026-04-17 08:31:02.039777,
REQ508660,/api/kyc/verify,99.4,429,2026-05-17 21:29:27.259962,
REQ508661,/api/kyc/verify,167.8,400,2026-04-05 04:41:48.503624,
REQ508662,/api/balance,245.9,200,2026-08-06 21:46:55.083507,
REQ508663,/api/statement,201.7,200,2026-03-02 01:27:46.943694,
REQ508664,/api/beneficiary,6263.1,200,2026-04-11 19:58:07.602485,
REQ508665,/api/kyc/verify,210.9,201,2026-03-26 02:16:18.276993,
REQ508666,/api/login,379.3,200,2026-08-16 11:12:36.068227,
REQ508667,/api/beneficiary,138.7,200,2026-05-17 07:44:17.440214,
REQ508668,/api/transfer,446.6,200,2026-07-14 04:54:30.801995,
REQ508669,/api/kyc/verify,143.9,200,2026-04-15 17:56:23.396327,
REQ508670,/api/balance,220.8,200,2026-03-17 03:52:31.884836,
REQ508671,/api/beneficiary,802.7,200,2026-03-05 19:32:34.387858,
REQ508672,/api/balance,658.9,200,2026-05-07 11:10:46.608047,
REQ508673,/api/transfer,565.5,429,2026-03-31 22:57:37.796304,
REQ508674,/api/beneficiary,553.3,200,2026-05-29 03:49:21.483681,
REQ508675,/api/statement,817.7,200,2026-07-15 17:19:19.045239,
REQ508676,/api/login,205.3,200,2026-05-31 22:18:53.685628,
REQ508677,/api/transfer,201.7,200,2026-04-06 03:34:00.949732,
REQ508678,/api/statement,77.5,200,2026-07-06 02:35:33.681342,
REQ508679,/api/transfer,176.8,200,2026-02-22 05:30:39.415854,
REQ508680,/api/statement,430.2,200,2026-05-17 10:15:59.045196,
REQ508681,/api/transfer,122.9,200,2026-06-05 01:09:50.994963,
REQ508682,/api/statement,374.4,200,2026-06-19 21:43:03.942042,
REQ508683,/api/statement,552.8,200,2026-06-05 03:58:47.278479,
REQ508684,/api/statement,63.5,200,2026-06-15 01:22:18.550883,
REQ508685,/api/login,200.8,200,2026-03-17 09:24:44.913903,
REQ508686,/api/kyc/verify,180.6,200,2026-05-07 08:44:17.833171,
REQ508687,/api/kyc/verify,420.2,200,2026-07-12 21:32:32.027539,
REQ508688,/api/kyc/verify,568.7,200,2026-05-31 21:02:17.411064,
REQ508689,/api/beneficiary,80.5,200,2026-03-25 13:08:44.610232,
REQ508690,/api/beneficiary,178.3,400,2026-05-28 08:18:41.578899,
REQ508691,/api/statement,180.3,200,2026-04-26 14:24:39.177600,
REQ508692,/api/login,239.4,201,2026-05-24 16:36:35.247480,
REQ508693,/api/beneficiary,318.8,200,2026-06-03 05:44:33.677104,
REQ508694,/api/beneficiary,108.5,401,2026-02-28 16:09:42.129577,
REQ508695,/api/login,399.0,200,2026-04-02 04:01:03.901875,
REQ508696,/api/transfer,147.0,200,2026-08-10 09:44:39.696155,
REQ508697,/api/beneficiary,204.0,200,2026-04-05 10:14:24.792397,
REQ508698,/api/statement,114.8,200,2026-07-12 12:46:02.212417,
REQ508699,/api/transfer,5562.9,500,2026-05-12 03:13:33.670911,INC401491
REQ508700,/api/beneficiary,223.2,200,2026-03-14 10:37:41.787850,
REQ508701,/api/kyc/verify,212.2,200,2026-06-30 00:07:47.230190,
REQ508702,/api/statement,259.0,200,2026-03-14 01:11:44.580175,
REQ508703,/api/transfer,342.6,200,2026-05-06 20:41:32.530402,
REQ508704,/api/login,91.8,200,2026-03-04 16:55:49.986574,
REQ508705,/api/beneficiary,362.0,200,2026-08-12 05:35:45.307116,
REQ508706,/api/kyc/verify,494.0,500,2026-06-21 05:25:53.050622,INC404315
REQ508707,/api/kyc/verify,635.8,200,2026-05-31 03:52:40.427966,
REQ508708,/api/balance,359.1,400,2026-03-28 17:55:17.360209,
REQ508709,/api/kyc/verify,323.2,200,2026-04-12 16:19:02.766951,
REQ508710,/api/login,293.3,200,2026-04-28 17:13:06.721844,
REQ508711,/api/transfer,655.0,200,2026-08-06 02:51:45.744771,
REQ508712,/api/beneficiary,394.2,401,2026-06-29 15:03:03.252451,
REQ508713,/api/transfer,257.0,200,2026-04-13 10:06:32.559239,
REQ508714,/api/kyc/verify,361.0,200,2026-05-20 15:17:51.194934,
REQ508715,/api/kyc/verify,375.7,200,2026-08-09 12:34:02.054836,
REQ508716,/api/kyc/verify,126.6,200,2026-07-13 07:57:44.045887,
REQ508717,/api/transfer,442.2,200,2026-03-31 16:53:01.691737,
REQ508718,/api/kyc/verify,148.9,200,2026-04-11 03:59:12.062807,
REQ508719,/api/statement,10.7,200,2026-04-22 09:56:08.704858,
REQ508720,/api/balance,553.8,200,2026-06-12 14:36:52.589770,
REQ508721,/api/statement,249.4,200,2026-02-21 04:02:38.746224,
REQ508722,/api/transfer,490.5,503,2026-07-30 17:38:53.737976,INC406243
REQ508723,/api/statement,121.5,200,2026-06-01 14:27:25.946856,
REQ508724,/api/balance,67.2,200,2026-04-21 08:29:22.016171,
REQ508725,/api/login,27.3,200,2026-03-26 05:39:42.124703,
REQ508726,/api/kyc/verify,402.7,200,2026-04-17 10:02:56.533215,
REQ508727,/api/balance,414.5,200,2026-05-19 20:17:14.332069,
REQ508728,/api/balance,266.6,200,2026-06-30 18:51:03.097054,
REQ508729,/api/transfer,401.3,200,2026-04-07 20:23:20.335305,
REQ508730,/api/statement,4403.7,200,2026-05-13 07:45:34.575683,
REQ508731,/api/statement,100.5,201,2026-03-28 11:57:51.386777,
REQ508732,/api/statement,408.8,200,2026-03-07 09:58:15.393723,
REQ508733,/api/balance,262.6,200,2026-03-27 05:00:07.467326,
REQ508734,/api/balance,554.7,200,2026-07-21 14:17:53.093379,
REQ508735,/api/login,204.8,200,2026-08-07 03:46:17.995290,
REQ508736,/api/kyc/verify,36.4,200,2026-07-18 05:27:11.450809,
REQ508737,/api/beneficiary,550.6,200,2026-06-03 11:05:39.606930,
REQ508738,/api/statement,377.9,200,2026-08-13 09:49:00.482122,
REQ508739,/api/statement,216.7,200,2026-04-19 14:03:18.359111,
REQ508740,/api/transfer,173.0,200,2026-08-08 12:10:22.165057,
REQ508741,/api/beneficiary,351.2,200,2026-07-15 16:49:07.004131,
REQ508742,/api/beneficiary,482.8,200,2026-03-10 15:36:14.878431,
REQ508743,/api/login,383.8,200,2026-04-19 19:23:48.403607,
REQ508744,/api/beneficiary,251.3,200,2026-06-15 21:40:05.109372,
REQ508745,/api/statement,250.5,201,2026-03-28 00:18:34.425405,
REQ508746,/api/login,640.9,200,2026-04-24 01:46:18.543583,
REQ508747,/api/statement,430.4,200,2026-06-17 05:22:14.156488,
REQ508748,/api/transfer,350.0,200,2026-04-18 03:32:46.970321,
REQ508749,/api/login,541.3,200,2026-07-20 11:34:12.314005,
REQ508750,/api/beneficiary,361.8,200,2026-05-04 20:53:00.417190,
REQ508751,/api/balance,10.3,200,2026-03-14 23:41:49.642909,
REQ508752,/api/beneficiary,987.2,200,2026-06-02 12:50:07.116596,
REQ508753,/api/beneficiary,896.6,200,2026-03-22 10:08:31.957374,
REQ508754,/api/balance,88.6,200,2026-06-15 16:54:58.186411,
REQ508755,/api/kyc/verify,551.8,200,2026-07-27 18:04:03.396811,
REQ508756,/api/transfer,254.8,200,2026-06-21 20:33:30.970503,
REQ508757,/api/login,104.1,200,2026-07-04 11:34:47.292478,
REQ508758,/api/balance,408.6,200,2026-08-12 20:10:15.640572,
REQ508759,/api/beneficiary,423.2,200,2026-06-26 12:38:58.217853,
REQ508760,/api/login,251.2,200,2026-04-06 20:29:00.425264,
REQ508761,/api/statement,592.3,200,2026-06-15 10:26:11.961759,
REQ508762,/api/login,63.4,200,2026-06-14 12:56:57.744875,
REQ508763,/api/kyc/verify,93.7,200,2026-04-02 18:52:31.457323,
REQ508764,/api/balance,221.0,200,2026-04-29 18:11:01.905822,
REQ508765,/api/kyc/verify,204.7,200,2026-05-15 02:04:18.095910,
REQ508766,/api/login,74.7,200,2026-03-20 00:12:03.583444,
REQ508767,/api/beneficiary,15.9,200,2026-07-10 08:52:54.588404,
REQ508768,/api/statement,124.5,200,2026-06-15 20:41:47.608867,
REQ508769,/api/statement,142.6,201,2026-07-29 11:08:10.639590,
REQ508770,/api/statement,699.3,200,2026-05-03 03:06:14.953435,
REQ508771,/api/kyc/verify,588.1,502,2026-04-23 08:44:43.120609,
REQ508772,/api/kyc/verify,191.4,200,2026-05-25 12:17:33.183091,
REQ508773,/api/statement,215.5,200,2026-04-17 15:11:48.631568,
REQ508774,/api/beneficiary,307.6,200,2026-08-07 04:45:38.728561,
REQ508775,/api/beneficiary,56.8,200,2026-07-07 06:30:06.242289,
REQ508776,/api/beneficiary,169.3,200,2026-08-14 11:38:39.154181,
REQ508777,/api/statement,155.1,200,2026-06-14 05:24:13.255407,
REQ508778,/api/kyc/verify,548.2,200,2026-06-03 09:19:02.447810,
REQ508779,/api/kyc/verify,175.7,200,2026-07-30 10:23:19.311351,
REQ508780,/api/kyc/verify,145.7,200,2026-03-16 05:33:36.168192,
REQ508781,/api/statement,323.7,200,2026-04-23 21:54:15.496042,
REQ508782,/api/kyc/verify,456.0,200,2026-03-05 10:11:55.792887,
REQ508783,/api/login,152.9,200,2026-06-23 22:15:30.537261,
REQ508784,/api/transfer,576.5,200,2026-03-18 15:18:08.361469,
REQ508785,/api/balance,238.9,503,2026-02-25 10:30:32.367680,
REQ508786,/api/transfer,714.8,200,2026-03-02 06:38:18.122408,
REQ508787,/api/login,11.3,200,2026-08-04 07:29:38.067063,
REQ508788,/api/beneficiary,234.6,500,2026-04-20 22:28:28.874419,INC406671
REQ508789,/api/login,732.5,200,2026-07-01 11:40:05.916021,
REQ508790,/api/transfer,60.2,200,2026-04-07 08:23:59.025237,
REQ508791,/api/transfer,13.8,200,2026-06-11 21:41:37.894871,
REQ508792,/api/beneficiary,288.6,200,2026-04-21 18:30:13.254974,
REQ508793,/api/statement,505.1,200,2026-04-25 04:17:19.111347,
REQ508794,/api/kyc/verify,208.3,200,2026-03-24 08:42:56.300247,
REQ508795,/api/balance,445.2,200,2026-07-02 11:49:16.210384,
REQ508796,/api/balance,391.7,200,2026-06-07 21:09:49.494713,
REQ508797,/api/beneficiary,119.7,200,2026-03-11 23:04:45.615269,
REQ508798,/api/statement,641.0,200,2026-03-10 13:52:26.706315,
REQ508799,/api/login,123.8,200,2026-07-18 03:15:22.442967,
REQ508800,/api/balance,73.9,200,2026-05-28 15:27:23.371347,
REQ508801,/api/beneficiary,88.5,200,2026-06-08 17:14:11.087816,
REQ508802,/api/kyc/verify,181.3,200,2026-03-10 14:44:14.429818,
REQ508803,/api/kyc/verify,93.2,200,2026-02-21 01:11:13.887649,
REQ508804,/api/transfer,730.8,200,2026-03-16 05:30:29.709289,
REQ508805,/api/transfer,182.3,200,2026-04-25 01:27:18.425498,
REQ508806,/api/statement,337.0,401,2026-04-18 20:33:50.318423,
REQ508807,/api/login,289.9,200,2026-06-15 04:09:04.203133,
REQ508808,/api/kyc/verify,957.9,200,2026-03-26 05:33:05.273332,
REQ508809,/api/balance,153.6,200,2026-08-11 17:57:00.915209,
REQ508810,/api/statement,39.2,200,2026-03-30 05:29:20.198544,
REQ508811,/api/beneficiary,780.7,200,2026-05-16 20:16:42.222285,
REQ508812,/api/transfer,59.6,200,2026-08-16 12:01:50.392499,
REQ508813,/api/beneficiary,497.8,200,2026-02-24 11:08:25.611801,
REQ508814,/api/login,260.0,200,2026-06-10 15:44:26.425048,
REQ508815,/api/statement,357.4,200,2026-05-29 23:45:58.039698,
REQ508816,/api/statement,327.6,200,2026-05-30 06:04:30.730951,
REQ508817,/api/statement,67.7,200,2026-07-10 05:48:00.569896,
REQ508818,/api/beneficiary,698.8,200,2026-03-15 16:23:51.984947,
REQ508819,/api/statement,53.0,401,2026-06-13 03:14:54.505131,
REQ508820,/api/kyc/verify,149.5,200,2026-06-26 22:47:25.316852,
REQ508821,/api/balance,201.6,502,2026-05-17 17:38:27.033869,INC401761
REQ508822,/api/kyc/verify,429.2,200,2026-06-13 13:37:24.823665,
REQ508823,/api/transfer,363.0,200,2026-03-05 03:59:41.942562,
REQ508824,/api/balance,360.3,200,2026-03-19 03:26:38.675503,
REQ508825,/api/transfer,373.0,200,2026-07-24 14:09:15.491905,
REQ508826,/api/statement,431.0,200,2026-07-02 21:11:39.670848,
REQ508827,/api/balance,269.2,200,2026-03-12 04:54:56.947285,
REQ508828,/api/beneficiary,564.0,200,2026-06-12 04:29:42.716221,
REQ508829,/api/kyc/verify,326.7,200,2026-03-23 05:43:31.852946,
REQ508830,/api/beneficiary,266.3,200,2026-04-17 00:30:59.557448,
REQ508831,/api/statement,684.3,200,2026-04-26 12:48:10.132098,
REQ508832,/api/login,407.9,200,2026-03-16 06:06:32.644826,
REQ508833,/api/transfer,71.2,401,2026-04-09 13:26:04.653027,
REQ508834,/api/transfer,322.9,200,2026-04-18 22:37:57.793097,
REQ508835,/api/beneficiary,576.0,200,2026-03-27 20:15:32.299232,
REQ508836,/api/kyc/verify,168.1,200,2026-05-16 19:52:30.078828,
REQ508837,/api/transfer,176.1,400,2026-03-15 01:28:52.793800,
REQ508838,/api/login,388.3,200,2026-07-04 07:17:20.659234,
REQ508839,/api/balance,638.5,200,2026-07-31 01:32:26.458039,
REQ508840,/api/beneficiary,277.1,200,2026-07-10 08:21:23.643446,
REQ508841,/api/transfer,622.7,200,2026-06-02 20:35:20.482969,
REQ508842,/api/transfer,163.5,200,2026-05-18 17:23:32.558262,
REQ508843,/api/balance,100.4,200,2026-04-28 08:06:12.986594,
REQ508844,/api/beneficiary,240.8,200,2026-04-05 11:49:51.000096,
REQ508845,/api/login,46.0,503,2026-06-21 15:31:13.234175,INC409819
REQ508846,/api/kyc/verify,31.1,200,2026-04-19 03:20:32.374533,
REQ508847,/api/kyc/verify,228.3,200,2026-06-14 20:36:14.941151,
REQ508848,/api/kyc/verify,227.7,200,2026-03-02 08:24:36.799281,
REQ508849,/api/statement,160.1,200,2026-04-18 02:58:31.478259,
REQ508850,/api/login,488.7,400,2026-03-15 08:23:13.256384,
REQ508851,/api/statement,287.9,200,2026-06-06 09:03:34.679695,
REQ508852,/api/transfer,56.3,200,2026-04-14 17:53:37.456109,
REQ508853,/api/balance,226.0,200,2026-05-13 23:54:35.605233,
REQ508854,/api/kyc/verify,373.3,200,2026-03-15 09:58:22.876959,
REQ508855,/api/login,4962.5,200,2026-06-05 12:23:01.711266,
REQ508856,/api/balance,236.3,200,2026-04-04 12:12:03.733930,
REQ508857,/api/beneficiary,872.5,200,2026-07-09 18:52:45.138221,
REQ508858,/api/login,786.3,200,2026-06-29 22:55:53.834902,
REQ508859,/api/login,109.5,200,2026-07-14 23:27:15.087820,
REQ508860,/api/statement,38.3,401,2026-06-06 20:42:54.490014,
REQ508861,/api/beneficiary,137.3,200,2026-03-04 09:17:06.400613,
REQ508862,/api/beneficiary,151.6,200,2026-04-22 12:07:13.858304,
REQ508863,/api/balance,33.6,200,2026-07-28 05:32:10.232757,
REQ508864,/api/balance,357.9,200,2026-06-02 10:42:24.177762,
REQ508865,/api/kyc/verify,64.2,200,2026-03-20 21:36:38.193272,
REQ508866,/api/beneficiary,297.1,200,2026-06-17 15:19:21.409187,
REQ508867,/api/beneficiary,357.3,200,2026-04-17 20:36:45.016606,
REQ508868,/api/login,57.5,200,2026-03-18 00:36:46.336451,
REQ508869,/api/statement,495.0,200,2026-05-06 22:38:29.330589,
REQ508870,/api/login,378.8,200,2026-07-31 13:24:27.138862,
REQ508871,/api/balance,110.8,200,2026-06-02 02:03:55.365264,
REQ508872,/api/login,115.4,200,2026-05-16 00:25:48.079829,
REQ508873,/api/balance,297.0,200,2026-05-09 03:16:55.794435,
REQ508874,/api/beneficiary,225.3,200,2026-05-31 20:27:17.103323,
REQ508875,/api/balance,37.6,503,2026-05-11 12:57:07.618255,
REQ508876,/api/kyc/verify,134.6,200,2026-07-21 23:25:32.519950,
REQ508877,/api/beneficiary,377.2,200,2026-02-21 22:06:40.964577,
REQ508878,/api/transfer,479.9,400,2026-05-06 08:07:36.234831,
REQ508879,/api/kyc/verify,150.6,200,2026-06-14 09:45:04.228193,
REQ508880,/api/kyc/verify,389.5,401,2026-04-15 00:47:07.095908,
REQ508881,/api/login,217.2,200,2026-07-07 15:11:19.494496,
REQ508882,/api/kyc/verify,47.9,500,2026-05-08 23:25:38.044267,INC408232
REQ508883,/api/login,485.5,200,2026-05-31 10:05:40.582756,
REQ508884,/api/beneficiary,1679.7,200,2026-05-27 04:11:17.635948,
REQ508885,/api/statement,295.7,200,2026-08-13 07:21:08.836232,
REQ508886,/api/kyc/verify,171.0,200,2026-05-28 09:50:22.994772,
REQ508887,/api/balance,257.4,200,2026-05-30 23:58:25.513642,
REQ508888,/api/login,418.6,500,2026-04-08 22:11:01.898508,INC407741
REQ508889,/api/beneficiary,151.7,200,2026-05-23 20:27:24.531157,
REQ508890,/api/login,201.3,401,2026-08-09 19:06:09.854011,
REQ508891,/api/balance,355.7,503,2026-06-20 00:00:04.053053,
REQ508892,/api/transfer,114.6,200,2026-06-28 21:16:08.023001,
REQ508893,/api/balance,346.5,200,2026-07-19 17:23:59.824173,
REQ508894,/api/statement,314.9,200,2026-08-10 23:13:24.361829,
REQ508895,/api/kyc/verify,231.8,200,2026-03-29 03:35:27.894175,
REQ508896,/api/statement,479.8,504,2026-07-19 14:13:21.702222,
REQ508897,/api/balance,265.4,200,2026-07-18 19:23:25.707053,
REQ508898,/api/statement,120.6,200,2026-07-17 06:09:27.641574,
REQ508899,/api/kyc/verify,109.1,200,2026-03-01 20:41:41.097011,
REQ508900,/api/balance,591.6,200,2026-05-23 22:23:32.719687,
REQ508901,/api/balance,183.4,200,2026-06-19 05:50:13.662717,
REQ508902,/api/kyc/verify,251.7,200,2026-08-02 12:22:41.178876,
REQ508903,/api/login,7646.6,200,2026-04-03 21:19:35.304210,
REQ508904,/api/statement,173.6,400,2026-03-01 21:21:31.001181,
REQ508905,/api/balance,671.3,200,2026-08-09 05:57:58.173422,
REQ508906,/api/transfer,173.9,500,2026-03-27 17:43:59.332367,INC400447
REQ508907,/api/login,213.0,200,2026-03-26 18:38:34.350118,
REQ508908,/api/statement,204.4,200,2026-03-05 06:35:24.650610,
REQ508909,/api/beneficiary,363.9,200,2026-02-28 07:31:45.128555,
REQ508910,/api/kyc/verify,436.0,200,2026-02-25 10:33:18.540482,
REQ508911,/api/kyc/verify,180.8,200,2026-08-12 08:20:55.143291,
REQ508912,/api/beneficiary,359.3,200,2026-05-24 21:08:00.850909,
REQ508913,/api/beneficiary,824.6,200,2026-07-03 04:01:19.129959,
REQ508914,/api/balance,352.6,200,2026-05-08 09:46:55.232191,
REQ508915,/api/login,291.4,200,2026-03-02 18:11:09.269684,
REQ508916,/api/beneficiary,379.9,201,2026-08-03 07:06:42.961478,
REQ508917,/api/transfer,624.8,200,2026-08-02 20:56:16.976905,
REQ508918,/api/balance,491.0,200,2026-03-15 19:58:51.717483,
REQ508919,/api/beneficiary,270.5,200,2026-03-30 13:12:09.270123,
REQ508920,/api/transfer,491.5,401,2026-03-08 00:29:02.682154,
REQ508921,/api/login,143.1,200,2026-03-19 03:59:56.263689,
REQ508922,/api/beneficiary,474.6,200,2026-08-06 05:06:28.520044,
REQ508923,/api/login,230.4,200,2026-07-11 13:51:43.543182,
REQ508924,/api/balance,395.5,200,2026-04-24 22:53:28.568197,
REQ508925,/api/login,675.9,200,2026-04-29 17:28:00.118208,
REQ508926,/api/kyc/verify,237.1,401,2026-03-28 04:50:41.125986,
REQ508927,/api/kyc/verify,208.2,200,2026-08-04 07:34:56.298445,
REQ508928,/api/beneficiary,562.8,200,2026-08-18 08:22:44.279474,
REQ508929,/api/kyc/verify,91.0,200,2026-06-21 01:13:00.820421,
REQ508930,/api/beneficiary,347.4,200,2026-05-12 09:08:30.284489,
REQ508931,/api/login,22.5,200,2026-08-09 09:41:17.819045,
REQ508932,/api/statement,278.6,200,2026-03-19 00:04:01.330598,
REQ508933,/api/transfer,342.8,500,2026-05-14 11:43:42.792737,INC407296
REQ508934,/api/statement,312.3,429,2026-07-18 18:02:52.902594,
REQ508935,/api/beneficiary,412.8,200,2026-06-16 11:04:06.564008,
REQ508936,/api/statement,455.6,200,2026-04-22 17:11:24.330769,
REQ508937,/api/balance,104.4,503,2026-08-12 12:49:48.441880,INC400922
REQ508938,/api/statement,75.5,200,2026-05-13 13:59:08.017521,
REQ508939,/api/beneficiary,178.6,200,2026-05-03 13:11:15.608141,
REQ508940,/api/beneficiary,264.4,200,2026-08-17 22:52:15.346794,
REQ508941,/api/beneficiary,58.6,200,2026-07-24 03:26:34.451589,
REQ508942,/api/transfer,127.5,200,2026-04-21 09:30:18.756246,
REQ508943,/api/login,239.2,200,2026-04-19 16:20:35.518527,
REQ508944,/api/kyc/verify,464.2,500,2026-03-24 02:30:28.381333,INC403761
REQ508945,/api/transfer,121.3,200,2026-05-09 00:49:08.986699,
REQ508946,/api/statement,169.6,200,2026-06-16 19:34:36.857081,
REQ508947,/api/balance,735.8,401,2026-03-17 04:17:47.598395,
REQ508948,/api/transfer,318.0,200,2026-04-09 16:01:49.230345,
REQ508949,/api/login,142.2,200,2026-03-15 14:12:23.560589,
REQ508950,/api/transfer,174.6,200,2026-04-27 07:48:27.583416,
REQ508951,/api/transfer,668.2,200,2026-04-08 08:11:46.596238,
REQ508952,/api/kyc/verify,125.0,200,2026-03-04 18:16:37.662751,
REQ508953,/api/transfer,207.8,200,2026-08-01 19:28:29.846539,
REQ508954,/api/balance,197.5,200,2026-04-19 02:32:06.804206,
REQ508955,/api/balance,637.9,200,2026-04-01 16:03:18.233904,
REQ508956,/api/login,682.5,200,2026-03-20 07:16:20.283893,
REQ508957,/api/statement,93.4,200,2026-08-17 23:41:49.799333,
REQ508958,/api/login,190.1,200,2026-05-03 22:03:11.642049,
REQ508959,/api/statement,147.9,200,2026-05-25 12:51:25.828598,
REQ508960,/api/transfer,230.1,200,2026-07-17 04:28:45.536830,
REQ508961,/api/beneficiary,336.5,200,2026-03-19 10:11:09.829523,
REQ508962,/api/statement,284.4,200,2026-04-21 08:05:10.956241,
REQ508963,/api/login,355.5,400,2026-07-21 20:54:55.621364,
REQ508964,/api/statement,325.5,200,2026-04-22 10:13:42.706820,
REQ508965,/api/transfer,570.2,200,2026-06-07 13:56:01.421228,
REQ508966,/api/balance,353.8,200,2026-05-06 08:32:13.903918,
REQ508967,/api/statement,64.8,400,2026-07-29 11:51:29.257966,
REQ508968,/api/transfer,1048.9,200,2026-07-04 13:37:09.439878,
REQ508969,/api/login,341.1,200,2026-06-15 09:28:33.335029,
REQ508970,/api/statement,201.3,200,2026-05-22 20:30:34.947755,
REQ508971,/api/beneficiary,18.5,200,2026-04-22 10:48:07.391504,
REQ508972,/api/beneficiary,248.2,200,2026-08-16 15:52:17.972300,
REQ508973,/api/kyc/verify,299.2,200,2026-03-20 19:31:35.293967,
REQ508974,/api/kyc/verify,434.6,200,2026-07-01 03:06:59.725026,
REQ508975,/api/balance,365.6,200,2026-07-27 19:47:36.350862,
REQ508976,/api/balance,39.2,200,2026-08-17 23:43:32.005891,
REQ508977,/api/statement,127.2,200,2026-06-03 21:12:39.334927,
REQ508978,/api/transfer,134.7,200,2026-06-19 16:07:21.358730,
REQ508979,/api/beneficiary,333.4,200,2026-05-03 13:34:39.724780,
REQ508980,/api/balance,892.3,200,2026-03-05 15:09:23.669402,
REQ508981,/api/beneficiary,474.3,200,2026-02-25 14:36:38.364845,
REQ508982,/api/balance,109.0,200,2026-03-01 13:18:34.300466,
REQ508983,/api/login,78.9,200,2026-06-29 10:27:28.050530,
REQ508984,/api/balance,403.4,401,2026-06-26 19:57:26.594873,
REQ508985,/api/kyc/verify,111.0,502,2026-08-12 07:20:06.858167,
REQ508986,/api/beneficiary,346.8,200,2026-03-04 16:55:59.855467,
REQ508987,/api/statement,134.2,200,2026-03-25 21:46:43.027113,
REQ508988,/api/balance,386.4,200,2026-07-13 05:36:01.412434,
REQ508989,/api/beneficiary,202.0,200,2026-07-14 20:19:59.316047,
REQ508990,/api/kyc/verify,306.6,200,2026-07-25 22:08:21.103821,
REQ508991,/api/kyc/verify,70.1,504,2026-05-15 04:32:46.185586,
REQ508992,/api/statement,88.5,200,2026-06-01 20:08:28.635703,
REQ508993,/api/transfer,116.6,200,2026-03-27 05:38:06.466158,
REQ508994,/api/balance,151.0,200,2026-06-01 00:02:29.137764,
REQ508995,/api/beneficiary,110.2,200,2026-04-12 17:29:27.483377,
REQ508996,/api/statement,173.6,200,2026-05-07 21:40:19.604508,
REQ508997,/api/statement,325.5,200,2026-03-08 04:01:25.824091,
REQ508998,/api/statement,91.7,400,2026-03-07 11:28:03.945860,
REQ508999,/api/login,13.7,200,2026-03-11 08:04:47.908359,
REQ509000,/api/transfer,175.7,200,2026-06-13 09:09:24.356780,
REQ509001,/api/transfer,220.1,200,2026-03-05 17:15:02.784576,
REQ509002,/api/kyc/verify,275.7,200,2026-05-30 17:13:21.142554,
REQ509003,/api/login,122.9,200,2026-04-02 10:57:46.063885,
REQ509004,/api/beneficiary,326.0,200,2026-03-09 13:06:15.211396,
REQ509005,/api/transfer,1351.2,200,2026-05-10 23:21:44.375711,
REQ509006,/api/beneficiary,360.3,502,2026-04-22 10:58:41.308740,INC406952
REQ509007,/api/statement,183.4,200,2026-05-10 19:13:48.831791,
REQ509008,/api/statement,118.2,200,2026-02-23 01:03:55.535776,
REQ509009,/api/login,98.2,504,2026-04-25 23:15:16.174758,
REQ509010,/api/statement,222.2,200,2026-07-14 06:17:50.774670,
REQ509011,/api/balance,228.2,200,2026-04-12 13:09:39.312805,
REQ509012,/api/transfer,123.3,400,2026-05-30 18:14:35.425104,
REQ509013,/api/beneficiary,609.8,200,2026-03-12 17:41:41.504925,
REQ509014,/api/beneficiary,148.4,200,2026-05-26 17:52:08.621870,
REQ509015,/api/beneficiary,400.0,201,2026-07-25 09:37:19.307080,
REQ509016,/api/transfer,30.5,200,2026-04-26 08:16:32.427030,
REQ509017,/api/transfer,208.0,200,2026-04-20 10:17:13.410277,
REQ509018,/api/beneficiary,675.7,200,2026-02-22 02:44:36.112009,
REQ509019,/api/kyc/verify,342.9,200,2026-03-14 01:58:45.908656,
REQ509020,/api/balance,427.8,200,2026-07-03 19:01:50.920893,
REQ509021,/api/kyc/verify,309.5,200,2026-06-20 20:42:01.600744,
REQ509022,/api/login,370.2,429,2026-02-26 12:02:08.735698,
REQ509023,/api/kyc/verify,329.2,201,2026-07-24 19:00:08.286876,
REQ509024,/api/login,453.5,200,2026-07-09 18:17:52.636613,
REQ509025,/api/login,413.8,200,2026-02-22 19:15:45.498200,
REQ509026,/api/kyc/verify,144.6,200,2026-03-28 08:14:14.178824,
REQ509027,/api/balance,422.5,200,2026-08-12 03:45:29.396404,
REQ509028,/api/beneficiary,460.5,200,2026-04-16 22:45:19.484575,
REQ509029,/api/kyc/verify,133.5,200,2026-08-10 01:26:07.438492,
REQ509030,/api/kyc/verify,153.7,200,2026-02-28 05:05:32.430365,
REQ509031,/api/kyc/verify,41.0,200,2026-04-01 19:11:57.572401,
REQ509032,/api/statement,358.8,200,2026-03-28 01:53:12.798005,
REQ509033,/api/beneficiary,842.8,200,2026-08-10 00:13:00.991074,
REQ509034,/api/kyc/verify,208.2,200,2026-07-13 07:54:23.849914,
REQ509035,/api/login,170.6,200,2026-05-21 03:39:39.677631,
REQ509036,/api/statement,141.5,200,2026-04-28 11:01:29.010314,
REQ509037,/api/login,133.7,200,2026-04-12 09:29:01.198037,
REQ509038,/api/statement,346.1,200,2026-05-11 07:12:50.822529,
REQ509039,/api/beneficiary,177.6,200,2026-05-11 03:17:52.991078,
REQ509040,/api/beneficiary,171.1,502,2026-06-20 19:02:23.333750,INC409617
REQ509041,/api/kyc/verify,767.0,400,2026-07-04 09:18:32.880692,
REQ509042,/api/statement,7183.8,200,2026-06-25 12:21:59.231875,
REQ509043,/api/kyc/verify,314.9,200,2026-03-01 04:50:18.485885,
REQ509044,/api/statement,169.4,400,2026-05-06 22:07:35.429264,
REQ509045,/api/kyc/verify,620.3,200,2026-04-27 19:34:06.098585,
REQ509046,/api/balance,204.6,429,2026-06-08 04:01:34.896052,
REQ509047,/api/balance,66.6,200,2026-05-22 05:02:46.007087,
REQ509048,/api/statement,205.2,200,2026-08-11 09:35:52.496286,
REQ509049,/api/login,417.7,200,2026-07-30 19:35:17.446751,
REQ509050,/api/login,213.0,200,2026-06-28 13:13:21.646422,
REQ509051,/api/transfer,314.6,200,2026-04-05 14:16:20.473492,
REQ509052,/api/transfer,537.7,200,2026-08-11 18:20:43.979961,
REQ509053,/api/beneficiary,130.8,200,2026-03-13 08:40:46.984064,
REQ509054,/api/statement,374.0,400,2026-04-07 01:36:11.897542,
REQ509055,/api/transfer,38.8,200,2026-02-28 12:18:45.802566,
REQ509056,/api/beneficiary,133.5,429,2026-06-05 13:47:31.439609,
REQ509057,/api/balance,826.9,200,2026-03-01 17:08:19.249039,
REQ509058,/api/transfer,45.4,200,2026-02-21 22:30:19.138122,
REQ509059,/api/balance,502.5,200,2026-05-24 01:52:31.450795,
REQ509060,/api/kyc/verify,153.9,200,2026-03-31 16:49:26.625892,
REQ509061,/api/transfer,334.5,200,2026-06-21 08:30:49.422940,
REQ509062,/api/beneficiary,188.6,200,2026-04-23 02:17:12.147520,
REQ509063,/api/kyc/verify,63.6,200,2026-04-11 00:40:54.676257,
REQ509064,/api/statement,121.9,503,2026-06-13 04:01:50.815708,INC409662
REQ509065,/api/beneficiary,553.1,200,2026-05-30 23:09:26.273899,
REQ509066,/api/beneficiary,274.3,200,2026-07-25 03:51:06.021917,
REQ509067,/api/login,466.7,200,2026-03-14 01:47:33.199904,
REQ509068,/api/transfer,465.6,200,2026-06-11 12:42:38.085608,
REQ509069,/api/statement,192.2,400,2026-08-19 08:23:32.149745,
REQ509070,/api/statement,135.2,200,2026-08-18 16:12:57.092379,
REQ509071,/api/balance,317.3,200,2026-06-10 03:09:49.107166,
REQ509072,/api/beneficiary,86.1,502,2026-04-13 08:55:56.166751,
REQ509073,/api/beneficiary,427.3,200,2026-08-08 10:46:41.160206,
REQ509074,/api/transfer,178.7,200,2026-05-21 16:07:32.982787,
REQ509075,/api/balance,633.6,200,2026-04-29 02:17:26.242944,
REQ509076,/api/statement,473.1,200,2026-06-06 07:55:35.740187,
REQ509077,/api/balance,84.9,200,2026-08-03 20:44:28.674496,
REQ509078,/api/balance,558.8,503,2026-07-19 20:40:11.979660,
REQ509079,/api/kyc/verify,401.2,200,2026-05-09 07:16:55.229938,
REQ509080,/api/balance,198.9,200,2026-03-15 22:45:20.475655,
REQ509081,/api/balance,445.1,504,2026-04-20 11:46:31.651310,
REQ509082,/api/kyc/verify,7630.6,200,2026-05-09 03:47:42.739625,
REQ509083,/api/transfer,94.1,429,2026-06-01 22:11:46.686223,
REQ509084,/api/statement,81.4,200,2026-05-21 04:54:16.264330,
REQ509085,/api/login,80.1,200,2026-03-07 22:16:52.163162,
REQ509086,/api/login,630.6,400,2026-04-15 20:16:52.758106,
REQ509087,/api/kyc/verify,163.8,200,2026-02-28 14:49:38.549690,
REQ509088,/api/beneficiary,78.2,200,2026-06-21 07:12:39.585764,
REQ509089,/api/balance,142.4,200,2026-07-16 16:23:44.210664,
REQ509090,/api/balance,400.9,400,2026-05-10 07:41:00.124765,
REQ509091,/api/kyc/verify,322.5,200,2026-04-27 11:55:55.374950,
REQ509092,/api/login,347.0,200,2026-03-11 07:24:46.100296,
REQ509093,/api/transfer,407.3,200,2026-03-25 12:13:04.183001,
REQ509094,/api/kyc/verify,211.2,200,2026-08-09 22:01:10.285359,
REQ509095,/api/balance,126.5,200,2026-05-08 10:53:15.292420,
REQ509096,/api/statement,655.4,200,2026-06-05 07:22:13.331518,
REQ509097,/api/kyc/verify,447.8,200,2026-07-31 09:17:19.715044,
REQ509098,/api/balance,50.8,200,2026-05-04 21:12:04.202948,
REQ509099,/api/transfer,613.6,504,2026-08-19 16:58:03.777301,INC403221
REQ509100,/api/balance,254.3,200,2026-04-20 19:47:57.931507,
REQ509101,/api/transfer,20.8,200,2026-04-02 05:49:38.951902,
REQ509102,/api/balance,350.9,200,2026-03-04 01:24:14.095693,
REQ509103,/api/login,292.7,200,2026-04-01 00:12:47.768232,
REQ509104,/api/transfer,488.3,200,2026-06-20 11:02:13.115301,
REQ509105,/api/transfer,171.4,200,2026-05-25 15:34:25.809732,
REQ509106,/api/kyc/verify,263.4,502,2026-04-25 15:30:27.003719,INC402508
REQ509107,/api/beneficiary,348.3,200,2026-04-13 22:01:34.930940,
REQ509108,/api/beneficiary,353.1,200,2026-05-12 01:34:01.161634,
REQ509109,/api/balance,532.0,503,2026-05-27 06:27:05.801841,INC403315
REQ509110,/api/transfer,132.1,200,2026-07-14 02:33:32.029100,
REQ509111,/api/login,62.4,200,2026-06-21 23:05:55.562678,
REQ509112,/api/transfer,578.9,200,2026-06-20 01:44:02.835893,
REQ509113,/api/transfer,37.6,401,2026-03-10 14:02:21.757978,
REQ509114,/api/beneficiary,65.6,200,2026-02-27 02:35:32.095134,
REQ509115,/api/statement,672.8,200,2026-06-27 23:52:54.079961,
REQ509116,/api/balance,262.8,200,2026-04-14 08:08:09.644223,
REQ509117,/api/login,355.1,200,2026-04-09 06:37:33.588808,
REQ509118,/api/transfer,453.1,200,2026-04-29 20:10:47.128582,
REQ509119,/api/balance,630.5,200,2026-03-08 19:44:31.748103,
REQ509120,/api/login,179.1,200,2026-05-02 17:07:02.587745,
REQ509121,/api/statement,131.9,200,2026-03-03 02:25:19.121938,
REQ509122,/api/beneficiary,358.5,200,2026-06-19 16:08:54.443627,
REQ509123,/api/balance,301.1,429,2026-02-21 15:01:02.233527,
REQ509124,/api/kyc/verify,137.8,200,2026-03-07 11:50:53.441077,
REQ509125,/api/balance,145.2,200,2026-05-19 06:25:23.519819,
REQ509126,/api/kyc/verify,441.9,201,2026-05-05 00:05:10.261824,
REQ509127,/api/balance,511.8,200,2026-06-23 00:32:46.947067,
REQ509128,/api/beneficiary,215.4,200,2026-07-15 18:07:46.471025,
REQ509129,/api/statement,173.9,200,2026-06-03 02:18:22.433972,
REQ509130,/api/beneficiary,172.4,401,2026-07-19 21:13:34.787181,
REQ509131,/api/login,448.1,200,2026-06-28 07:06:47.646203,
REQ509132,/api/transfer,101.0,200,2026-06-02 21:44:51.705414,
REQ509133,/api/kyc/verify,284.8,200,2026-08-16 01:00:32.367361,
REQ509134,/api/kyc/verify,337.5,200,2026-04-28 22:07:40.620522,
REQ509135,/api/balance,820.7,200,2026-08-03 21:17:42.927546,
REQ509136,/api/login,442.9,200,2026-07-01 10:44:10.522370,
REQ509137,/api/kyc/verify,291.0,200,2026-04-06 00:36:10.006573,
REQ509138,/api/statement,152.0,200,2026-05-01 00:17:57.888624,
REQ509139,/api/login,417.7,200,2026-04-22 06:52:35.188212,
REQ509140,/api/kyc/verify,725.2,200,2026-06-12 15:34:56.640396,
REQ509141,/api/login,162.3,400,2026-06-10 19:27:36.485539,
REQ509142,/api/balance,177.6,200,2026-04-15 16:47:32.008609,
REQ509143,/api/login,22.7,200,2026-05-30 15:56:19.203413,
REQ509144,/api/beneficiary,8914.7,201,2026-04-18 15:14:48.504396,
REQ509145,/api/statement,646.1,200,2026-06-07 03:10:27.940822,
REQ509146,/api/transfer,368.3,200,2026-04-12 00:47:24.433369,
REQ509147,/api/statement,358.9,200,2026-07-29 10:20:48.368979,
REQ509148,/api/kyc/verify,329.5,200,2026-04-11 18:25:22.535449,
REQ509149,/api/beneficiary,216.1,502,2026-03-27 06:01:46.187881,
REQ509150,/api/kyc/verify,291.6,200,2026-06-27 19:14:32.108840,
REQ509151,/api/kyc/verify,665.9,200,2026-08-02 10:25:20.573281,
REQ509152,/api/balance,4856.9,200,2026-06-26 12:04:08.597283,
REQ509153,/api/kyc/verify,352.3,429,2026-08-05 01:05:23.916250,
REQ509154,/api/beneficiary,203.3,200,2026-03-18 09:26:17.646094,
REQ509155,/api/balance,153.6,400,2026-06-11 21:28:00.730921,
REQ509156,/api/beneficiary,380.5,200,2026-08-04 00:53:36.499566,
REQ509157,/api/balance,373.3,504,2026-07-26 22:46:40.199038,
REQ509158,/api/statement,224.7,200,2026-08-11 04:20:04.834103,
REQ509159,/api/kyc/verify,343.1,200,2026-07-01 14:20:12.821871,
REQ509160,/api/beneficiary,587.2,200,2026-03-04 23:08:47.705532,
REQ509161,/api/login,47.3,200,2026-03-24 13:02:02.306694,
REQ509162,/api/transfer,155.2,200,2026-03-02 20:40:41.012972,
REQ509163,/api/transfer,165.6,200,2026-04-29 09:00:20.386920,
REQ509164,/api/beneficiary,249.9,200,2026-02-21 03:29:17.614547,
REQ509165,/api/kyc/verify,471.8,200,2026-03-29 07:44:18.853738,
REQ509166,/api/transfer,176.0,200,2026-08-13 21:37:54.824766,
REQ509167,/api/balance,236.8,200,2026-05-08 17:57:49.666474,
REQ509168,/api/transfer,20.8,200,2026-08-08 15:10:42.891521,
REQ509169,/api/login,328.6,200,2026-07-16 07:46:28.423109,
REQ509170,/api/balance,228.4,200,2026-08-05 16:52:55.881053,
REQ509171,/api/balance,305.7,200,2026-04-20 16:59:55.522710,
REQ509172,/api/statement,172.5,200,2026-08-09 08:28:24.414559,
REQ509173,/api/login,28.4,200,2026-04-06 12:24:35.053465,
REQ509174,/api/transfer,254.9,200,2026-04-01 02:08:25.425985,
REQ509175,/api/statement,592.4,200,2026-07-16 23:49:48.803124,
REQ509176,/api/kyc/verify,175.5,200,2026-08-09 08:47:53.472853,
REQ509177,/api/beneficiary,528.2,200,2026-03-07 20:54:50.581674,
REQ509178,/api/balance,33.9,200,2026-03-12 21:10:26.220048,
REQ509179,/api/beneficiary,8046.8,200,2026-07-30 13:46:21.361586,
REQ509180,/api/transfer,365.4,200,2026-07-01 16:59:45.088022,
REQ509181,/api/statement,171.1,200,2026-07-28 16:15:39.911903,
REQ509182,/api/transfer,104.8,200,2026-08-19 05:33:57.847244,
REQ509183,/api/beneficiary,164.1,200,2026-08-09 21:26:43.030127,
REQ509184,/api/kyc/verify,254.4,200,2026-07-06 05:02:29.491766,
REQ509185,/api/login,305.1,201,2026-08-15 02:12:03.766377,
REQ509186,/api/beneficiary,366.0,200,2026-04-02 11:51:24.470914,
REQ509187,/api/statement,503.2,200,2026-06-26 06:37:41.261346,
REQ509188,/api/balance,135.8,500,2026-03-03 23:39:22.560286,
REQ509189,/api/statement,153.6,400,2026-06-26 08:11:06.162722,
REQ509190,/api/beneficiary,940.2,200,2026-05-14 02:26:58.054592,
REQ509191,/api/kyc/verify,390.0,200,2026-07-11 02:45:21.687961,
REQ509192,/api/beneficiary,155.1,200,2026-07-14 18:57:59.463810,
REQ509193,/api/transfer,145.9,200,2026-02-25 20:29:23.808080,
REQ509194,/api/transfer,941.2,200,2026-03-09 09:30:59.904177,
REQ509195,/api/statement,93.3,200,2026-05-02 11:31:20.896595,
REQ509196,/api/balance,199.6,200,2026-07-29 06:54:17.392014,
REQ509197,/api/beneficiary,1031.8,429,2026-08-08 07:41:50.097793,
REQ509198,/api/beneficiary,409.9,200,2026-07-30 08:48:26.077535,
REQ509199,/api/kyc/verify,98.4,200,2026-06-17 02:07:28.323463,
REQ509200,/api/statement,142.1,200,2026-04-20 10:44:16.766529,
REQ509201,/api/kyc/verify,389.4,200,2026-06-17 19:11:31.157957,
REQ509202,/api/beneficiary,607.9,200,2026-04-14 20:28:35.151338,
REQ509203,/api/statement,292.4,200,2026-04-11 02:38:32.113457,
REQ509204,/api/statement,58.6,200,2026-04-07 18:03:11.340676,
REQ509205,/api/balance,265.0,200,2026-07-28 13:42:31.157506,
REQ509206,/api/balance,210.6,200,2026-02-26 04:51:00.591323,
REQ509207,/api/statement,209.5,200,2026-04-17 08:24:46.704820,
REQ509208,/api/login,285.2,200,2026-05-29 20:35:28.249298,
REQ509209,/api/transfer,338.2,200,2026-07-10 17:07:03.130551,
REQ509210,/api/beneficiary,111.0,200,2026-05-02 08:05:28.839483,
REQ509211,/api/login,496.9,200,2026-07-07 03:55:33.913487,
REQ509212,/api/kyc/verify,108.1,200,2026-05-16 22:12:34.181300,
REQ509213,/api/login,7609.1,200,2026-07-18 06:25:11.866539,
REQ509214,/api/balance,166.3,200,2026-08-06 22:06:58.206247,
REQ509215,/api/kyc/verify,254.8,200,2026-03-01 00:33:35.598197,
REQ509216,/api/balance,580.2,400,2026-04-28 02:11:31.480323,
REQ509217,/api/transfer,128.9,200,2026-05-21 16:58:45.044449,
REQ509218,/api/statement,159.1,200,2026-05-23 06:25:34.189853,
REQ509219,/api/beneficiary,366.6,201,2026-03-26 10:48:20.417877,
REQ509220,/api/beneficiary,135.5,200,2026-04-28 09:45:44.028317,
REQ509221,/api/balance,74.4,200,2026-06-25 06:04:15.726931,
REQ509222,/api/statement,276.2,200,2026-08-02 17:54:38.697746,
REQ509223,/api/statement,101.2,200,2026-08-14 06:04:10.052621,
REQ509224,/api/login,316.1,200,2026-07-22 12:34:43.648670,
REQ509225,/api/beneficiary,30.8,200,2026-07-22 07:59:47.674688,
REQ509226,/api/beneficiary,371.4,503,2026-04-08 05:03:41.565281,INC404528
REQ509227,/api/login,257.9,200,2026-06-04 14:43:11.323028,
REQ509228,/api/transfer,124.8,201,2026-04-20 20:32:27.897590,
REQ509229,/api/transfer,194.9,200,2026-05-13 04:27:00.165712,
REQ509230,/api/balance,572.0,200,2026-05-29 12:50:38.081077,
REQ509231,/api/statement,161.1,200,2026-06-16 04:01:18.525637,
REQ509232,/api/transfer,163.7,200,2026-07-03 00:02:39.495346,
REQ509233,/api/balance,614.6,200,2026-07-14 12:06:38.119138,
REQ509234,/api/transfer,290.6,200,2026-06-13 21:28:23.195388,
REQ509235,/api/transfer,246.4,200,2026-03-14 14:43:08.656665,
REQ509236,/api/balance,36.0,400,2026-08-12 07:51:56.097362,
REQ509237,/api/transfer,188.2,200,2026-04-09 11:00:39.479101,
REQ509238,/api/transfer,298.7,200,2026-06-04 16:19:33.693698,
REQ509239,/api/balance,207.0,200,2026-05-04 11:48:50.182700,
REQ509240,/api/statement,6597.4,200,2026-04-10 14:41:52.634671,
REQ509241,/api/transfer,111.8,503,2026-06-23 15:01:33.743757,INC405241
REQ509242,/api/balance,271.1,502,2026-03-22 16:48:53.561033,INC409640
REQ509243,/api/beneficiary,307.0,200,2026-08-09 07:09:16.751887,
REQ509244,/api/balance,603.0,200,2026-07-26 09:09:18.849360,
REQ509245,/api/transfer,499.1,200,2026-04-30 08:58:07.815961,
REQ509246,/api/login,320.9,200,2026-06-02 15:00:13.680439,
REQ509247,/api/login,104.6,502,2026-04-16 22:03:52.681527,INC406547
REQ509248,/api/kyc/verify,109.6,200,2026-07-09 19:20:31.102399,
REQ509249,/api/balance,398.5,504,2026-02-23 12:15:20.532312,INC403901
REQ509250,/api/balance,117.3,200,2026-05-02 19:24:17.725052,
REQ509251,/api/statement,418.3,200,2026-03-15 13:10:48.190967,
REQ509252,/api/transfer,71.0,200,2026-05-15 05:09:26.192539,
REQ509253,/api/kyc/verify,184.2,200,2026-03-19 23:04:54.098491,
REQ509254,/api/balance,160.0,200,2026-07-20 03:11:54.100425,
REQ509255,/api/statement,219.5,200,2026-03-02 00:38:27.918423,
REQ509256,/api/statement,450.6,200,2026-04-29 06:01:21.485206,
REQ509257,/api/statement,131.1,200,2026-05-17 22:15:59.702843,
REQ509258,/api/kyc/verify,741.1,200,2026-06-16 20:36:48.269566,
REQ509259,/api/kyc/verify,81.2,400,2026-04-06 10:59:37.227386,
REQ509260,/api/beneficiary,187.4,200,2026-05-11 06:39:14.081740,
REQ509261,/api/kyc/verify,122.6,200,2026-08-08 00:13:47.828870,
REQ509262,/api/balance,354.2,200,2026-03-25 17:00:45.248915,
REQ509263,/api/beneficiary,146.2,400,2026-06-26 12:41:03.671246,
REQ509264,/api/balance,184.0,200,2026-06-20 23:27:42.251434,
REQ509265,/api/login,3259.1,200,2026-04-25 12:23:34.252814,
REQ509266,/api/kyc/verify,349.3,200,2026-05-23 05:57:52.691190,
REQ509267,/api/transfer,143.6,429,2026-08-16 16:38:20.430028,
REQ509268,/api/balance,300.9,200,2026-08-05 14:51:13.557771,
REQ509269,/api/login,4250.3,200,2026-03-23 00:37:11.478362,
REQ509270,/api/beneficiary,261.2,200,2026-06-01 16:36:06.023596,
REQ509271,/api/login,290.8,201,2026-04-29 01:21:39.369351,
REQ509272,/api/transfer,149.7,200,2026-03-10 01:39:55.380604,
REQ509273,/api/beneficiary,476.2,200,2026-03-11 07:17:48.357961,
REQ509274,/api/transfer,473.3,400,2026-05-11 09:48:55.163003,
REQ509275,/api/transfer,563.5,200,2026-08-13 11:26:04.373058,
REQ509276,/api/balance,152.1,500,2026-05-09 22:27:00.443830,
REQ509277,/api/login,235.7,200,2026-08-10 10:41:04.402495,
REQ509278,/api/beneficiary,142.7,401,2026-03-15 11:30:21.112678,
REQ509279,/api/transfer,547.5,200,2026-06-03 00:45:38.860698,
REQ509280,/api/kyc/verify,46.2,200,2026-07-09 18:23:41.374068,
REQ509281,/api/balance,337.3,200,2026-06-24 14:27:52.168727,
REQ509282,/api/login,117.7,400,2026-07-04 06:40:36.448977,
REQ509283,/api/transfer,352.6,200,2026-06-07 20:47:17.580507,
REQ509284,/api/transfer,322.5,200,2026-02-23 07:27:31.525672,
REQ509285,/api/balance,286.9,200,2026-02-22 03:48:36.667171,
REQ509286,/api/beneficiary,152.8,503,2026-06-22 08:49:16.332119,
REQ509287,/api/transfer,80.3,200,2026-05-29 00:58:11.851809,
REQ509288,/api/statement,5077.9,200,2026-02-23 12:09:52.766261,
REQ509289,/api/transfer,65.3,200,2026-08-16 16:10:49.981512,
REQ509290,/api/transfer,12.0,200,2026-04-10 15:46:51.092391,
REQ509291,/api/statement,169.5,200,2026-05-28 04:11:13.989950,
REQ509292,/api/kyc/verify,82.7,200,2026-03-20 21:22:48.720036,
REQ509293,/api/login,648.1,200,2026-06-09 14:06:24.541711,
REQ509294,/api/login,515.5,200,2026-04-19 13:49:01.528095,
REQ509295,/api/beneficiary,67.4,200,2026-08-04 08:50:12.628249,
REQ509296,/api/balance,249.5,429,2026-07-08 01:33:56.667766,
REQ509297,/api/login,322.6,200,2026-07-17 23:57:24.562543,
REQ509298,/api/transfer,507.0,200,2026-07-16 07:31:54.425412,
REQ509299,/api/kyc/verify,1.1,200,2026-06-23 07:12:55.253404,
REQ509300,/api/kyc/verify,216.6,200,2026-07-12 09:57:26.990557,
REQ509301,/api/kyc/verify,511.2,200,2026-06-05 15:49:52.037315,
REQ509302,/api/balance,264.9,400,2026-06-11 12:46:51.733435,
REQ509303,/api/balance,743.0,200,2026-07-08 16:59:39.073847,
REQ509304,/api/kyc/verify,237.9,200,2026-07-16 22:52:32.776511,
REQ509305,/api/beneficiary,194.7,200,2026-06-17 19:21:33.792481,
REQ509306,/api/kyc/verify,221.2,200,2026-08-04 02:38:39.916910,
REQ509307,/api/kyc/verify,287.6,200,2026-06-13 18:16:30.629956,
REQ509308,/api/balance,131.0,200,2026-03-25 06:06:54.239718,
REQ509309,/api/beneficiary,108.3,200,2026-03-06 05:32:02.351093,
REQ509310,/api/statement,107.5,200,2026-03-18 07:52:09.366318,
REQ509311,/api/login,24.7,200,2026-07-21 09:26:58.989427,
REQ509312,/api/beneficiary,319.8,200,2026-08-13 13:56:03.782615,
REQ509313,/api/balance,106.9,200,2026-05-29 02:15:35.599946,
REQ509314,/api/beneficiary,78.0,201,2026-04-13 20:54:01.772342,
REQ509315,/api/kyc/verify,179.7,200,2026-04-23 13:29:45.976890,
REQ509316,/api/balance,289.6,200,2026-04-03 03:09:56.314816,
REQ509317,/api/kyc/verify,586.8,200,2026-05-02 10:40:05.157371,
REQ509318,/api/kyc/verify,284.5,502,2026-07-22 12:20:53.605011,
REQ509319,/api/balance,606.8,200,2026-08-11 10:25:25.082382,
REQ509320,/api/login,512.8,200,2026-03-20 06:41:58.407505,
REQ509321,/api/login,357.5,200,2026-05-15 12:51:45.941478,
REQ509322,/api/balance,150.5,401,2026-03-12 03:45:08.043916,
REQ509323,/api/login,108.4,500,2026-06-24 04:12:06.300684,INC408655
REQ509324,/api/balance,64.0,401,2026-06-26 10:43:09.966497,
REQ509325,/api/balance,104.0,200,2026-03-18 22:38:01.665497,
REQ509326,/api/kyc/verify,35.2,200,2026-04-17 02:27:02.722729,
REQ509327,/api/kyc/verify,925.9,504,2026-03-08 10:08:51.128131,
REQ509328,/api/balance,311.2,200,2026-08-12 07:40:38.044398,
REQ509329,/api/balance,494.6,200,2026-08-01 12:14:54.887362,
REQ509330,/api/login,168.6,200,2026-05-04 17:18:33.401286,
REQ509331,/api/kyc/verify,513.8,200,2026-03-21 14:56:25.792713,
REQ509332,/api/transfer,136.8,200,2026-04-13 16:01:13.650180,
REQ509333,/api/transfer,230.3,200,2026-08-13 05:50:07.235017,
REQ509334,/api/transfer,40.6,200,2026-07-26 14:16:39.745046,
REQ509335,/api/statement,389.4,200,2026-05-03 16:24:24.529734,
REQ509336,/api/balance,135.3,200,2026-07-28 21:16:21.968444,
REQ509337,/api/kyc/verify,34.1,200,2026-06-04 10:52:56.356035,
REQ509338,/api/statement,128.2,200,2026-04-22 21:50:44.299626,
REQ509339,/api/beneficiary,132.8,200,2026-04-25 17:22:41.083487,
REQ509340,/api/beneficiary,483.1,200,2026-04-08 10:38:34.900998,
REQ509341,/api/statement,341.4,200,2026-07-14 06:14:24.928252,
REQ509342,/api/login,531.9,200,2026-02-25 06:43:01.857243,
REQ509343,/api/balance,225.6,200,2026-07-30 20:01:41.710637,
REQ509344,/api/login,173.1,200,2026-08-18 01:29:31.986999,
REQ509345,/api/balance,92.4,200,2026-04-25 01:44:03.595828,
REQ509346,/api/login,27.5,200,2026-08-06 02:52:07.759167,
REQ509347,/api/kyc/verify,109.5,400,2026-03-12 18:26:57.607427,
REQ509348,/api/transfer,228.6,200,2026-05-17 16:15:06.656994,
REQ509349,/api/balance,625.4,200,2026-08-06 16:36:10.580225,
REQ509350,/api/login,429.3,200,2026-05-24 08:05:00.518606,
REQ509351,/api/beneficiary,242.8,200,2026-03-12 00:02:25.277689,
REQ509352,/api/balance,617.3,200,2026-07-07 15:33:43.035359,
REQ509353,/api/balance,318.6,200,2026-07-18 13:02:23.727157,
REQ509354,/api/balance,4132.7,200,2026-08-19 21:00:47.209986,
REQ509355,/api/beneficiary,739.2,200,2026-06-30 07:36:01.499208,
REQ509356,/api/beneficiary,428.1,200,2026-05-17 08:58:02.131009,
REQ509357,/api/beneficiary,114.6,200,2026-04-30 13:02:21.053475,
REQ509358,/api/login,103.0,200,2026-08-19 10:27:28.856729,
REQ509359,/api/statement,108.4,200,2026-03-13 04:03:58.998859,
REQ509360,/api/transfer,191.4,500,2026-06-13 14:11:50.836974,
REQ509361,/api/statement,667.5,200,2026-06-23 04:41:18.777505,
REQ509362,/api/kyc/verify,178.2,200,2026-06-26 20:11:10.117235,
REQ509363,/api/statement,72.3,200,2026-07-11 21:50:22.897852,
REQ509364,/api/balance,254.9,200,2026-04-27 09:47:09.901679,
REQ509365,/api/beneficiary,93.8,200,2026-07-21 10:00:40.911855,
REQ509366,/api/beneficiary,157.4,200,2026-06-21 19:35:04.829400,
REQ509367,/api/kyc/verify,536.3,200,2026-05-23 04:05:48.491487,
REQ509368,/api/kyc/verify,50.6,200,2026-04-25 12:07:38.326133,
REQ509369,/api/kyc/verify,370.8,200,2026-06-09 01:49:27.785326,
REQ509370,/api/transfer,277.8,200,2026-07-20 17:57:46.186210,
REQ509371,/api/login,212.6,200,2026-06-27 14:16:40.580559,
REQ509372,/api/statement,43.3,200,2026-04-11 03:25:17.493363,
REQ509373,/api/kyc/verify,558.2,200,2026-08-19 05:02:50.440308,
REQ509374,/api/statement,908.3,200,2026-03-26 06:57:55.340516,
REQ509375,/api/statement,651.1,200,2026-04-11 02:18:09.295222,
REQ509376,/api/statement,292.0,200,2026-07-31 07:14:08.443779,
REQ509377,/api/login,333.9,400,2026-08-08 03:53:06.334181,
REQ509378,/api/kyc/verify,607.7,200,2026-05-01 15:15:33.920577,
REQ509379,/api/login,295.7,200,2026-04-12 08:32:18.092365,
REQ509380,/api/login,756.2,503,2026-08-11 18:37:48.451074,INC408607
REQ509381,/api/balance,1115.8,201,2026-06-10 19:47:05.737315,
REQ509382,/api/balance,154.9,200,2026-07-15 21:35:09.578968,
REQ509383,/api/transfer,488.2,200,2026-06-19 20:15:07.244680,
REQ509384,/api/beneficiary,188.1,201,2026-08-05 01:45:37.612091,
REQ509385,/api/login,341.4,200,2026-07-23 19:00:12.279308,
REQ509386,/api/transfer,544.8,200,2026-04-02 01:58:02.242529,
REQ509387,/api/login,240.3,500,2026-07-27 09:52:08.991174,
REQ509388,/api/statement,56.2,504,2026-04-26 10:45:29.303160,
REQ509389,/api/statement,91.2,201,2026-06-03 02:55:53.971783,
REQ509390,/api/kyc/verify,589.7,200,2026-07-09 22:56:45.163548,
REQ509391,/api/balance,156.1,200,2026-07-20 20:01:42.650421,
REQ509392,/api/balance,387.3,503,2026-03-03 23:11:25.508124,INC401384
REQ509393,/api/balance,230.5,503,2026-03-17 22:31:22.852364,INC402839
REQ509394,/api/transfer,188.7,200,2026-06-29 03:25:39.583109,
REQ509395,/api/login,209.3,200,2026-04-25 11:37:58.992426,
REQ509396,/api/balance,108.4,200,2026-03-30 04:59:04.914746,
REQ509397,/api/transfer,199.2,200,2026-03-01 21:48:16.726716,
REQ509398,/api/transfer,190.7,200,2026-03-09 13:15:41.840895,
REQ509399,/api/balance,855.9,400,2026-07-02 21:25:36.771451,
REQ509400,/api/login,81.0,200,2026-06-15 16:40:12.044567,
REQ509401,/api/beneficiary,197.2,200,2026-07-07 00:11:14.726890,
REQ509402,/api/kyc/verify,207.4,200,2026-08-05 10:36:25.961745,
REQ509403,/api/statement,258.8,200,2026-05-25 05:44:12.186860,
REQ509404,/api/beneficiary,90.9,200,2026-03-28 00:40:31.039359,
REQ509405,/api/kyc/verify,159.7,200,2026-06-25 02:41:27.262880,
REQ509406,/api/statement,82.2,200,2026-08-19 12:31:27.681639,
REQ509407,/api/beneficiary,47.9,201,2026-05-01 20:39:15.151133,
REQ509408,/api/beneficiary,421.5,201,2026-07-10 23:50:35.212350,
REQ509409,/api/beneficiary,135.2,200,2026-04-26 00:37:30.118491,
REQ509410,/api/login,412.4,200,2026-07-28 20:34:15.857628,
REQ509411,/api/transfer,329.4,200,2026-08-03 00:57:07.704461,
REQ509412,/api/balance,603.7,201,2026-06-15 23:16:52.731760,
REQ509413,/api/transfer,372.7,200,2026-08-16 17:32:07.787262,
REQ509414,/api/statement,119.5,200,2026-06-08 13:16:24.120497,
REQ509415,/api/beneficiary,778.3,200,2026-06-13 20:43:30.763500,
REQ509416,/api/balance,246.1,200,2026-03-05 01:07:56.179648,
REQ509417,/api/statement,237.8,200,2026-07-16 03:48:36.751890,
REQ509418,/api/login,333.9,200,2026-07-17 12:55:52.057847,
REQ509419,/api/login,3923.2,200,2026-02-23 04:06:24.190136,
REQ509420,/api/balance,546.3,401,2026-03-06 09:23:24.449693,
REQ509421,/api/transfer,225.5,200,2026-05-25 08:52:18.286375,
REQ509422,/api/statement,346.8,200,2026-06-30 09:46:52.189927,
REQ509423,/api/transfer,424.8,200,2026-05-02 07:01:59.362788,
REQ509424,/api/statement,247.6,500,2026-05-21 09:58:06.741490,
REQ509425,/api/login,628.1,200,2026-08-09 18:31:00.318299,
REQ509426,/api/statement,425.6,200,2026-05-31 11:33:28.729382,
REQ509427,/api/kyc/verify,490.9,502,2026-08-01 00:19:25.478278,INC401184
REQ509428,/api/beneficiary,277.7,201,2026-05-17 22:00:57.150368,
REQ509429,/api/statement,511.5,200,2026-04-26 14:51:38.416750,
REQ509430,/api/balance,25.9,200,2026-03-03 08:59:16.020819,
REQ509431,/api/statement,85.3,200,2026-06-05 07:05:49.752105,
REQ509432,/api/transfer,345.0,200,2026-07-29 15:03:34.809003,
REQ509433,/api/login,49.9,200,2026-05-12 18:48:10.722069,
REQ509434,/api/login,729.1,200,2026-02-25 09:43:01.641162,
REQ509435,/api/login,399.7,500,2026-05-30 23:42:48.723254,
REQ509436,/api/login,190.1,200,2026-05-09 04:57:17.694824,
REQ509437,/api/beneficiary,528.6,200,2026-07-20 11:31:43.707302,
REQ509438,/api/transfer,166.6,200,2026-08-18 22:22:13.996992,
REQ509439,/api/login,169.8,200,2026-03-20 17:07:30.144193,
REQ509440,/api/statement,644.3,500,2026-03-25 20:52:24.962071,
REQ509441,/api/statement,220.0,200,2026-03-30 01:04:05.512869,
REQ509442,/api/beneficiary,52.8,200,2026-07-27 13:30:07.592229,
REQ509443,/api/kyc/verify,36.9,200,2026-03-24 18:21:05.756728,
REQ509444,/api/transfer,332.3,200,2026-06-23 06:14:08.380666,
REQ509445,/api/statement,236.9,200,2026-06-06 07:05:59.814182,
REQ509446,/api/transfer,238.5,200,2026-06-10 05:21:21.776634,
REQ509447,/api/beneficiary,278.2,200,2026-05-07 15:40:54.209663,
REQ509448,/api/balance,924.0,200,2026-06-08 15:56:38.814559,
REQ509449,/api/beneficiary,506.8,429,2026-03-12 21:18:13.347741,
REQ509450,/api/beneficiary,889.1,200,2026-08-13 08:04:14.011042,
REQ509451,/api/beneficiary,299.7,200,2026-05-03 19:19:04.333941,
REQ509452,/api/transfer,367.9,400,2026-05-23 11:13:46.599284,
REQ509453,/api/login,102.4,200,2026-03-24 11:49:34.194827,
REQ509454,/api/kyc/verify,344.7,200,2026-07-23 21:32:18.705576,
REQ509455,/api/kyc/verify,407.1,200,2026-07-11 15:12:11.293797,
REQ509456,/api/login,178.5,200,2026-05-07 02:55:59.131935,
REQ509457,/api/kyc/verify,364.7,200,2026-08-01 20:50:21.238995,
REQ509458,/api/statement,293.5,200,2026-07-21 10:00:44.408862,
REQ509459,/api/transfer,215.1,502,2026-08-04 01:52:25.138684,
REQ509460,/api/balance,249.8,200,2026-05-16 04:55:10.883945,
REQ509461,/api/login,397.9,200,2026-07-09 18:16:46.981011,
REQ509462,/api/balance,392.4,200,2026-07-25 00:33:39.540224,
REQ509463,/api/statement,124.3,200,2026-08-07 11:29:53.967484,
REQ509464,/api/transfer,271.7,200,2026-06-18 13:13:26.228336,
REQ509465,/api/login,182.4,200,2026-02-24 06:08:47.141479,
REQ509466,/api/statement,326.8,200,2026-04-28 18:59:36.646664,
REQ509467,/api/statement,414.1,200,2026-02-24 12:59:33.033841,
REQ509468,/api/transfer,348.7,200,2026-07-23 06:13:37.984509,
REQ509469,/api/transfer,135.3,200,2026-05-05 06:24:23.359330,
REQ509470,/api/beneficiary,46.1,200,2026-03-14 18:04:49.456849,
REQ509471,/api/statement,78.9,200,2026-08-05 12:06:21.225737,
REQ509472,/api/beneficiary,441.8,200,2026-07-29 22:33:04.801623,
REQ509473,/api/beneficiary,371.5,200,2026-05-29 09:16:47.119747,
REQ509474,/api/login,132.7,200,2026-05-30 02:13:14.094099,
REQ509475,/api/login,302.4,200,2026-04-04 21:01:57.232786,
REQ509476,/api/kyc/verify,231.8,502,2026-08-17 07:09:11.857098,INC402164
REQ509477,/api/login,299.9,200,2026-04-21 13:10:52.821478,
REQ509478,/api/balance,106.9,200,2026-04-29 21:39:45.167424,
REQ509479,/api/statement,137.9,200,2026-05-25 02:34:22.630976,
REQ509480,/api/login,163.3,502,2026-05-12 14:27:47.363893,INC402463
REQ509481,/api/transfer,767.5,200,2026-06-03 00:48:31.286385,
REQ509482,/api/kyc/verify,87.8,200,2026-03-03 22:11:28.769111,
REQ509483,/api/login,634.6,200,2026-04-10 22:23:38.386731,
REQ509484,/api/beneficiary,249.4,200,2026-08-04 00:19:01.922081,
REQ509485,/api/statement,79.3,200,2026-07-06 07:59:50.906090,
REQ509486,/api/statement,492.0,200,2026-05-06 08:54:24.401260,
REQ509487,/api/statement,290.3,401,2026-06-03 22:32:11.315471,
REQ509488,/api/login,234.3,503,2026-07-29 22:01:30.930632,INC402544
REQ509489,/api/transfer,193.5,200,2026-08-12 09:17:11.967944,
REQ509490,/api/kyc/verify,294.7,200,2026-06-23 16:30:18.238077,
REQ509491,/api/beneficiary,194.5,200,2026-05-29 08:33:32.404040,
REQ509492,/api/transfer,268.6,200,2026-06-14 10:20:40.629543,
REQ509493,/api/balance,287.2,200,2026-05-12 14:25:27.454344,
REQ509494,/api/balance,215.2,200,2026-05-19 05:12:10.479578,
REQ509495,/api/transfer,145.2,200,2026-04-04 08:34:33.271566,
REQ509496,/api/balance,482.9,200,2026-04-25 08:20:37.868760,
REQ509497,/api/statement,174.1,200,2026-04-03 17:29:02.413490,
REQ509498,/api/transfer,116.9,200,2026-07-15 01:01:42.264946,
REQ509499,/api/login,86.7,200,2026-03-29 06:40:14.679332,
REQ509500,/api/statement,53.7,200,2026-03-16 08:23:58.311153,
REQ509501,/api/beneficiary,437.3,200,2026-06-03 12:54:07.438207,
REQ509502,/api/login,281.2,200,2026-03-30 01:05:45.355721,
REQ509503,/api/balance,302.7,200,2026-07-04 01:11:20.202540,
REQ509504,/api/login,165.7,502,2026-08-07 14:20:34.342072,INC403653
REQ509505,/api/transfer,123.3,200,2026-05-24 04:11:26.611480,
REQ509506,/api/statement,112.9,200,2026-07-05 02:38:10.368188,
REQ509507,/api/transfer,230.9,400,2026-08-08 09:49:32.412488,
REQ509508,/api/transfer,103.1,200,2026-06-27 19:47:17.374006,
REQ509509,/api/kyc/verify,112.9,200,2026-04-05 19:57:21.315000,
REQ509510,/api/kyc/verify,332.6,200,2026-07-08 17:47:06.764818,
REQ509511,/api/beneficiary,193.1,200,2026-04-07 10:41:00.486810,
REQ509512,/api/balance,118.3,200,2026-08-18 12:32:15.882515,
REQ509513,/api/beneficiary,313.7,200,2026-04-21 08:47:56.128996,
REQ509514,/api/beneficiary,462.6,429,2026-03-19 12:06:31.248276,
REQ509515,/api/kyc/verify,143.2,201,2026-02-27 01:50:16.719211,
REQ509516,/api/transfer,101.7,200,2026-06-03 06:37:49.011861,
REQ509517,/api/balance,125.7,200,2026-07-18 08:11:55.315736,
REQ509518,/api/transfer,220.8,200,2026-03-19 19:19:23.317542,
REQ509519,/api/balance,380.3,200,2026-05-04 01:23:36.080423,
REQ509520,/api/beneficiary,245.2,200,2026-03-13 01:37:22.060898,
REQ509521,/api/transfer,600.2,503,2026-04-10 20:10:19.043687,INC404845
REQ509522,/api/balance,168.0,400,2026-04-06 08:03:07.415663,
REQ509523,/api/balance,1195.4,200,2026-06-10 05:10:17.927877,
REQ509524,/api/statement,220.1,200,2026-08-12 23:26:44.107201,
REQ509525,/api/kyc/verify,150.6,200,2026-03-05 11:35:40.683451,
REQ509526,/api/statement,191.2,504,2026-04-16 01:41:33.962812,INC405202
REQ509527,/api/login,758.0,200,2026-06-21 15:36:12.518787,
REQ509528,/api/login,313.6,401,2026-05-28 19:49:45.301477,
REQ509529,/api/transfer,127.0,201,2026-08-14 11:26:15.917432,
REQ509530,/api/beneficiary,204.3,200,2026-04-20 09:00:58.323958,
REQ509531,/api/statement,232.0,200,2026-04-26 14:28:38.183051,
REQ509532,/api/balance,111.0,400,2026-04-23 15:43:43.137736,
REQ509533,/api/statement,359.1,200,2026-04-12 17:47:43.104331,
REQ509534,/api/balance,1086.5,200,2026-04-14 21:03:56.817096,
REQ509535,/api/balance,179.9,200,2026-03-30 09:11:18.749398,
REQ509536,/api/kyc/verify,554.2,200,2026-02-26 18:30:13.184357,
REQ509537,/api/statement,453.5,200,2026-07-31 08:51:00.694295,
REQ509538,/api/beneficiary,5272.0,200,2026-07-22 15:16:47.514056,
REQ509539,/api/kyc/verify,66.0,200,2026-05-27 06:56:08.061398,
REQ509540,/api/beneficiary,38.8,200,2026-05-08 00:35:22.217183,
REQ509541,/api/transfer,59.3,200,2026-03-01 11:03:13.668336,
REQ509542,/api/balance,319.2,201,2026-06-09 02:39:01.095741,
REQ509543,/api/kyc/verify,352.1,200,2026-08-09 10:11:11.097719,
REQ509544,/api/statement,139.6,200,2026-04-20 05:25:29.292326,
REQ509545,/api/statement,139.9,200,2026-04-18 02:24:01.817418,
REQ509546,/api/transfer,288.7,429,2026-08-08 16:22:16.806843,
REQ509547,/api/kyc/verify,204.2,200,2026-03-02 18:47:09.524648,
REQ509548,/api/transfer,168.3,503,2026-03-07 08:50:45.579560,INC405459
REQ509549,/api/statement,303.3,500,2026-06-07 22:48:39.287932,
REQ509550,/api/balance,200.8,200,2026-03-03 10:28:18.258631,
REQ509551,/api/transfer,72.6,200,2026-04-22 17:20:55.118420,
REQ509552,/api/login,551.4,200,2026-03-20 16:35:17.418649,
REQ509553,/api/login,401.2,200,2026-05-24 09:57:28.256556,
REQ509554,/api/kyc/verify,233.9,200,2026-05-21 04:11:28.594307,
REQ509555,/api/transfer,292.4,200,2026-03-22 05:59:39.299171,
REQ509556,/api/beneficiary,313.2,200,2026-06-26 04:38:19.907058,
REQ509557,/api/balance,147.8,500,2026-03-08 06:22:01.628899,INC409051
REQ509558,/api/balance,151.1,200,2026-05-16 05:08:20.455985,
REQ509559,/api/statement,349.3,200,2026-03-15 20:54:34.469089,
REQ509560,/api/beneficiary,424.5,200,2026-03-29 22:52:18.815926,
REQ509561,/api/balance,187.7,200,2026-06-05 04:35:19.117995,
REQ509562,/api/kyc/verify,73.5,502,2026-07-01 10:06:23.025187,
REQ509563,/api/kyc/verify,154.3,504,2026-05-20 01:49:26.687392,INC406697
REQ509564,/api/transfer,184.6,200,2026-03-30 06:20:17.890558,
REQ509565,/api/beneficiary,829.2,200,2026-03-25 23:28:24.133710,
REQ509566,/api/transfer,896.2,200,2026-05-11 06:46:18.273468,
REQ509567,/api/beneficiary,164.0,200,2026-04-22 12:54:24.800849,
REQ509568,/api/transfer,380.2,400,2026-04-10 00:22:17.046616,
REQ509569,/api/kyc/verify,96.1,200,2026-03-06 21:31:14.137533,
REQ509570,/api/statement,68.3,502,2026-06-25 00:33:54.026415,
REQ509571,/api/statement,770.8,400,2026-07-10 08:31:54.220420,
REQ509572,/api/statement,238.5,200,2026-06-04 13:01:16.779006,
REQ509573,/api/statement,38.1,200,2026-03-08 13:57:26.571158,
REQ509574,/api/login,429.8,200,2026-04-11 03:35:53.842251,
REQ509575,/api/kyc/verify,406.5,200,2026-06-09 04:20:08.772482,
REQ509576,/api/kyc/verify,192.5,200,2026-07-09 20:28:30.222575,
REQ509577,/api/login,508.6,201,2026-07-27 09:16:38.128979,
REQ509578,/api/transfer,374.5,200,2026-07-04 05:31:44.763036,
REQ509579,/api/beneficiary,389.5,200,2026-05-03 03:15:16.202639,
REQ509580,/api/beneficiary,256.0,502,2026-04-19 12:10:08.480119,INC402148
REQ509581,/api/kyc/verify,114.8,200,2026-02-22 17:58:37.136017,
REQ509582,/api/kyc/verify,423.9,200,2026-08-14 04:02:07.236762,
REQ509583,/api/beneficiary,159.1,200,2026-05-25 13:01:02.809526,
REQ509584,/api/login,900.1,504,2026-08-12 09:34:14.829302,INC407132
REQ509585,/api/transfer,359.3,200,2026-08-19 07:15:47.518729,
REQ509586,/api/transfer,810.4,200,2026-04-08 04:40:11.386282,
REQ509587,/api/transfer,585.6,400,2026-06-01 19:50:02.010100,
REQ509588,/api/beneficiary,319.7,200,2026-04-08 13:06:32.644264,
REQ509589,/api/beneficiary,356.7,200,2026-03-24 22:47:25.551319,
REQ509590,/api/transfer,42.1,200,2026-07-12 02:07:04.019744,
REQ509591,/api/login,772.6,200,2026-05-28 09:58:48.473276,
REQ509592,/api/kyc/verify,206.7,200,2026-07-25 19:43:53.499694,
REQ509593,/api/beneficiary,330.0,200,2026-05-23 06:14:51.363748,
REQ509594,/api/beneficiary,183.2,200,2026-07-26 13:36:34.021407,
REQ509595,/api/login,345.3,200,2026-07-19 02:00:15.335301,
REQ509596,/api/login,624.8,504,2026-05-01 01:52:38.255711,INC402438
REQ509597,/api/statement,65.7,400,2026-07-28 23:49:32.880664,
REQ509598,/api/transfer,217.9,200,2026-03-04 15:35:52.222466,
REQ509599,/api/statement,174.1,200,2026-06-12 05:35:13.829214,
REQ509600,/api/transfer,169.8,429,2026-06-16 17:18:07.273780,
REQ509601,/api/statement,799.9,500,2026-05-20 23:50:15.700490,
REQ509602,/api/login,371.2,200,2026-07-30 12:53:30.952017,
REQ509603,/api/balance,323.0,200,2026-03-21 12:18:46.338032,
REQ509604,/api/statement,158.3,500,2026-05-18 05:20:03.358339,
REQ509605,/api/beneficiary,382.2,200,2026-05-23 18:36:46.044071,
REQ509606,/api/balance,226.6,200,2026-07-24 02:54:23.787891,
REQ509607,/api/login,31.2,200,2026-05-16 13:49:14.707182,
REQ509608,/api/transfer,115.0,200,2026-08-15 03:01:59.074047,
REQ509609,/api/login,141.3,200,2026-05-19 14:34:31.884598,
REQ509610,/api/kyc/verify,510.2,200,2026-05-06 05:21:03.038347,
REQ509611,/api/transfer,142.3,200,2026-05-05 08:11:38.221365,
REQ509612,/api/balance,90.5,504,2026-06-01 11:23:50.997112,
REQ509613,/api/balance,185.5,200,2026-04-27 07:22:10.008806,
REQ509614,/api/balance,68.2,400,2026-05-04 20:15:58.036056,
REQ509615,/api/beneficiary,97.8,200,2026-08-14 12:54:41.258494,
REQ509616,/api/balance,303.9,200,2026-03-01 15:45:47.645115,
REQ509617,/api/transfer,110.3,200,2026-03-04 20:29:55.319893,
REQ509618,/api/kyc/verify,110.7,503,2026-02-25 03:00:55.802330,INC405326
REQ509619,/api/beneficiary,53.1,200,2026-04-23 17:43:25.995881,
REQ509620,/api/kyc/verify,435.5,200,2026-03-02 02:20:06.849195,
REQ509621,/api/statement,159.8,200,2026-06-07 13:26:43.538597,
REQ509622,/api/statement,73.7,200,2026-04-18 13:56:53.211588,
REQ509623,/api/kyc/verify,352.2,200,2026-03-06 22:27:36.839974,
REQ509624,/api/beneficiary,788.5,200,2026-07-29 08:41:33.639388,
REQ509625,/api/kyc/verify,416.3,200,2026-08-08 13:37:41.017842,
REQ509626,/api/beneficiary,200.4,200,2026-02-23 22:03:05.826086,
REQ509627,/api/balance,105.3,500,2026-08-16 06:38:08.162406,
REQ509628,/api/kyc/verify,301.5,200,2026-08-07 21:40:08.396781,
REQ509629,/api/balance,247.1,200,2026-06-26 08:42:28.314188,
REQ509630,/api/kyc/verify,152.0,200,2026-05-11 01:54:07.003999,
REQ509631,/api/balance,207.7,200,2026-06-26 18:17:03.819027,
REQ509632,/api/login,438.8,200,2026-08-19 04:58:46.042179,
REQ509633,/api/statement,112.5,200,2026-08-05 05:08:42.213229,
REQ509634,/api/balance,222.3,200,2026-07-05 00:07:43.973897,
REQ509635,/api/kyc/verify,3688.8,503,2026-05-20 03:19:45.788096,
REQ509636,/api/kyc/verify,391.4,200,2026-04-19 05:21:17.520953,
REQ509637,/api/transfer,129.8,200,2026-03-18 17:06:23.706966,
REQ509638,/api/transfer,378.6,200,2026-07-17 07:24:38.465992,
REQ509639,/api/transfer,310.6,200,2026-05-08 03:07:13.707826,
REQ509640,/api/login,419.5,200,2026-07-21 19:30:42.314833,
REQ509641,/api/kyc/verify,191.2,200,2026-05-23 08:34:04.855801,
REQ509642,/api/beneficiary,390.3,200,2026-06-30 02:49:55.182811,
REQ509643,/api/transfer,606.7,200,2026-05-26 12:35:53.323518,
REQ509644,/api/transfer,308.3,200,2026-05-02 00:22:20.588863,
REQ509645,/api/beneficiary,1044.8,401,2026-04-04 12:31:26.343807,
REQ509646,/api/balance,160.1,200,2026-05-07 04:03:42.258857,
REQ509647,/api/balance,322.7,429,2026-07-07 10:05:53.398269,
REQ509648,/api/transfer,205.4,200,2026-08-09 15:00:20.966825,
REQ509649,/api/transfer,619.6,200,2026-07-04 09:44:07.780842,
REQ509650,/api/kyc/verify,583.2,400,2026-04-14 10:20:47.187949,
REQ509651,/api/kyc/verify,242.0,200,2026-05-03 19:29:21.351687,
REQ509652,/api/balance,5352.6,200,2026-04-05 23:41:09.783010,
REQ509653,/api/balance,498.7,200,2026-05-16 14:20:42.033318,
REQ509654,/api/statement,248.8,200,2026-05-16 11:21:03.571371,
REQ509655,/api/statement,96.1,200,2026-05-10 02:52:24.186286,
REQ509656,/api/kyc/verify,272.6,429,2026-03-13 10:59:25.031214,
REQ509657,/api/kyc/verify,299.7,500,2026-05-19 05:21:15.489018,INC400516
REQ509658,/api/beneficiary,305.7,200,2026-05-14 23:22:08.762218,
REQ509659,/api/kyc/verify,539.7,200,2026-04-10 18:59:40.301340,
REQ509660,/api/login,49.0,504,2026-04-04 14:41:56.592359,INC407563
REQ509661,/api/balance,230.4,200,2026-03-19 09:57:59.093833,
REQ509662,/api/transfer,180.2,200,2026-06-25 12:37:05.176334,
REQ509663,/api/balance,433.0,200,2026-06-03 14:03:47.588018,
REQ509664,/api/transfer,226.6,200,2026-06-30 06:39:30.824252,
REQ509665,/api/login,246.7,200,2026-08-12 10:31:58.882364,
REQ509666,/api/statement,228.3,200,2026-05-08 12:49:39.251008,
REQ509667,/api/beneficiary,713.8,200,2026-04-28 09:16:25.176751,
REQ509668,/api/beneficiary,36.3,200,2026-07-13 13:46:45.705721,
REQ509669,/api/statement,269.4,200,2026-05-19 00:18:58.867948,
REQ509670,/api/transfer,250.6,200,2026-04-15 05:21:47.636961,
REQ509671,/api/statement,346.1,200,2026-04-21 21:01:19.096511,
REQ509672,/api/kyc/verify,396.7,400,2026-04-10 18:29:40.078353,
REQ509673,/api/transfer,204.8,200,2026-08-03 04:53:19.982831,
REQ509674,/api/statement,240.9,200,2026-03-05 14:20:36.109644,
REQ509675,/api/statement,337.4,200,2026-08-14 20:12:31.604434,
REQ509676,/api/beneficiary,327.0,201,2026-05-21 12:20:40.273863,
REQ509677,/api/kyc/verify,396.8,200,2026-07-21 09:46:41.503606,
REQ509678,/api/login,505.1,500,2026-03-12 19:03:27.166579,INC406076
REQ509679,/api/login,421.8,200,2026-03-31 15:55:49.205670,
REQ509680,/api/kyc/verify,161.1,200,2026-04-04 16:22:16.502141,
REQ509681,/api/balance,73.9,200,2026-02-24 23:46:54.541192,
REQ509682,/api/statement,138.2,503,2026-07-04 09:04:09.951705,
REQ509683,/api/login,225.3,429,2026-03-29 06:01:53.798196,
REQ509684,/api/beneficiary,261.5,502,2026-04-23 12:19:40.878417,
REQ509685,/api/kyc/verify,161.3,200,2026-03-04 00:36:53.008502,
REQ509686,/api/statement,334.5,200,2026-04-29 19:53:17.072670,
REQ509687,/api/kyc/verify,422.5,200,2026-03-28 18:43:32.782215,
REQ509688,/api/balance,124.1,504,2026-04-02 18:58:47.312978,INC407652
REQ509689,/api/beneficiary,196.2,200,2026-04-18 14:27:08.862025,
REQ509690,/api/statement,115.6,200,2026-06-11 09:19:12.599288,
REQ509691,/api/login,555.7,200,2026-07-19 08:32:58.628422,
REQ509692,/api/statement,77.7,200,2026-08-03 13:11:08.043675,
REQ509693,/api/transfer,193.9,500,2026-03-07 10:23:15.655008,INC404744
REQ509694,/api/transfer,223.4,200,2026-06-09 14:12:37.899924,
REQ509695,/api/statement,915.6,201,2026-04-29 16:46:26.406824,
REQ509696,/api/beneficiary,363.6,200,2026-05-28 01:30:50.696362,
REQ509697,/api/kyc/verify,297.4,500,2026-05-08 04:25:35.147788,INC408912
REQ509698,/api/balance,9.0,400,2026-04-14 01:21:17.306433,
REQ509699,/api/beneficiary,32.6,200,2026-05-23 17:28:19.773953,
REQ509700,/api/beneficiary,96.3,200,2026-03-05 19:55:05.662918,
REQ509701,/api/statement,339.7,200,2026-08-11 00:43:13.379647,
REQ509702,/api/transfer,842.1,200,2026-06-02 13:27:44.023523,
REQ509703,/api/beneficiary,5058.3,200,2026-06-05 02:00:39.769422,
REQ509704,/api/transfer,394.0,200,2026-08-12 21:15:13.446623,
REQ509705,/api/balance,258.1,500,2026-08-01 14:19:46.963455,INC402491
REQ509706,/api/statement,277.8,200,2026-03-06 00:22:36.139365,
REQ509707,/api/balance,190.8,200,2026-07-29 08:59:44.188869,
REQ509708,/api/beneficiary,168.2,200,2026-04-21 15:28:48.349595,
REQ509709,/api/login,114.8,200,2026-05-06 21:50:56.713452,
REQ509710,/api/beneficiary,290.4,200,2026-05-11 06:01:35.202956,
REQ509711,/api/kyc/verify,107.7,201,2026-07-11 23:13:02.051956,
REQ509712,/api/login,649.4,200,2026-04-22 00:04:02.050225,
REQ509713,/api/kyc/verify,225.7,200,2026-06-21 09:04:17.739882,
REQ509714,/api/beneficiary,79.2,200,2026-05-10 21:41:32.769554,
REQ509715,/api/balance,108.0,200,2026-07-30 05:42:44.600184,
REQ509716,/api/beneficiary,299.3,400,2026-07-12 15:24:01.175346,
REQ509717,/api/beneficiary,294.5,502,2026-04-06 21:51:25.118865,INC404765
REQ509718,/api/balance,655.7,200,2026-07-07 18:35:22.464189,
REQ509719,/api/login,218.5,200,2026-07-09 07:20:17.282138,
REQ509720,/api/login,379.2,200,2026-03-12 06:53:03.426131,
REQ509721,/api/balance,327.6,200,2026-08-11 04:00:02.384751,
REQ509722,/api/login,545.1,200,2026-08-17 05:32:04.101961,
REQ509723,/api/kyc/verify,262.5,200,2026-06-07 14:49:04.636026,
REQ509724,/api/login,211.9,200,2026-05-19 12:40:19.727081,
REQ509725,/api/login,126.7,200,2026-03-02 09:46:29.507368,
REQ509726,/api/login,121.0,200,2026-06-16 19:57:00.063376,
REQ509727,/api/transfer,77.3,200,2026-07-26 22:30:48.443348,
REQ509728,/api/kyc/verify,8137.3,200,2026-07-21 16:15:38.825644,
REQ509729,/api/statement,607.7,200,2026-07-22 04:27:20.716585,
REQ509730,/api/kyc/verify,352.3,200,2026-08-14 14:44:40.164385,
REQ509731,/api/login,154.7,400,2026-03-13 20:57:13.634487,
REQ509732,/api/kyc/verify,154.6,502,2026-05-30 03:20:10.530455,
REQ509733,/api/statement,165.3,200,2026-06-17 22:30:23.427880,
REQ509734,/api/beneficiary,432.5,200,2026-03-01 09:10:46.293430,
REQ509735,/api/statement,311.3,200,2026-08-14 14:48:20.600997,
REQ509736,/api/kyc/verify,300.7,200,2026-07-25 19:01:05.675649,
REQ509737,/api/transfer,54.9,200,2026-06-26 21:55:32.665103,
REQ509738,/api/transfer,284.4,200,2026-08-13 10:33:30.509367,
REQ509739,/api/login,312.0,200,2026-08-13 09:17:54.395774,
REQ509740,/api/statement,577.3,200,2026-08-13 15:41:08.284186,
REQ509741,/api/login,147.3,200,2026-08-08 17:16:26.965674,
REQ509742,/api/balance,285.9,200,2026-04-22 06:47:28.822130,
REQ509743,/api/transfer,287.8,200,2026-07-31 10:44:54.469040,
REQ509744,/api/statement,610.1,200,2026-03-19 12:47:06.061218,
REQ509745,/api/login,193.7,200,2026-04-23 23:55:58.818822,
REQ509746,/api/login,507.1,200,2026-05-25 21:42:11.266553,
REQ509747,/api/transfer,215.9,201,2026-07-01 04:00:50.469654,
REQ509748,/api/statement,160.6,200,2026-06-17 08:44:52.717567,
REQ509749,/api/balance,514.4,200,2026-07-06 10:21:40.088402,
REQ509750,/api/balance,366.1,400,2026-08-18 17:33:34.152641,
REQ509751,/api/balance,232.4,200,2026-07-03 19:27:57.127486,
REQ509752,/api/balance,245.3,200,2026-03-27 17:35:15.210427,
REQ509753,/api/login,190.5,401,2026-07-14 18:32:06.711343,
REQ509754,/api/beneficiary,49.9,200,2026-03-02 09:55:27.585956,
REQ509755,/api/kyc/verify,82.6,200,2026-06-05 11:12:00.762482,
REQ509756,/api/transfer,243.1,201,2026-07-01 11:01:55.045327,
REQ509757,/api/transfer,154.7,200,2026-08-19 06:55:56.089193,
REQ509758,/api/beneficiary,59.8,500,2026-02-24 09:16:55.182675,
REQ509759,/api/login,256.8,502,2026-03-14 23:00:36.696312,INC407125
REQ509760,/api/beneficiary,72.8,429,2026-04-29 22:11:47.689459,
REQ509761,/api/login,296.5,200,2026-05-07 21:08:38.149153,
REQ509762,/api/beneficiary,897.8,201,2026-05-22 18:37:32.573807,
REQ509763,/api/kyc/verify,149.9,200,2026-04-06 12:42:55.765563,
REQ509764,/api/login,403.7,200,2026-03-07 23:45:48.602658,
REQ509765,/api/transfer,249.9,200,2026-04-05 05:12:37.561235,
REQ509766,/api/kyc/verify,480.0,500,2026-03-22 05:47:40.922964,INC401941
REQ509767,/api/beneficiary,451.3,400,2026-04-15 02:46:38.791756,
REQ509768,/api/beneficiary,521.1,200,2026-04-05 04:20:59.320838,
REQ509769,/api/balance,148.9,200,2026-02-26 09:26:06.518102,
REQ509770,/api/beneficiary,244.5,502,2026-03-09 06:17:37.400916,
REQ509771,/api/beneficiary,741.9,200,2026-05-07 14:23:48.732506,
REQ509772,/api/transfer,305.1,200,2026-06-03 01:37:23.381895,
REQ509773,/api/kyc/verify,239.1,200,2026-08-04 19:19:16.544598,
REQ509774,/api/login,48.0,200,2026-05-27 02:48:24.270995,
REQ509775,/api/balance,593.8,200,2026-03-04 06:30:09.323582,
REQ509776,/api/login,557.2,200,2026-04-15 20:39:47.095733,
REQ509777,/api/transfer,91.6,200,2026-03-22 14:52:44.989346,
REQ509778,/api/transfer,222.1,200,2026-06-14 04:46:12.617906,
REQ509779,/api/kyc/verify,479.4,200,2026-06-03 12:08:02.160171,
REQ509780,/api/kyc/verify,35.6,200,2026-02-22 00:47:55.016797,
REQ509781,/api/balance,37.5,200,2026-05-01 17:01:29.672168,
REQ509782,/api/transfer,257.6,200,2026-08-03 00:39:43.022417,
REQ509783,/api/login,512.6,200,2026-04-08 01:29:39.959854,
REQ509784,/api/balance,630.8,200,2026-06-29 09:22:42.763339,
REQ509785,/api/statement,119.5,200,2026-08-06 11:15:13.443757,
REQ509786,/api/kyc/verify,68.1,400,2026-06-14 00:49:20.090787,
REQ509787,/api/statement,747.3,201,2026-06-06 21:11:03.735959,
REQ509788,/api/login,6467.8,401,2026-06-18 15:17:29.663114,
REQ509789,/api/transfer,163.7,200,2026-05-09 03:03:08.095736,
REQ509790,/api/transfer,8979.0,200,2026-08-05 00:46:27.912717,
REQ509791,/api/transfer,442.5,400,2026-05-22 18:56:33.051033,
REQ509792,/api/login,373.9,200,2026-06-29 01:05:15.741610,
REQ509793,/api/balance,515.8,400,2026-07-05 05:11:32.522621,
REQ509794,/api/statement,505.6,200,2026-03-13 14:05:14.039202,
REQ509795,/api/login,662.8,200,2026-05-15 04:00:56.134912,
REQ509796,/api/statement,470.3,200,2026-05-09 19:36:23.737064,
REQ509797,/api/statement,138.7,502,2026-05-23 11:57:26.382283,INC409072
REQ509798,/api/balance,205.4,200,2026-06-25 00:42:06.718402,
REQ509799,/api/balance,668.6,500,2026-03-30 14:21:54.285462,
REQ509800,/api/kyc/verify,241.7,200,2026-03-26 06:36:15.256926,
REQ509801,/api/transfer,815.1,200,2026-05-23 17:05:51.449568,
REQ509802,/api/balance,496.0,200,2026-04-07 10:55:56.945399,
REQ509803,/api/balance,195.0,200,2026-08-17 09:29:29.337219,
REQ509804,/api/transfer,8411.4,200,2026-07-27 20:54:26.231945,
REQ509805,/api/statement,744.1,200,2026-05-31 23:50:12.916783,
REQ509806,/api/statement,545.2,200,2026-03-22 10:09:03.368099,
REQ509807,/api/beneficiary,66.1,400,2026-07-22 09:33:02.270364,
REQ509808,/api/balance,138.4,400,2026-05-15 15:23:16.628521,
REQ509809,/api/login,33.4,200,2026-07-13 10:56:12.493177,
REQ509810,/api/beneficiary,653.8,200,2026-08-15 04:40:03.229503,
REQ509811,/api/beneficiary,482.4,429,2026-02-23 18:42:25.608089,
REQ509812,/api/beneficiary,3237.3,200,2026-03-04 11:09:12.617091,
REQ509813,/api/transfer,643.1,200,2026-05-20 15:47:53.328152,
REQ509814,/api/login,218.5,502,2026-04-14 16:31:03.014282,INC409875
REQ509815,/api/kyc/verify,58.6,200,2026-04-26 14:01:43.884645,
REQ509816,/api/transfer,130.4,200,2026-07-28 17:58:05.487532,
REQ509817,/api/kyc/verify,31.7,200,2026-08-08 19:15:09.550975,
REQ509818,/api/beneficiary,184.0,200,2026-04-16 04:28:06.675091,
REQ509819,/api/transfer,87.0,200,2026-05-27 05:33:26.018198,
REQ509820,/api/transfer,149.0,200,2026-07-19 13:47:18.034616,
REQ509821,/api/beneficiary,75.3,200,2026-06-11 17:58:06.264194,
REQ509822,/api/transfer,210.9,200,2026-03-07 09:00:16.012785,
REQ509823,/api/beneficiary,524.8,500,2026-08-03 02:51:22.584663,INC404089
REQ509824,/api/statement,144.2,200,2026-02-23 17:28:13.648707,
REQ509825,/api/kyc/verify,77.3,200,2026-06-04 18:23:31.019828,
REQ509826,/api/balance,138.6,200,2026-05-22 05:40:43.360302,
REQ509827,/api/login,59.8,200,2026-04-12 08:27:55.165802,
REQ509828,/api/transfer,170.0,200,2026-04-05 18:49:47.040287,
REQ509829,/api/kyc/verify,386.2,200,2026-07-24 11:08:17.012980,
REQ509830,/api/balance,92.6,200,2026-06-20 21:02:38.776641,
REQ509831,/api/transfer,48.8,200,2026-04-20 06:36:32.697499,
REQ509832,/api/beneficiary,314.8,200,2026-06-01 01:21:17.502949,
REQ509833,/api/kyc/verify,302.9,200,2026-07-15 12:22:32.282342,
REQ509834,/api/beneficiary,118.9,502,2026-06-01 18:36:22.905026,INC402288
REQ509835,/api/balance,278.3,200,2026-06-15 07:14:21.880749,
REQ509836,/api/balance,284.3,200,2026-05-08 07:06:30.902615,
REQ509837,/api/login,140.7,200,2026-06-11 10:35:29.535392,
REQ509838,/api/beneficiary,72.1,200,2026-05-28 01:16:41.019968,
REQ509839,/api/beneficiary,161.2,200,2026-05-31 13:39:36.647280,
REQ509840,/api/transfer,286.2,200,2026-05-05 02:39:47.027484,
REQ509841,/api/login,105.2,200,2026-04-24 22:06:12.321295,
REQ509842,/api/beneficiary,205.6,200,2026-06-19 04:07:13.319898,
REQ509843,/api/login,3838.0,201,2026-07-22 18:49:34.438427,
REQ509844,/api/login,330.7,429,2026-07-18 02:23:35.871034,
REQ509845,/api/kyc/verify,722.7,200,2026-03-21 15:11:33.633230,
REQ509846,/api/kyc/verify,336.5,200,2026-08-09 06:50:07.790323,
REQ509847,/api/transfer,270.1,503,2026-03-27 22:50:15.765007,INC408010
REQ509848,/api/statement,212.6,502,2026-03-24 19:20:26.162184,
REQ509849,/api/statement,531.8,200,2026-04-30 22:43:52.372000,
REQ509850,/api/statement,432.3,200,2026-06-07 01:03:55.478819,
REQ509851,/api/beneficiary,148.8,200,2026-04-28 17:04:23.319850,
REQ509852,/api/balance,1383.1,200,2026-04-19 02:01:58.060572,
REQ509853,/api/kyc/verify,125.0,200,2026-03-20 11:57:17.286996,
REQ509854,/api/beneficiary,173.7,200,2026-04-29 10:25:01.566231,
REQ509855,/api/statement,199.3,200,2026-07-08 20:31:22.132768,
REQ509856,/api/statement,375.5,200,2026-05-30 10:45:40.554996,
REQ509857,/api/balance,64.8,200,2026-08-07 10:45:14.797152,
REQ509858,/api/kyc/verify,76.1,200,2026-08-03 17:49:48.337925,
REQ509859,/api/beneficiary,234.8,200,2026-07-30 15:23:18.480691,
REQ509860,/api/transfer,175.7,201,2026-07-29 00:14:12.221946,
REQ509861,/api/login,391.1,200,2026-06-06 09:15:59.996584,
REQ509862,/api/login,147.5,200,2026-07-23 09:33:12.118143,
REQ509863,/api/login,163.4,200,2026-04-18 10:17:37.102239,
REQ509864,/api/kyc/verify,378.8,200,2026-08-07 06:31:17.190422,
REQ509865,/api/login,316.0,200,2026-08-01 04:29:59.964815,
REQ509866,/api/transfer,467.6,504,2026-04-29 19:38:46.775547,INC401790
REQ509867,/api/login,466.3,200,2026-05-27 18:43:52.071720,
REQ509868,/api/kyc/verify,762.2,500,2026-05-25 10:46:59.389627,INC401860
REQ509869,/api/statement,561.2,200,2026-06-25 10:41:28.450223,
REQ509870,/api/statement,119.2,200,2026-05-31 05:23:10.942279,
REQ509871,/api/transfer,741.1,503,2026-03-09 04:18:42.400686,INC405576
REQ509872,/api/balance,175.9,200,2026-05-11 06:52:07.789284,
REQ509873,/api/transfer,171.8,503,2026-04-24 12:10:30.321835,
REQ509874,/api/login,158.8,400,2026-04-10 23:16:48.836476,
REQ509875,/api/statement,589.0,200,2026-08-04 00:34:09.060041,
REQ509876,/api/login,265.1,200,2026-03-09 20:52:15.399840,
REQ509877,/api/statement,645.8,200,2026-05-04 19:20:02.975007,
REQ509878,/api/beneficiary,81.3,200,2026-03-09 02:30:00.794033,
REQ509879,/api/transfer,473.0,200,2026-05-21 14:05:51.380354,
REQ509880,/api/beneficiary,230.9,200,2026-05-14 12:04:27.136589,
REQ509881,/api/balance,491.6,200,2026-06-18 20:28:55.104389,
REQ509882,/api/balance,377.2,200,2026-04-04 09:25:37.093305,
REQ509883,/api/statement,125.8,200,2026-05-23 03:58:13.863970,
REQ509884,/api/login,116.3,400,2026-04-06 07:02:47.565811,
REQ509885,/api/statement,396.6,200,2026-03-10 06:25:59.953749,
REQ509886,/api/kyc/verify,818.3,200,2026-04-02 05:05:04.504752,
REQ509887,/api/kyc/verify,37.5,200,2026-02-24 15:33:34.566136,
REQ509888,/api/beneficiary,46.5,200,2026-08-06 22:41:46.702966,
REQ509889,/api/balance,183.1,200,2026-07-18 23:04:42.376908,
REQ509890,/api/statement,378.1,200,2026-04-12 04:42:36.719715,
REQ509891,/api/balance,153.7,200,2026-06-22 15:25:50.720158,
REQ509892,/api/transfer,638.2,200,2026-06-03 21:43:20.498349,
REQ509893,/api/kyc/verify,168.1,500,2026-02-23 20:40:43.677700,
REQ509894,/api/kyc/verify,91.0,429,2026-06-13 23:52:53.411899,
REQ509895,/api/login,50.0,200,2026-04-22 21:10:22.809553,
REQ509896,/api/kyc/verify,61.6,200,2026-03-12 15:41:00.286205,
REQ509897,/api/transfer,593.3,200,2026-06-17 11:57:43.251369,
REQ509898,/api/kyc/verify,480.3,201,2026-06-27 09:32:57.444371,
REQ509899,/api/balance,186.0,500,2026-08-17 23:02:33.893126,INC402219
REQ509900,/api/balance,365.4,200,2026-04-23 07:14:09.979493,
REQ509901,/api/balance,67.8,200,2026-07-03 01:19:15.139386,
REQ509902,/api/kyc/verify,421.0,200,2026-06-20 14:53:09.867010,
REQ509903,/api/login,736.7,200,2026-07-16 20:57:47.827774,
REQ509904,/api/transfer,152.9,200,2026-07-17 18:42:08.234221,
REQ509905,/api/kyc/verify,571.4,200,2026-03-28 10:00:38.769074,
REQ509906,/api/beneficiary,449.9,200,2026-06-16 07:54:36.491387,
REQ509907,/api/transfer,468.9,200,2026-04-18 17:35:44.913264,
REQ509908,/api/statement,245.6,200,2026-05-02 06:53:37.245132,
REQ509909,/api/login,284.5,200,2026-04-29 08:30:37.684683,
REQ509910,/api/kyc/verify,398.3,200,2026-05-22 17:56:04.094972,
REQ509911,/api/beneficiary,136.0,500,2026-03-23 15:05:33.376883,INC400026
REQ509912,/api/statement,320.5,200,2026-08-06 06:12:59.259370,
REQ509913,/api/kyc/verify,151.1,200,2026-03-28 10:13:54.412284,
REQ509914,/api/beneficiary,156.8,200,2026-03-13 21:27:34.435764,
REQ509915,/api/login,31.7,400,2026-05-19 00:11:19.768473,
REQ509916,/api/login,179.9,200,2026-04-12 23:10:13.062054,
REQ509917,/api/beneficiary,293.7,200,2026-06-19 13:22:02.135495,
REQ509918,/api/transfer,318.6,200,2026-04-15 18:35:57.508917,
REQ509919,/api/login,101.0,200,2026-06-03 03:52:50.918858,
REQ509920,/api/login,6732.5,200,2026-03-07 08:29:36.735847,
REQ509921,/api/kyc/verify,329.3,200,2026-05-10 05:40:00.086002,
REQ509922,/api/beneficiary,463.7,200,2026-02-21 04:00:46.732967,
REQ509923,/api/kyc/verify,284.4,200,2026-04-02 16:10:45.968156,
REQ509924,/api/login,325.1,201,2026-05-03 05:12:37.467201,
REQ509925,/api/statement,29.6,401,2026-04-16 09:17:46.091106,
REQ509926,/api/login,245.9,200,2026-04-09 05:28:26.418287,
REQ509927,/api/beneficiary,360.0,429,2026-03-28 08:14:00.058476,
REQ509928,/api/beneficiary,603.0,200,2026-03-19 13:57:35.656717,
REQ509929,/api/kyc/verify,150.7,200,2026-03-14 13:18:02.352111,
REQ509930,/api/balance,111.0,200,2026-03-10 08:07:47.188456,
REQ509931,/api/beneficiary,339.9,429,2026-08-04 20:30:26.144289,
REQ509932,/api/statement,20.1,200,2026-06-27 15:40:05.283203,
REQ509933,/api/login,50.1,200,2026-07-21 02:00:46.987788,
REQ509934,/api/transfer,284.9,200,2026-07-30 17:20:37.129779,
REQ509935,/api/transfer,295.7,200,2026-06-07 15:30:09.218356,
REQ509936,/api/statement,336.9,200,2026-03-09 08:59:57.926750,
REQ509937,/api/statement,1015.1,200,2026-07-14 06:41:34.649484,
REQ509938,/api/beneficiary,238.4,200,2026-04-24 08:17:08.921038,
REQ509939,/api/kyc/verify,301.7,200,2026-05-24 17:09:52.925494,
REQ509940,/api/kyc/verify,1051.9,200,2026-04-19 08:09:22.025094,
REQ509941,/api/statement,356.5,200,2026-07-16 14:28:02.778597,
REQ509942,/api/kyc/verify,89.7,200,2026-03-25 11:53:29.471992,
REQ509943,/api/statement,55.1,200,2026-06-07 12:21:53.799950,
REQ509944,/api/login,241.5,503,2026-08-09 10:04:13.134093,INC400557
REQ509945,/api/login,423.5,200,2026-03-29 02:59:28.845038,
REQ509946,/api/kyc/verify,172.7,200,2026-07-04 21:24:41.795980,
REQ509947,/api/login,1201.2,200,2026-03-03 00:48:49.359058,
REQ509948,/api/login,468.4,200,2026-06-19 21:15:48.450881,
REQ509949,/api/beneficiary,254.3,200,2026-04-20 15:56:25.175940,
REQ509950,/api/beneficiary,81.8,200,2026-05-01 16:33:35.498222,
REQ509951,/api/beneficiary,98.0,200,2026-03-03 23:12:34.573466,
REQ509952,/api/transfer,68.2,200,2026-07-27 15:05:15.310774,
REQ509953,/api/beneficiary,115.9,200,2026-08-02 01:33:45.165351,
REQ509954,/api/statement,205.2,503,2026-04-13 02:17:33.160675,
REQ509955,/api/transfer,125.3,200,2026-04-25 19:27:32.547679,
REQ509956,/api/login,329.2,200,2026-07-28 09:21:51.891093,
REQ509957,/api/balance,148.1,500,2026-02-28 04:11:23.777391,
REQ509958,/api/beneficiary,114.5,200,2026-07-09 02:27:34.665169,
REQ509959,/api/kyc/verify,179.5,200,2026-07-19 11:11:25.974961,
REQ509960,/api/login,49.2,200,2026-05-30 03:51:31.377294,
REQ509961,/api/login,479.5,200,2026-07-11 05:32:18.491678,
REQ509962,/api/kyc/verify,107.5,200,2026-06-02 05:54:26.372964,
REQ509963,/api/balance,160.8,200,2026-06-11 18:31:11.758256,
REQ509964,/api/login,13.8,200,2026-05-13 01:13:06.898223,
REQ509965,/api/kyc/verify,7173.7,200,2026-07-15 10:44:30.574617,
REQ509966,/api/balance,446.5,200,2026-04-17 10:11:04.670409,
REQ509967,/api/balance,248.1,200,2026-03-04 15:07:20.659701,
REQ509968,/api/beneficiary,329.5,504,2026-07-12 13:42:34.075584,INC407972
REQ509969,/api/login,533.2,200,2026-06-13 10:53:21.864767,
REQ509970,/api/transfer,286.1,200,2026-02-23 11:33:41.772003,
REQ509971,/api/beneficiary,229.0,200,2026-02-25 21:10:20.771822,
REQ509972,/api/balance,337.6,200,2026-07-25 13:03:22.346530,
REQ509973,/api/transfer,304.3,200,2026-03-20 02:05:07.664239,
REQ509974,/api/login,322.0,200,2026-07-28 14:24:52.351367,
REQ509975,/api/balance,314.9,200,2026-05-15 12:39:26.875240,
REQ509976,/api/statement,120.2,200,2026-05-17 13:20:11.255831,
REQ509977,/api/statement,297.2,200,2026-05-25 11:05:23.319879,
REQ509978,/api/balance,227.8,502,2026-02-21 20:47:47.476612,INC409075
REQ509979,/api/transfer,196.2,200,2026-04-01 11:17:11.956960,
REQ509980,/api/login,354.1,200,2026-05-27 02:05:27.633645,
REQ509981,/api/kyc/verify,183.8,200,2026-08-03 02:49:39.777729,
REQ509982,/api/statement,267.0,200,2026-03-04 08:04:07.324913,
REQ509983,/api/statement,421.3,200,2026-07-31 21:20:17.942999,
REQ509984,/api/beneficiary,128.5,200,2026-06-30 04:45:28.416012,
REQ509985,/api/statement,130.1,200,2026-06-11 20:57:42.431577,
REQ509986,/api/transfer,323.0,201,2026-02-28 21:12:12.802050,
REQ509987,/api/login,255.8,200,2026-03-16 03:45:35.842934,
REQ509988,/api/statement,454.0,200,2026-04-10 17:33:19.648979,
REQ509989,/api/login,96.3,200,2026-04-15 11:49:45.522233,
REQ509990,/api/balance,158.1,200,2026-04-11 21:02:29.573760,
REQ509991,/api/balance,56.6,503,2026-02-23 13:24:41.867440,INC406413
REQ509992,/api/transfer,289.6,200,2026-06-29 14:42:32.652492,
REQ509993,/api/beneficiary,505.3,200,2026-05-26 08:58:53.055574,
REQ509994,/api/balance,269.9,200,2026-04-28 23:34:41.256253,
REQ509995,/api/statement,94.4,200,2026-03-07 21:43:21.285369,
REQ509996,/api/transfer,619.3,502,2026-06-29 10:55:40.059533,
REQ509997,/api/beneficiary,484.3,200,2026-04-07 18:42:17.804859,
REQ509998,/api/transfer,222.5,200,2026-02-25 02:56:35.153530,
REQ509999,/api/transfer,56.0,200,2026-05-29 19:54:01.265640,
REQ510000,/api/beneficiary,667.8,200,2026-08-05 07:23:53.201414,
REQ510001,/api/statement,414.0,200,2026-06-22 08:19:32.184434,
REQ510002,/api/login,184.7,200,2026-06-02 13:48:43.367750,
REQ510003,/api/kyc/verify,345.5,200,2026-03-30 08:29:17.080112,
REQ510004,/api/transfer,299.5,200,2026-05-14 13:36:01.139235,
REQ510005,/api/balance,43.1,503,2026-05-03 14:10:30.528883,INC404531
REQ510006,/api/statement,199.3,200,2026-05-17 14:03:26.540493,
REQ510007,/api/beneficiary,143.5,200,2026-07-11 10:34:29.037415,
REQ510008,/api/balance,204.8,200,2026-06-21 21:44:34.480399,
REQ510009,/api/balance,208.9,200,2026-07-29 20:39:15.158589,
REQ510010,/api/statement,73.9,200,2026-05-28 19:40:48.409254,
REQ510011,/api/kyc/verify,295.1,400,2026-03-31 14:14:47.235883,
REQ510012,/api/login,226.0,200,2026-07-16 06:42:57.218596,
REQ510013,/api/kyc/verify,498.6,400,2026-06-01 04:04:58.448452,
REQ510014,/api/statement,525.0,200,2026-07-17 23:30:03.496076,
REQ510015,/api/balance,308.3,200,2026-07-09 07:52:53.723261,
REQ510016,/api/kyc/verify,98.7,200,2026-03-04 15:26:06.002825,
REQ510017,/api/login,394.4,200,2026-04-20 06:29:36.356472,
REQ510018,/api/balance,107.5,200,2026-06-25 09:22:19.306611,
REQ510019,/api/statement,447.0,503,2026-06-22 04:02:36.364094,INC404990
REQ510020,/api/login,265.2,200,2026-02-26 22:41:09.713429,
REQ510021,/api/balance,492.2,200,2026-02-24 01:34:17.915674,
REQ510022,/api/statement,106.4,200,2026-03-22 05:59:51.842573,
REQ510023,/api/login,113.5,200,2026-04-10 14:48:37.808690,
REQ510024,/api/balance,692.6,200,2026-04-05 22:10:36.497518,
REQ510025,/api/kyc/verify,167.1,200,2026-03-30 08:45:13.456690,
REQ510026,/api/statement,466.3,200,2026-06-09 10:49:28.943913,
REQ510027,/api/beneficiary,48.9,200,2026-05-12 20:11:51.271207,
REQ510028,/api/statement,652.4,200,2026-05-04 15:37:57.082495,
REQ510029,/api/transfer,94.7,503,2026-05-27 07:37:18.057050,
REQ510030,/api/beneficiary,133.7,200,2026-07-03 22:15:04.833415,
REQ510031,/api/beneficiary,103.4,200,2026-08-13 16:21:33.744495,
REQ510032,/api/balance,156.6,200,2026-07-17 20:45:04.047140,
REQ510033,/api/balance,91.7,200,2026-08-16 10:57:44.380671,
REQ510034,/api/beneficiary,253.3,500,2026-07-12 04:00:40.286475,INC404163
REQ510035,/api/kyc/verify,62.4,200,2026-06-10 17:46:20.439870,
REQ510036,/api/kyc/verify,540.4,400,2026-04-01 23:26:45.626798,
REQ510037,/api/statement,556.2,200,2026-06-18 23:20:41.310759,
REQ510038,/api/beneficiary,8967.0,200,2026-05-28 04:47:03.410258,
REQ510039,/api/kyc/verify,301.2,200,2026-06-06 19:00:27.030056,
REQ510040,/api/kyc/verify,117.5,200,2026-05-05 21:40:36.235331,
REQ510041,/api/login,265.7,200,2026-05-16 15:46:20.647546,
REQ510042,/api/kyc/verify,146.1,200,2026-08-12 23:45:40.993497,
REQ510043,/api/kyc/verify,103.4,504,2026-06-15 01:04:30.569940,INC407919
REQ510044,/api/kyc/verify,285.7,200,2026-06-30 03:27:38.933347,
REQ510045,/api/transfer,53.7,200,2026-03-14 11:04:28.437788,
REQ510046,/api/kyc/verify,386.7,200,2026-07-22 14:59:34.139978,
REQ510047,/api/balance,509.7,500,2026-02-26 04:04:51.619395,INC408661
REQ510048,/api/statement,84.0,200,2026-04-20 23:49:57.391532,
REQ510049,/api/beneficiary,20.5,200,2026-05-20 13:19:44.351010,
REQ510050,/api/balance,3043.6,200,2026-04-29 01:34:00.359332,
REQ510051,/api/beneficiary,210.8,400,2026-08-10 17:12:23.249726,
REQ510052,/api/transfer,7165.3,200,2026-08-01 23:27:45.708392,
REQ510053,/api/transfer,166.5,400,2026-06-09 21:54:48.166740,
REQ510054,/api/beneficiary,516.9,200,2026-04-06 07:40:05.338285,
REQ510055,/api/beneficiary,111.0,200,2026-06-04 16:27:02.583684,
REQ510056,/api/kyc/verify,274.5,200,2026-02-26 15:58:45.630842,
REQ510057,/api/statement,399.9,200,2026-07-17 07:02:14.040553,
REQ510058,/api/transfer,462.8,200,2026-07-21 07:11:39.253517,
REQ510059,/api/transfer,345.0,200,2026-04-25 08:54:26.106426,
REQ510060,/api/statement,114.7,502,2026-06-03 12:37:58.848368,INC404745
REQ510061,/api/balance,143.3,200,2026-07-06 21:42:38.814546,
REQ510062,/api/beneficiary,226.9,200,2026-05-24 21:12:46.864953,
REQ510063,/api/statement,132.8,500,2026-03-12 06:18:24.458173,
REQ510064,/api/balance,120.5,200,2026-04-23 21:28:01.848282,
REQ510065,/api/transfer,260.5,200,2026-05-13 09:31:44.430614,
REQ510066,/api/statement,207.0,200,2026-05-28 15:46:20.725693,
REQ510067,/api/statement,634.2,201,2026-08-18 20:34:46.943471,
REQ510068,/api/statement,488.3,400,2026-05-14 23:18:31.322250,
REQ510069,/api/login,374.7,200,2026-04-30 20:11:53.600544,
REQ510070,/api/beneficiary,267.4,200,2026-06-28 17:33:08.757789,
REQ510071,/api/login,133.7,201,2026-03-12 13:56:42.796763,
REQ510072,/api/login,1183.1,200,2026-02-25 00:08:31.999960,
REQ510073,/api/kyc/verify,118.6,200,2026-05-13 19:15:35.614340,
REQ510074,/api/statement,126.9,200,2026-06-27 06:48:41.810968,
REQ510075,/api/statement,206.1,200,2026-05-30 21:06:59.583269,
REQ510076,/api/balance,159.8,200,2026-07-20 13:57:20.250791,
REQ510077,/api/balance,232.2,200,2026-02-22 02:55:21.131631,
REQ510078,/api/balance,371.3,200,2026-03-08 19:13:38.821553,
REQ510079,/api/statement,115.3,201,2026-08-12 18:40:38.190727,
REQ510080,/api/transfer,186.8,200,2026-06-26 16:10:42.315609,
REQ510081,/api/beneficiary,108.8,200,2026-04-08 18:36:04.533022,
REQ510082,/api/transfer,175.5,200,2026-06-20 06:14:51.659505,
REQ510083,/api/balance,139.3,200,2026-06-30 18:49:46.969587,
REQ510084,/api/statement,56.8,200,2026-06-28 01:25:29.848432,
REQ510085,/api/balance,164.5,429,2026-08-18 08:04:30.305435,
REQ510086,/api/balance,461.1,200,2026-07-19 11:39:02.033454,
REQ510087,/api/balance,324.7,200,2026-07-17 19:47:40.970445,
REQ510088,/api/statement,250.0,200,2026-07-18 02:51:17.752306,
REQ510089,/api/kyc/verify,161.7,200,2026-07-01 14:42:32.539272,
REQ510090,/api/kyc/verify,202.3,500,2026-02-22 02:39:30.829507,INC400354
REQ510091,/api/transfer,78.7,200,2026-08-06 15:28:56.255682,
REQ510092,/api/kyc/verify,685.9,200,2026-06-30 02:06:38.447524,
REQ510093,/api/transfer,86.9,200,2026-06-22 22:45:29.692897,
REQ510094,/api/balance,425.3,502,2026-05-04 02:42:14.118461,
REQ510095,/api/balance,689.7,200,2026-08-05 04:28:06.506560,
REQ510096,/api/statement,661.0,200,2026-06-21 02:17:53.894093,
REQ510097,/api/balance,209.3,200,2026-06-15 10:31:11.809282,
REQ510098,/api/balance,228.8,400,2026-03-13 08:51:53.441596,
REQ510099,/api/kyc/verify,956.5,200,2026-05-15 13:53:31.299347,
REQ510100,/api/balance,115.6,200,2026-04-07 06:57:43.560824,
REQ510101,/api/statement,267.1,200,2026-03-13 19:29:29.205293,
REQ510102,/api/balance,436.9,200,2026-04-20 05:40:46.320232,
REQ510103,/api/balance,304.4,200,2026-05-17 05:38:31.749518,
REQ510104,/api/login,533.6,200,2026-06-26 10:51:27.821959,
REQ510105,/api/beneficiary,3828.3,400,2026-05-16 16:48:54.529653,
REQ510106,/api/beneficiary,888.0,200,2026-08-07 22:02:41.459902,
REQ510107,/api/statement,399.3,200,2026-07-06 18:09:15.883406,
REQ510108,/api/beneficiary,116.4,200,2026-03-31 14:22:59.523802,
REQ510109,/api/kyc/verify,186.8,200,2026-03-13 23:39:36.469129,
REQ510110,/api/balance,99.4,200,2026-07-21 14:04:30.892730,
REQ510111,/api/kyc/verify,489.2,200,2026-07-15 04:05:21.635855,
REQ510112,/api/balance,91.8,200,2026-05-30 09:04:36.077867,
REQ510113,/api/beneficiary,13.9,200,2026-03-18 21:51:16.688551,
REQ510114,/api/transfer,229.0,200,2026-03-05 11:04:24.847579,
REQ510115,/api/kyc/verify,677.7,503,2026-08-09 13:07:53.850278,
REQ510116,/api/transfer,195.3,200,2026-06-02 19:30:08.971340,
REQ510117,/api/login,333.4,200,2026-06-18 22:01:29.030672,
REQ510118,/api/kyc/verify,174.5,200,2026-02-21 06:03:43.906679,
REQ510119,/api/kyc/verify,58.2,200,2026-08-15 13:36:56.444099,
REQ510120,/api/balance,173.8,200,2026-04-07 06:51:53.259088,
REQ510121,/api/statement,326.9,200,2026-04-07 12:19:07.102728,
REQ510122,/api/statement,182.0,200,2026-05-02 00:02:34.424277,
REQ510123,/api/balance,93.9,200,2026-03-16 22:27:17.301487,
REQ510124,/api/login,801.1,200,2026-05-06 02:15:05.211794,
REQ510125,/api/beneficiary,279.3,200,2026-08-16 21:01:17.562366,
REQ510126,/api/statement,20.6,200,2026-03-16 21:22:44.675994,
REQ510127,/api/transfer,45.2,200,2026-07-25 18:39:06.023899,
REQ510128,/api/kyc/verify,345.1,500,2026-04-17 02:45:23.525254,INC407164
REQ510129,/api/transfer,37.8,400,2026-03-11 06:47:52.654171,
REQ510130,/api/kyc/verify,183.4,200,2026-08-07 03:24:34.511683,
REQ510131,/api/beneficiary,661.2,200,2026-07-06 05:22:07.195382,
REQ510132,/api/beneficiary,180.0,400,2026-05-07 20:08:58.380847,
REQ510133,/api/statement,521.2,200,2026-03-14 16:35:25.657272,
REQ510134,/api/kyc/verify,362.9,200,2026-03-31 09:54:20.279725,
REQ510135,/api/statement,693.7,200,2026-03-01 08:50:35.219735,
REQ510136,/api/beneficiary,223.0,200,2026-07-19 21:43:48.689532,
REQ510137,/api/beneficiary,291.0,200,2026-03-24 09:59:29.318913,
REQ510138,/api/kyc/verify,413.4,200,2026-04-06 17:36:09.656046,
REQ510139,/api/balance,261.9,200,2026-02-27 19:01:27.372990,
REQ510140,/api/transfer,293.0,502,2026-03-01 21:20:42.013229,
REQ510141,/api/balance,317.9,400,2026-08-14 14:14:01.774342,
REQ510142,/api/transfer,51.0,200,2026-05-24 05:45:30.048719,
REQ510143,/api/statement,179.4,200,2026-05-26 00:02:14.397790,
REQ510144,/api/beneficiary,349.8,200,2026-03-25 14:11:10.551032,
REQ510145,/api/kyc/verify,405.1,200,2026-06-22 22:55:36.146942,
REQ510146,/api/kyc/verify,100.9,201,2026-07-16 06:39:46.702277,
REQ510147,/api/login,583.3,200,2026-05-24 14:51:39.371606,
REQ510148,/api/beneficiary,216.5,200,2026-02-26 19:06:39.661788,
REQ510149,/api/transfer,315.7,200,2026-03-17 07:09:41.377392,
REQ510150,/api/kyc/verify,8.4,200,2026-05-10 07:30:17.039547,
REQ510151,/api/statement,162.8,200,2026-03-08 06:29:53.044353,
REQ510152,/api/statement,497.7,200,2026-06-10 18:46:44.001095,
REQ510153,/api/login,239.1,201,2026-07-17 13:53:53.690430,
REQ510154,/api/balance,326.5,500,2026-05-04 04:02:20.263486,INC403842
REQ510155,/api/balance,267.4,200,2026-04-06 08:15:45.442375,
REQ510156,/api/statement,199.7,200,2026-05-19 10:49:28.386594,
REQ510157,/api/login,248.2,200,2026-06-07 18:58:07.941660,
REQ510158,/api/kyc/verify,322.7,200,2026-06-20 23:03:03.042500,
REQ510159,/api/transfer,92.8,200,2026-05-16 06:56:26.504945,
REQ510160,/api/login,98.1,200,2026-04-17 19:31:27.867027,
REQ510161,/api/beneficiary,557.0,400,2026-03-21 16:51:07.760028,
REQ510162,/api/login,362.0,401,2026-03-29 00:21:40.036816,
REQ510163,/api/statement,486.8,200,2026-04-16 16:36:03.613531,
REQ510164,/api/kyc/verify,88.2,200,2026-06-22 22:33:17.535551,
REQ510165,/api/balance,141.0,200,2026-03-25 15:43:39.990133,
REQ510166,/api/balance,154.8,200,2026-04-21 01:27:45.220221,
REQ510167,/api/login,335.4,200,2026-05-05 10:02:16.154732,
REQ510168,/api/beneficiary,133.8,400,2026-03-04 21:14:38.437022,
REQ510169,/api/kyc/verify,29.5,200,2026-08-11 01:12:30.384342,
REQ510170,/api/beneficiary,702.7,200,2026-06-03 10:14:54.882673,
REQ510171,/api/beneficiary,204.3,200,2026-06-22 22:03:34.904822,
REQ510172,/api/login,356.1,200,2026-07-10 20:44:57.022144,
REQ510173,/api/transfer,179.4,502,2026-08-19 10:56:40.918275,
REQ510174,/api/kyc/verify,241.9,200,2026-06-02 12:34:07.339672,
REQ510175,/api/beneficiary,187.8,200,2026-02-27 10:01:13.662255,
REQ510176,/api/login,210.5,200,2026-03-23 06:33:28.891496,
REQ510177,/api/beneficiary,183.5,504,2026-03-24 15:24:33.414427,
REQ510178,/api/statement,147.2,200,2026-06-05 23:19:06.695483,
REQ510179,/api/login,638.5,400,2026-04-13 16:31:11.196942,
REQ510180,/api/statement,4.3,500,2026-03-30 17:01:31.351351,
REQ510181,/api/login,330.7,200,2026-03-13 01:51:03.744454,
REQ510182,/api/statement,215.1,503,2026-03-14 00:43:51.439798,INC400473
REQ510183,/api/balance,550.7,201,2026-07-11 17:28:32.670671,
REQ510184,/api/transfer,468.0,200,2026-07-17 19:58:43.374451,
REQ510185,/api/balance,115.8,200,2026-05-16 20:27:56.903684,
REQ510186,/api/statement,126.9,200,2026-03-29 01:50:42.861679,
REQ510187,/api/statement,82.0,200,2026-05-14 05:57:58.079276,
REQ510188,/api/transfer,77.2,201,2026-03-02 19:10:49.282361,
REQ510189,/api/kyc/verify,960.7,200,2026-07-30 05:56:12.397367,
REQ510190,/api/login,8709.8,200,2026-04-09 16:58:59.929834,
REQ510191,/api/balance,202.0,400,2026-07-17 13:36:46.172870,
REQ510192,/api/statement,207.7,200,2026-08-16 22:42:15.809427,
REQ510193,/api/transfer,174.9,200,2026-04-15 04:50:43.775268,
REQ510194,/api/statement,90.8,201,2026-03-06 22:46:34.622971,
REQ510195,/api/balance,337.6,200,2026-07-10 04:23:22.707997,
REQ510196,/api/kyc/verify,337.2,200,2026-03-02 20:21:03.214785,
REQ510197,/api/balance,361.7,200,2026-06-19 21:44:58.945409,
REQ510198,/api/login,94.1,200,2026-05-29 21:51:45.239921,
REQ510199,/api/login,25.8,200,2026-03-28 13:00:32.557754,
REQ510200,/api/balance,469.7,200,2026-05-23 07:20:29.044210,
REQ510201,/api/statement,187.8,503,2026-06-08 14:30:46.139808,INC402678
REQ510202,/api/statement,105.7,429,2026-08-07 04:00:14.647042,
REQ510203,/api/login,6093.5,200,2026-04-11 23:20:02.323376,
REQ510204,/api/kyc/verify,694.7,200,2026-03-11 16:50:02.155133,
REQ510205,/api/beneficiary,132.0,200,2026-08-08 18:01:26.025766,
REQ510206,/api/transfer,259.4,200,2026-05-24 08:36:25.352960,
REQ510207,/api/balance,654.7,401,2026-06-04 08:37:16.884665,
REQ510208,/api/login,389.4,500,2026-07-13 00:04:07.335562,
REQ510209,/api/statement,131.8,200,2026-08-10 23:39:15.660033,
REQ510210,/api/login,422.5,200,2026-04-11 16:55:38.369717,
REQ510211,/api/beneficiary,229.1,200,2026-06-18 11:19:10.049520,
REQ510212,/api/login,347.8,200,2026-07-16 22:50:54.988526,
REQ510213,/api/kyc/verify,263.4,200,2026-07-29 22:07:45.727642,
REQ510214,/api/login,66.8,401,2026-06-27 01:45:53.392712,
REQ510215,/api/beneficiary,146.0,200,2026-06-12 03:52:53.696793,
REQ510216,/api/transfer,483.5,200,2026-04-20 03:57:04.944618,
REQ510217,/api/kyc/verify,99.8,503,2026-07-09 04:12:19.831907,INC409312
REQ510218,/api/kyc/verify,276.4,502,2026-07-17 14:24:54.766410,INC401140
REQ510219,/api/transfer,65.6,503,2026-08-16 20:50:12.176645,INC401767
REQ510220,/api/login,93.6,200,2026-05-06 15:02:30.701652,
REQ510221,/api/beneficiary,50.2,200,2026-04-25 21:27:53.398301,
REQ510222,/api/beneficiary,457.5,200,2026-05-19 02:24:08.333905,
REQ510223,/api/login,514.4,200,2026-07-25 01:00:25.604054,
REQ510224,/api/balance,284.1,200,2026-04-15 01:08:21.541764,
REQ510225,/api/kyc/verify,202.7,200,2026-03-14 07:32:07.618013,
REQ510226,/api/login,303.8,200,2026-04-04 06:18:02.837270,
REQ510227,/api/beneficiary,323.3,400,2026-05-08 04:13:17.674924,
REQ510228,/api/balance,113.2,429,2026-06-10 00:16:43.550406,
REQ510229,/api/beneficiary,377.6,200,2026-07-28 17:15:47.162243,
REQ510230,/api/kyc/verify,175.0,200,2026-05-26 01:11:52.286859,
REQ510231,/api/statement,142.6,200,2026-05-16 05:01:30.650891,
REQ510232,/api/beneficiary,275.4,200,2026-08-04 12:34:24.156571,
REQ510233,/api/statement,373.1,429,2026-06-04 15:14:28.325151,
REQ510234,/api/statement,366.0,200,2026-03-13 10:49:29.075670,
REQ510235,/api/balance,775.5,200,2026-05-15 09:14:39.866200,
REQ510236,/api/transfer,714.3,200,2026-04-21 00:37:26.421123,
REQ510237,/api/beneficiary,111.0,201,2026-04-30 12:39:42.842666,
REQ510238,/api/balance,366.6,200,2026-06-04 00:42:28.727750,
REQ510239,/api/kyc/verify,330.2,200,2026-08-15 20:15:35.481728,
REQ510240,/api/balance,214.1,200,2026-03-04 16:56:35.709262,
REQ510241,/api/balance,51.2,200,2026-05-07 10:52:41.289892,
REQ510242,/api/login,845.7,200,2026-06-25 14:11:38.745137,
REQ510243,/api/statement,261.5,200,2026-04-16 21:54:36.270952,
REQ510244,/api/statement,536.3,500,2026-04-13 07:54:28.326364,
REQ510245,/api/transfer,105.7,502,2026-02-26 10:55:07.843201,
REQ510246,/api/kyc/verify,294.4,200,2026-05-08 23:03:55.609772,
REQ510247,/api/kyc/verify,498.1,200,2026-04-03 21:26:06.320861,
REQ510248,/api/kyc/verify,83.7,200,2026-05-02 12:58:02.383288,
REQ510249,/api/kyc/verify,403.2,200,2026-05-16 04:26:47.578246,
REQ510250,/api/beneficiary,107.9,200,2026-06-04 14:55:51.782662,
REQ510251,/api/balance,929.5,200,2026-02-22 08:31:32.486924,
REQ510252,/api/beneficiary,363.4,200,2026-04-18 04:40:57.589251,
REQ510253,/api/transfer,276.9,200,2026-07-21 02:57:02.906711,
REQ510254,/api/balance,927.7,200,2026-07-22 17:38:43.790818,
REQ510255,/api/kyc/verify,172.0,200,2026-03-03 21:17:16.843700,
REQ510256,/api/balance,309.0,200,2026-07-03 16:13:13.221964,
REQ510257,/api/login,283.9,200,2026-07-24 16:50:43.886411,
REQ510258,/api/login,65.3,200,2026-07-23 16:43:42.551223,
REQ510259,/api/login,64.3,201,2026-04-11 17:36:02.549584,
REQ510260,/api/login,71.2,502,2026-05-17 07:05:03.599192,
REQ510261,/api/kyc/verify,678.7,200,2026-08-14 15:08:07.301711,
REQ510262,/api/kyc/verify,171.2,200,2026-04-19 18:08:50.830024,
REQ510263,/api/login,440.2,200,2026-03-14 16:16:20.341166,
REQ510264,/api/balance,284.7,200,2026-05-08 05:36:22.008274,
REQ510265,/api/beneficiary,119.4,503,2026-08-02 15:38:07.571959,
REQ510266,/api/login,303.6,429,2026-03-12 06:10:22.426993,
REQ510267,/api/beneficiary,322.2,200,2026-06-22 09:26:04.663892,
REQ510268,/api/balance,126.3,200,2026-07-06 14:35:19.894742,
REQ510269,/api/balance,441.4,200,2026-02-21 15:13:32.524608,
REQ510270,/api/login,745.0,200,2026-06-16 22:22:19.973910,
REQ510271,/api/login,553.6,200,2026-03-22 00:55:43.357478,
REQ510272,/api/beneficiary,636.4,200,2026-06-09 14:05:01.487834,
REQ510273,/api/kyc/verify,201.1,200,2026-06-18 01:21:59.187132,
REQ510274,/api/kyc/verify,497.6,200,2026-02-25 23:16:31.128373,
REQ510275,/api/kyc/verify,475.4,200,2026-03-23 14:37:12.683909,
REQ510276,/api/balance,141.2,200,2026-07-17 15:42:35.437303,
REQ510277,/api/kyc/verify,378.0,200,2026-05-13 16:13:32.846119,
REQ510278,/api/statement,44.7,200,2026-02-26 20:57:03.953122,
REQ510279,/api/kyc/verify,190.5,200,2026-02-22 22:10:08.734621,
REQ510280,/api/balance,67.8,400,2026-07-12 22:08:37.527995,
REQ510281,/api/kyc/verify,206.2,200,2026-03-31 00:44:21.691173,
REQ510282,/api/statement,417.2,200,2026-02-24 13:16:03.077681,
REQ510283,/api/beneficiary,373.0,200,2026-03-21 03:44:13.861219,
REQ510284,/api/kyc/verify,101.3,500,2026-07-15 10:19:32.226365,INC402728
REQ510285,/api/transfer,637.8,200,2026-08-17 04:38:57.858843,
REQ510286,/api/beneficiary,210.8,200,2026-08-17 00:00:03.170493,
REQ510287,/api/kyc/verify,424.3,200,2026-04-15 23:19:09.741864,
REQ510288,/api/transfer,787.0,200,2026-03-02 14:55:04.369346,
REQ510289,/api/beneficiary,38.7,200,2026-02-25 12:50:33.334591,
REQ510290,/api/beneficiary,339.6,502,2026-03-30 18:26:36.189280,
REQ510291,/api/balance,605.6,200,2026-05-11 19:08:32.682512,
REQ510292,/api/login,1345.8,200,2026-03-12 12:48:59.113763,
REQ510293,/api/login,538.6,200,2026-06-15 05:33:53.237864,
REQ510294,/api/balance,196.6,400,2026-06-03 19:20:52.786948,
REQ510295,/api/balance,219.8,200,2026-02-22 20:14:17.236673,
REQ510296,/api/transfer,80.3,500,2026-03-04 08:53:44.889335,
REQ510297,/api/statement,503.5,200,2026-08-12 20:36:19.569470,
REQ510298,/api/beneficiary,585.4,200,2026-07-31 01:59:31.044532,
REQ510299,/api/balance,340.5,200,2026-05-21 01:21:17.279335,
REQ510300,/api/login,86.1,200,2026-03-08 20:30:00.048092,
REQ510301,/api/login,251.1,200,2026-06-06 06:21:33.568349,
REQ510302,/api/transfer,453.0,504,2026-05-12 14:04:27.428497,INC409807
REQ510303,/api/balance,42.2,200,2026-04-12 00:05:34.119616,
REQ510304,/api/balance,238.8,200,2026-04-01 18:57:42.932504,
REQ510305,/api/statement,110.4,200,2026-07-24 14:04:36.865438,
REQ510306,/api/balance,32.3,200,2026-03-22 15:51:22.456954,
REQ510307,/api/kyc/verify,161.2,200,2026-06-27 12:44:07.006147,
REQ510308,/api/kyc/verify,85.3,200,2026-03-15 03:27:34.461980,
REQ510309,/api/beneficiary,436.1,200,2026-06-03 12:03:50.825851,
REQ510310,/api/statement,324.2,200,2026-04-07 23:40:56.384834,
REQ510311,/api/kyc/verify,266.5,200,2026-05-17 21:55:16.968418,
REQ510312,/api/beneficiary,715.2,200,2026-06-23 18:34:41.400026,
REQ510313,/api/login,431.8,200,2026-06-30 03:57:55.512985,
REQ510314,/api/beneficiary,258.7,200,2026-07-24 07:59:31.970150,
REQ510315,/api/beneficiary,219.5,200,2026-04-11 04:41:31.034100,
REQ510316,/api/login,411.5,200,2026-06-26 21:31:01.323672,
REQ510317,/api/kyc/verify,193.5,200,2026-03-28 21:03:34.153737,
REQ510318,/api/balance,209.6,200,2026-07-04 08:56:51.921447,
REQ510319,/api/beneficiary,301.9,200,2026-02-27 10:02:47.779460,
REQ510320,/api/statement,247.2,200,2026-05-12 15:23:30.126317,
REQ510321,/api/kyc/verify,427.8,200,2026-04-29 07:49:25.798777,
REQ510322,/api/statement,493.4,200,2026-03-26 19:07:27.368964,
REQ510323,/api/statement,189.5,401,2026-04-06 12:27:02.453263,
REQ510324,/api/kyc/verify,326.7,200,2026-08-15 18:13:11.266067,
REQ510325,/api/kyc/verify,459.1,200,2026-03-08 21:26:31.505650,
REQ510326,/api/balance,535.4,200,2026-08-11 11:58:17.037483,
REQ510327,/api/kyc/verify,78.3,200,2026-05-31 20:33:32.883410,
REQ510328,/api/balance,266.5,200,2026-03-09 21:51:29.285720,
REQ510329,/api/statement,240.4,200,2026-03-31 14:24:48.461382,
REQ510330,/api/transfer,214.4,200,2026-08-19 09:52:48.772322,
REQ510331,/api/kyc/verify,108.3,200,2026-06-22 19:21:15.774493,
REQ510332,/api/login,551.3,201,2026-08-18 13:32:33.235460,
REQ510333,/api/beneficiary,125.8,200,2026-05-16 05:48:57.524099,
REQ510334,/api/transfer,67.4,503,2026-08-08 23:52:25.823889,INC409754
REQ510335,/api/transfer,5213.2,200,2026-06-27 01:17:59.815456,
REQ510336,/api/transfer,208.8,200,2026-06-16 19:46:35.424378,
REQ510337,/api/beneficiary,164.9,200,2026-03-27 22:51:10.703017,
REQ510338,/api/statement,274.8,200,2026-06-25 19:27:10.541512,
REQ510339,/api/statement,386.1,200,2026-05-18 14:42:43.687068,
REQ510340,/api/statement,497.4,200,2026-06-23 16:47:48.137806,
REQ510341,/api/beneficiary,224.9,200,2026-03-20 10:13:00.493016,
REQ510342,/api/kyc/verify,113.2,200,2026-03-12 04:53:12.617377,
REQ510343,/api/statement,666.4,200,2026-06-15 20:43:45.696132,
REQ510344,/api/statement,523.5,200,2026-04-29 16:49:40.883228,
REQ510345,/api/login,215.3,400,2026-07-15 10:17:58.132243,
REQ510346,/api/beneficiary,143.0,504,2026-03-21 09:34:45.717855,INC409085
REQ510347,/api/beneficiary,109.7,504,2026-07-04 14:19:59.578882,INC409815
REQ510348,/api/beneficiary,349.0,200,2026-02-23 16:51:03.213195,
REQ510349,/api/login,38.6,200,2026-06-30 05:50:39.284905,
REQ510350,/api/transfer,450.4,200,2026-06-29 08:35:43.450906,
REQ510351,/api/balance,206.4,200,2026-04-25 03:15:36.125008,
REQ510352,/api/kyc/verify,716.7,200,2026-03-14 03:59:24.827880,
REQ510353,/api/kyc/verify,451.3,200,2026-04-20 07:49:40.434733,
REQ510354,/api/login,331.7,200,2026-05-03 03:46:54.582524,
REQ510355,/api/kyc/verify,131.4,200,2026-03-30 05:15:29.317149,
REQ510356,/api/transfer,337.5,201,2026-03-10 22:57:22.855400,
REQ510357,/api/login,1065.9,200,2026-03-28 13:33:52.627497,
REQ510358,/api/beneficiary,798.8,200,2026-04-08 10:47:41.143291,
REQ510359,/api/login,569.8,200,2026-05-10 11:02:03.630042,
REQ510360,/api/balance,33.4,429,2026-06-16 02:54:39.131936,
REQ510361,/api/statement,203.0,200,2026-08-19 13:21:47.082889,
REQ510362,/api/statement,523.3,200,2026-08-14 18:34:35.671792,
REQ510363,/api/kyc/verify,194.2,200,2026-04-13 19:48:25.064076,
REQ510364,/api/login,271.8,429,2026-04-05 23:35:39.764413,
REQ510365,/api/transfer,432.2,200,2026-04-10 04:26:14.862671,
REQ510366,/api/statement,172.0,502,2026-06-12 05:11:43.143222,INC407841
REQ510367,/api/statement,93.5,200,2026-06-26 08:57:21.234852,
REQ510368,/api/statement,745.8,200,2026-06-28 13:40:42.321065,
REQ510369,/api/kyc/verify,136.9,200,2026-07-11 16:54:45.918442,
REQ510370,/api/login,7383.0,200,2026-02-21 21:12:37.129374,
REQ510371,/api/statement,590.7,201,2026-04-18 10:27:40.178695,
REQ510372,/api/transfer,232.1,200,2026-08-16 00:29:36.691805,
REQ510373,/api/kyc/verify,61.5,200,2026-03-12 03:02:54.834582,
REQ510374,/api/statement,82.0,200,2026-04-03 20:14:02.744228,
REQ510375,/api/statement,6.7,200,2026-07-10 00:07:22.024832,
REQ510376,/api/statement,698.8,503,2026-07-13 11:50:50.339321,INC407801
REQ510377,/api/statement,526.2,200,2026-03-26 00:36:40.551852,
REQ510378,/api/transfer,290.4,201,2026-03-04 00:25:18.933118,
REQ510379,/api/login,135.3,200,2026-05-05 05:33:52.620112,
REQ510380,/api/login,178.0,503,2026-06-28 11:51:25.897582,INC409319
REQ510381,/api/kyc/verify,155.0,200,2026-07-31 14:27:02.772289,
REQ510382,/api/beneficiary,504.0,200,2026-04-22 02:05:25.871399,
REQ510383,/api/kyc/verify,72.5,200,2026-05-03 14:24:34.329250,
REQ510384,/api/statement,219.2,200,2026-06-17 23:36:53.776809,
REQ510385,/api/kyc/verify,97.0,401,2026-06-29 07:45:04.583634,
REQ510386,/api/beneficiary,357.8,200,2026-08-19 23:36:43.281498,
REQ510387,/api/kyc/verify,792.0,200,2026-06-16 01:13:09.629515,
REQ510388,/api/beneficiary,235.6,201,2026-02-23 16:34:26.130847,
REQ510389,/api/login,653.1,200,2026-08-06 01:24:22.798974,
REQ510390,/api/login,361.8,200,2026-05-03 19:42:25.715789,
REQ510391,/api/statement,399.7,200,2026-03-26 05:21:58.231225,
REQ510392,/api/balance,697.2,200,2026-05-17 20:52:49.271359,
REQ510393,/api/login,204.3,200,2026-04-21 07:19:03.472409,
REQ510394,/api/statement,80.2,200,2026-05-28 17:04:21.371503,
REQ510395,/api/balance,387.7,200,2026-02-22 13:39:27.222381,
REQ510396,/api/kyc/verify,113.5,200,2026-07-13 02:08:47.155150,
REQ510397,/api/transfer,180.1,200,2026-05-27 11:29:50.001373,
REQ510398,/api/beneficiary,5558.5,200,2026-04-15 05:43:38.988692,
REQ510399,/api/kyc/verify,523.3,200,2026-07-23 07:15:33.358641,
REQ510400,/api/balance,30.2,200,2026-06-10 23:08:53.598952,
REQ510401,/api/transfer,386.1,200,2026-08-11 13:06:37.410447,
REQ510402,/api/login,43.4,200,2026-04-24 02:31:22.554334,
REQ510403,/api/transfer,299.4,400,2026-05-17 11:51:14.925508,
REQ510404,/api/login,117.4,200,2026-06-10 15:46:05.072127,
REQ510405,/api/balance,230.1,200,2026-05-16 02:33:15.984720,
REQ510406,/api/statement,176.3,200,2026-02-28 01:16:54.244082,
REQ510407,/api/transfer,226.2,500,2026-05-03 08:27:03.197152,INC408367
REQ510408,/api/statement,91.6,200,2026-02-21 03:58:39.536023,
REQ510409,/api/transfer,240.2,200,2026-03-25 19:17:51.753840,
REQ510410,/api/kyc/verify,283.2,200,2026-03-21 05:41:57.848964,
REQ510411,/api/statement,358.3,200,2026-03-18 16:07:19.738916,
REQ510412,/api/balance,310.8,200,2026-07-15 21:48:48.288973,
REQ510413,/api/kyc/verify,328.6,429,2026-05-28 22:47:43.035729,
REQ510414,/api/transfer,70.9,200,2026-07-10 03:47:05.897666,
REQ510415,/api/balance,504.6,200,2026-06-19 04:27:33.552388,
REQ510416,/api/transfer,417.4,200,2026-03-26 18:05:46.109740,
REQ510417,/api/login,363.8,200,2026-05-08 21:13:12.586131,
REQ510418,/api/transfer,135.8,200,2026-04-06 07:24:53.278937,
REQ510419,/api/kyc/verify,48.9,200,2026-06-23 19:08:56.525235,
REQ510420,/api/login,121.3,200,2026-07-27 00:13:49.967023,
REQ510421,/api/transfer,459.4,200,2026-07-15 13:40:17.357543,
REQ510422,/api/kyc/verify,33.2,200,2026-03-10 02:05:09.523476,
REQ510423,/api/statement,567.1,200,2026-04-20 23:41:20.378600,
REQ510424,/api/balance,6.8,200,2026-05-05 19:12:57.919650,
REQ510425,/api/balance,451.0,200,2026-03-19 12:37:19.570835,
REQ510426,/api/login,208.5,200,2026-06-11 19:57:58.627606,
REQ510427,/api/beneficiary,124.7,503,2026-03-04 15:38:41.616529,INC403148
REQ510428,/api/balance,507.2,200,2026-03-02 12:59:20.150437,
REQ510429,/api/beneficiary,235.5,200,2026-08-12 16:59:08.948073,
REQ510430,/api/transfer,161.5,200,2026-05-09 16:00:08.979514,
REQ510431,/api/balance,315.6,200,2026-08-09 10:49:10.167558,
REQ510432,/api/statement,587.6,200,2026-04-07 05:40:16.667459,
REQ510433,/api/kyc/verify,110.4,200,2026-02-26 01:23:13.273547,
REQ510434,/api/statement,207.3,200,2026-04-20 01:07:58.610150,
REQ510435,/api/login,205.9,200,2026-08-02 13:25:15.772590,
REQ510436,/api/transfer,274.9,200,2026-04-10 21:40:27.982754,
REQ510437,/api/beneficiary,686.7,200,2026-07-10 12:45:40.069048,
REQ510438,/api/transfer,183.3,200,2026-04-09 13:20:01.411865,
REQ510439,/api/beneficiary,275.5,200,2026-05-01 09:53:29.109165,
REQ510440,/api/kyc/verify,205.0,401,2026-06-13 18:05:29.149502,
REQ510441,/api/kyc/verify,108.6,500,2026-05-21 03:16:22.439972,
REQ510442,/api/login,69.5,200,2026-05-17 02:33:43.695482,
REQ510443,/api/kyc/verify,836.1,200,2026-06-05 13:37:51.396188,
REQ510444,/api/kyc/verify,584.8,200,2026-05-01 04:31:36.856571,
REQ510445,/api/kyc/verify,357.6,503,2026-07-13 20:29:17.004729,INC407990
REQ510446,/api/beneficiary,188.0,200,2026-03-16 14:05:25.614107,
REQ510447,/api/beneficiary,210.3,200,2026-08-10 06:37:27.573484,
REQ510448,/api/statement,550.3,200,2026-04-08 00:26:31.991666,
REQ510449,/api/login,390.5,504,2026-08-06 23:58:10.222935,INC400413
REQ510450,/api/beneficiary,311.8,200,2026-07-25 02:42:42.681545,
REQ510451,/api/statement,393.3,500,2026-07-19 07:37:11.806221,INC400174
REQ510452,/api/beneficiary,110.9,200,2026-04-12 19:17:24.056134,
REQ510453,/api/kyc/verify,146.8,200,2026-07-04 12:58:33.650299,
REQ510454,/api/transfer,264.2,200,2026-08-01 05:51:59.784660,
REQ510455,/api/statement,179.1,200,2026-07-08 07:52:30.225271,
REQ510456,/api/balance,240.0,401,2026-03-28 05:23:04.520588,
REQ510457,/api/statement,305.6,200,2026-06-28 05:13:05.243914,
REQ510458,/api/balance,463.6,200,2026-04-12 04:44:43.134640,
REQ510459,/api/kyc/verify,492.4,200,2026-07-03 09:24:04.430529,
REQ510460,/api/login,127.8,201,2026-07-02 03:12:07.100278,
REQ510461,/api/login,790.5,200,2026-03-22 13:09:23.181323,
REQ510462,/api/transfer,127.3,200,2026-03-28 09:44:40.420684,
REQ510463,/api/statement,275.4,200,2026-02-26 19:21:23.267765,
REQ510464,/api/balance,401.7,200,2026-06-21 08:37:53.772723,
REQ510465,/api/balance,165.1,200,2026-04-03 01:31:29.096704,
REQ510466,/api/kyc/verify,158.3,200,2026-04-08 05:56:15.326080,
REQ510467,/api/transfer,780.4,200,2026-06-20 23:44:50.602113,
REQ510468,/api/balance,268.6,201,2026-06-04 20:24:14.124474,
REQ510469,/api/statement,80.4,200,2026-05-10 13:25:04.677718,
REQ510470,/api/beneficiary,121.6,401,2026-05-31 23:41:19.490394,
REQ510471,/api/beneficiary,78.6,200,2026-04-12 12:17:10.970054,
REQ510472,/api/transfer,178.0,200,2026-06-17 06:17:37.837038,
REQ510473,/api/transfer,33.0,200,2026-08-19 06:23:00.206903,
REQ510474,/api/beneficiary,284.3,200,2026-06-19 08:30:04.733304,
REQ510475,/api/kyc/verify,134.2,200,2026-03-26 14:42:09.643516,
REQ510476,/api/transfer,264.7,200,2026-03-24 09:36:35.534522,
REQ510477,/api/login,735.0,200,2026-04-01 13:43:51.949860,
REQ510478,/api/beneficiary,650.3,200,2026-06-21 03:47:15.956689,
REQ510479,/api/statement,50.5,200,2026-04-18 22:38:10.134422,
REQ510480,/api/balance,5.0,200,2026-03-20 04:56:22.670538,
REQ510481,/api/transfer,148.0,200,2026-05-29 12:51:36.732214,
REQ510482,/api/beneficiary,629.6,500,2026-08-11 14:46:45.717967,INC407897
REQ510483,/api/beneficiary,252.4,200,2026-07-24 23:56:18.807741,
REQ510484,/api/statement,787.2,200,2026-07-18 22:59:19.116534,
REQ510485,/api/transfer,186.8,200,2026-04-29 04:24:20.547276,
REQ510486,/api/login,43.2,429,2026-03-23 02:46:45.063964,
REQ510487,/api/statement,214.5,200,2026-02-28 22:19:23.534766,
REQ510488,/api/balance,692.0,200,2026-05-22 19:10:09.483159,
REQ510489,/api/statement,546.3,200,2026-02-26 23:14:45.226481,
REQ510490,/api/transfer,374.4,200,2026-08-04 13:49:58.839304,
REQ510491,/api/kyc/verify,218.3,502,2026-04-13 07:41:07.488727,INC408643
REQ510492,/api/balance,199.6,200,2026-07-09 07:05:37.267765,
REQ510493,/api/balance,699.6,429,2026-05-19 22:38:50.279306,
REQ510494,/api/statement,47.1,400,2026-03-13 18:55:29.763384,
REQ510495,/api/statement,154.4,200,2026-06-09 04:26:54.649154,
REQ510496,/api/transfer,867.2,200,2026-05-09 09:25:15.157332,
REQ510497,/api/login,401.8,200,2026-07-19 11:20:00.562761,
REQ510498,/api/kyc/verify,110.8,200,2026-06-29 01:10:01.582209,
REQ510499,/api/kyc/verify,273.8,200,2026-04-30 06:08:34.621082,
REQ510500,/api/login,224.6,200,2026-03-24 02:45:32.164553,
REQ510501,/api/balance,194.9,201,2026-08-15 11:47:57.267107,
REQ510502,/api/kyc/verify,346.4,200,2026-02-28 04:17:43.864813,
REQ510503,/api/kyc/verify,732.2,200,2026-06-08 11:58:00.786339,
REQ510504,/api/balance,173.0,200,2026-04-17 13:36:53.602163,
REQ510505,/api/kyc/verify,204.0,200,2026-05-20 02:26:58.216492,
REQ510506,/api/transfer,203.2,200,2026-08-06 16:48:04.345606,
REQ510507,/api/transfer,226.8,200,2026-04-25 23:02:44.277832,
REQ510508,/api/kyc/verify,153.9,504,2026-04-29 19:10:42.224892,INC403594
REQ510509,/api/statement,694.7,200,2026-02-26 10:28:46.120091,
REQ510510,/api/beneficiary,238.0,200,2026-06-02 16:20:36.510598,
REQ510511,/api/beneficiary,743.7,502,2026-05-11 04:19:03.492846,INC406965
REQ510512,/api/balance,262.7,200,2026-03-28 15:39:11.088279,
REQ510513,/api/balance,237.9,200,2026-04-09 18:47:37.082789,
REQ510514,/api/balance,109.0,500,2026-03-11 06:51:57.312746,INC402225
REQ510515,/api/statement,153.0,200,2026-04-01 14:51:29.125197,
REQ510516,/api/kyc/verify,266.5,201,2026-03-24 14:10:59.767629,
REQ510517,/api/statement,57.3,200,2026-04-09 04:03:22.860112,
REQ510518,/api/balance,175.0,200,2026-08-02 10:37:06.969635,
REQ510519,/api/statement,427.3,201,2026-03-26 04:47:06.627833,
REQ510520,/api/statement,206.8,200,2026-03-08 16:02:06.392674,
REQ510521,/api/transfer,160.9,200,2026-03-28 15:05:29.342262,
REQ510522,/api/balance,372.3,200,2026-07-24 00:40:47.711247,
REQ510523,/api/login,289.5,200,2026-07-20 00:30:49.561355,
REQ510524,/api/statement,577.2,200,2026-05-21 15:32:00.972966,
REQ510525,/api/beneficiary,173.6,200,2026-06-07 10:43:11.123872,
REQ510526,/api/transfer,173.9,200,2026-08-15 15:07:48.027653,
REQ510527,/api/statement,783.9,200,2026-08-14 04:06:24.392036,
REQ510528,/api/kyc/verify,71.9,200,2026-07-29 17:37:50.427086,
REQ510529,/api/login,133.3,200,2026-04-27 13:45:48.889065,
REQ510530,/api/login,301.8,200,2026-05-13 15:07:58.223966,
REQ510531,/api/statement,286.7,200,2026-05-06 17:17:59.300376,
REQ510532,/api/balance,511.9,200,2026-06-12 19:59:22.807952,
REQ510533,/api/login,137.0,200,2026-03-08 19:26:40.049009,
REQ510534,/api/login,263.5,200,2026-08-16 04:19:01.129391,
REQ510535,/api/statement,552.3,200,2026-06-05 18:16:41.720645,
REQ510536,/api/statement,346.8,200,2026-03-31 10:47:20.562822,
REQ510537,/api/statement,321.3,200,2026-07-28 18:51:07.174030,
REQ510538,/api/statement,422.5,200,2026-07-27 09:40:20.762199,
REQ510539,/api/balance,418.0,200,2026-05-14 19:57:57.698749,
REQ510540,/api/kyc/verify,158.4,200,2026-03-05 21:23:40.928177,
REQ510541,/api/balance,162.8,200,2026-05-28 06:22:52.515530,
REQ510542,/api/login,308.5,200,2026-08-02 17:55:47.752155,
REQ510543,/api/transfer,114.3,200,2026-04-11 22:30:02.670098,
REQ510544,/api/statement,300.6,500,2026-05-11 07:18:33.972614,INC404926
REQ510545,/api/kyc/verify,257.3,200,2026-03-26 07:29:05.118229,
REQ510546,/api/balance,143.1,200,2026-03-22 21:28:10.587706,
REQ510547,/api/transfer,423.6,201,2026-08-04 07:57:51.232589,
REQ510548,/api/statement,568.5,500,2026-05-20 04:16:07.605719,INC405207
REQ510549,/api/kyc/verify,119.7,200,2026-05-02 11:30:53.515273,
REQ510550,/api/kyc/verify,90.1,200,2026-03-27 03:30:31.268408,
REQ510551,/api/statement,116.8,200,2026-03-11 11:10:05.076364,
REQ510552,/api/login,262.2,200,2026-07-21 22:13:45.554759,
REQ510553,/api/kyc/verify,227.4,200,2026-08-19 11:30:25.436099,
REQ510554,/api/login,137.9,200,2026-04-14 20:28:35.783024,
REQ510555,/api/login,348.2,200,2026-03-11 09:05:02.559127,
REQ510556,/api/kyc/verify,210.6,200,2026-08-16 19:07:28.941405,
REQ510557,/api/statement,77.6,200,2026-07-19 17:14:49.420649,
REQ510558,/api/statement,152.1,200,2026-07-05 22:52:25.332644,
REQ510559,/api/kyc/verify,344.9,200,2026-05-02 03:45:16.835039,
REQ510560,/api/statement,408.0,200,2026-08-09 11:46:21.325270,
REQ510561,/api/statement,179.8,200,2026-05-28 22:01:27.835225,
REQ510562,/api/transfer,320.8,200,2026-04-30 15:18:13.947624,
REQ510563,/api/balance,343.2,200,2026-06-23 16:24:54.593492,
REQ510564,/api/login,277.5,400,2026-03-03 14:07:44.730664,
REQ510565,/api/kyc/verify,108.2,200,2026-04-24 19:35:54.475864,
REQ510566,/api/beneficiary,160.1,429,2026-07-22 11:23:52.433801,
REQ510567,/api/balance,1010.3,200,2026-07-23 04:59:30.485390,
REQ510568,/api/statement,117.7,200,2026-03-19 21:22:49.412313,
REQ510569,/api/transfer,671.1,200,2026-05-01 07:50:22.697774,
REQ510570,/api/statement,631.0,200,2026-08-12 16:45:59.880398,
REQ510571,/api/balance,342.7,200,2026-07-20 14:27:06.552394,
REQ510572,/api/transfer,588.7,200,2026-07-05 13:51:23.933581,
REQ510573,/api/kyc/verify,591.4,200,2026-05-11 01:10:49.468678,
REQ510574,/api/balance,525.4,400,2026-02-28 11:49:06.515729,
REQ510575,/api/balance,166.2,502,2026-07-30 18:27:17.400474,
REQ510576,/api/balance,99.2,200,2026-05-13 00:04:34.042464,
REQ510577,/api/balance,264.9,200,2026-04-08 22:50:45.165787,
REQ510578,/api/statement,11.9,201,2026-07-04 12:51:42.857252,
REQ510579,/api/login,512.6,200,2026-03-16 13:54:32.127458,
REQ510580,/api/balance,910.1,200,2026-07-22 07:53:50.125900,
REQ510581,/api/login,190.7,200,2026-07-06 03:14:14.504324,
REQ510582,/api/balance,421.2,200,2026-03-17 08:45:26.276098,
REQ510583,/api/login,403.6,400,2026-05-13 05:31:50.845434,
REQ510584,/api/kyc/verify,128.2,200,2026-08-07 11:09:18.163624,
REQ510585,/api/beneficiary,52.0,200,2026-08-18 07:01:53.358065,
REQ510586,/api/statement,301.4,200,2026-03-07 22:10:09.549912,
REQ510587,/api/statement,17.0,503,2026-08-13 11:58:49.861039,
REQ510588,/api/statement,61.7,200,2026-07-27 08:07:00.963110,
REQ510589,/api/login,399.3,200,2026-04-12 13:47:05.234919,
REQ510590,/api/kyc/verify,417.5,200,2026-08-02 03:00:48.371372,
REQ510591,/api/kyc/verify,504.5,200,2026-05-02 04:45:58.851357,
REQ510592,/api/kyc/verify,378.7,200,2026-03-12 17:15:23.894460,
REQ510593,/api/beneficiary,234.6,200,2026-03-03 12:54:16.493838,
REQ510594,/api/beneficiary,193.3,200,2026-04-30 20:32:16.542126,
REQ510595,/api/login,180.4,200,2026-06-14 10:50:23.048768,
REQ510596,/api/beneficiary,578.6,200,2026-05-02 19:24:35.854194,
REQ510597,/api/statement,107.6,200,2026-03-10 08:14:46.666858,
REQ510598,/api/kyc/verify,72.8,200,2026-07-25 12:21:02.619030,
REQ510599,/api/kyc/verify,201.7,503,2026-06-06 03:09:31.367734,
REQ510600,/api/login,258.1,200,2026-05-09 10:30:35.378804,
REQ510601,/api/login,312.5,503,2026-07-01 14:00:32.799151,
REQ510602,/api/balance,467.2,200,2026-08-11 12:53:13.512016,
REQ510603,/api/login,170.6,200,2026-07-25 09:30:56.474507,
REQ510604,/api/beneficiary,6.9,503,2026-08-14 16:14:55.242426,INC404926
REQ510605,/api/statement,67.5,200,2026-02-24 21:26:00.292195,
REQ510606,/api/kyc/verify,180.7,200,2026-07-30 02:49:02.778198,
REQ510607,/api/beneficiary,190.4,200,2026-04-10 01:39:35.496461,
REQ510608,/api/balance,406.7,200,2026-05-20 06:30:36.132328,
REQ510609,/api/kyc/verify,473.7,200,2026-03-24 21:30:48.642477,
REQ510610,/api/beneficiary,422.3,200,2026-05-01 09:06:36.145714,
REQ510611,/api/login,296.7,200,2026-07-12 22:27:57.972017,
REQ510612,/api/statement,674.4,200,2026-07-23 01:07:26.733419,
REQ510613,/api/balance,279.3,401,2026-08-18 05:37:19.914975,
REQ510614,/api/beneficiary,580.4,200,2026-06-01 13:42:01.457331,
REQ510615,/api/transfer,385.5,200,2026-07-14 03:53:19.885959,
REQ510616,/api/kyc/verify,135.8,200,2026-04-23 06:58:04.688350,
REQ510617,/api/login,211.3,200,2026-08-07 01:37:58.851324,
REQ510618,/api/statement,599.3,500,2026-07-12 16:42:24.225400,
REQ510619,/api/login,79.8,200,2026-03-17 05:42:07.745372,
REQ510620,/api/kyc/verify,96.8,200,2026-05-30 19:49:22.512681,
REQ510621,/api/balance,223.8,500,2026-05-03 00:59:06.725271,
REQ510622,/api/balance,260.6,200,2026-04-21 17:40:43.256885,
REQ510623,/api/statement,206.7,200,2026-06-12 05:24:27.110003,
REQ510624,/api/login,183.4,429,2026-05-03 10:55:32.000374,
REQ510625,/api/beneficiary,220.7,200,2026-07-30 05:30:16.151604,
REQ510626,/api/kyc/verify,213.1,200,2026-07-18 21:28:52.125069,
REQ510627,/api/transfer,162.1,200,2026-08-05 21:46:17.589515,
REQ510628,/api/balance,26.1,200,2026-06-19 19:53:39.977729,
REQ510629,/api/kyc/verify,62.1,200,2026-06-24 06:55:26.817141,
REQ510630,/api/kyc/verify,293.6,503,2026-04-23 13:52:33.383943,INC404135
REQ510631,/api/transfer,354.5,200,2026-03-01 10:30:35.424458,
REQ510632,/api/login,87.4,200,2026-07-03 17:11:19.686932,
REQ510633,/api/login,449.2,200,2026-03-01 21:22:21.709643,
REQ510634,/api/statement,72.4,200,2026-03-26 12:57:01.530859,
REQ510635,/api/login,340.0,200,2026-02-24 23:29:17.577640,
REQ510636,/api/beneficiary,253.9,503,2026-06-02 17:33:37.064649,
REQ510637,/api/balance,125.8,200,2026-06-07 06:49:29.520251,
REQ510638,/api/balance,344.8,400,2026-06-02 13:46:59.669498,
REQ510639,/api/transfer,247.7,200,2026-03-03 08:07:52.708393,
REQ510640,/api/balance,299.9,200,2026-06-17 12:09:07.775139,
REQ510641,/api/transfer,482.0,200,2026-02-22 18:30:11.843291,
REQ510642,/api/transfer,747.4,200,2026-04-29 23:43:40.536671,
REQ510643,/api/beneficiary,282.0,200,2026-03-29 10:47:38.763365,
REQ510644,/api/login,256.9,200,2026-03-22 04:51:35.799025,
REQ510645,/api/statement,457.8,200,2026-06-25 13:05:17.822844,
REQ510646,/api/balance,243.4,200,2026-08-19 01:36:27.782826,
REQ510647,/api/balance,150.4,200,2026-04-10 09:58:43.342309,
REQ510648,/api/statement,280.0,200,2026-03-21 18:57:31.576512,
REQ510649,/api/beneficiary,261.6,200,2026-07-04 22:56:16.359030,
REQ510650,/api/transfer,348.0,401,2026-03-08 01:06:05.709917,
REQ510651,/api/transfer,298.6,200,2026-06-22 12:29:10.968166,
REQ510652,/api/transfer,817.7,200,2026-03-31 00:16:35.419652,
REQ510653,/api/balance,121.1,500,2026-06-09 04:17:49.137553,INC409625
REQ510654,/api/beneficiary,311.5,201,2026-07-26 08:46:22.212414,
REQ510655,/api/beneficiary,53.0,200,2026-08-18 16:24:12.359352,
REQ510656,/api/statement,279.4,200,2026-05-15 01:55:03.293659,
REQ510657,/api/kyc/verify,178.0,200,2026-05-17 23:48:19.659882,
REQ510658,/api/balance,6926.5,200,2026-05-27 06:00:18.623922,
REQ510659,/api/login,311.1,200,2026-05-04 15:26:02.841984,
REQ510660,/api/beneficiary,171.0,500,2026-06-28 20:31:18.536227,INC406177
REQ510661,/api/balance,415.4,200,2026-05-12 15:44:46.433859,
REQ510662,/api/login,320.0,200,2026-07-29 14:42:30.949802,
REQ510663,/api/statement,287.1,200,2026-04-12 23:22:02.566649,
REQ510664,/api/login,131.7,200,2026-05-03 10:19:08.449543,
REQ510665,/api/statement,79.9,400,2026-06-28 09:40:09.368162,
REQ510666,/api/beneficiary,22.7,200,2026-08-05 23:44:42.129214,
REQ510667,/api/balance,127.6,401,2026-07-13 18:36:07.618279,
REQ510668,/api/kyc/verify,5769.9,200,2026-05-30 23:58:09.073236,
REQ510669,/api/login,146.2,200,2026-02-25 06:38:29.629704,
REQ510670,/api/login,508.7,200,2026-04-01 09:21:32.366173,
REQ510671,/api/transfer,104.0,200,2026-04-15 10:08:49.895239,
REQ510672,/api/beneficiary,72.1,200,2026-04-10 20:36:15.461119,
REQ510673,/api/login,43.0,200,2026-02-28 22:32:00.633608,
REQ510674,/api/statement,174.2,200,2026-08-09 15:31:05.896483,
REQ510675,/api/beneficiary,179.6,200,2026-06-28 23:11:59.892793,
REQ510676,/api/transfer,627.3,200,2026-06-27 22:05:49.637535,
REQ510677,/api/kyc/verify,79.9,503,2026-07-15 09:41:16.058879,INC405161
REQ510678,/api/statement,563.0,200,2026-03-23 20:11:21.908073,
REQ510679,/api/transfer,304.3,200,2026-08-03 22:58:14.910525,
REQ510680,/api/login,435.4,200,2026-05-24 11:12:57.540095,
REQ510681,/api/statement,235.7,200,2026-06-04 10:19:58.438771,
REQ510682,/api/kyc/verify,939.9,200,2026-04-07 03:06:30.573705,
REQ510683,/api/login,440.5,200,2026-04-08 16:35:07.274972,
REQ510684,/api/kyc/verify,514.9,200,2026-07-24 19:05:32.901409,
REQ510685,/api/balance,460.3,400,2026-03-06 14:22:06.846169,
REQ510686,/api/balance,40.5,200,2026-04-01 19:36:12.552979,
REQ510687,/api/balance,674.6,200,2026-03-25 03:45:52.385352,
REQ510688,/api/balance,353.1,200,2026-07-23 05:53:26.658972,
REQ510689,/api/transfer,786.0,200,2026-06-21 21:54:54.429462,
REQ510690,/api/login,278.6,200,2026-07-09 01:33:36.083390,
REQ510691,/api/transfer,185.6,200,2026-03-16 05:09:50.923729,
REQ510692,/api/transfer,241.6,503,2026-02-25 21:09:45.935676,
REQ510693,/api/transfer,234.0,200,2026-07-20 08:32:33.889893,
REQ510694,/api/kyc/verify,123.5,200,2026-05-21 20:27:57.095401,
REQ510695,/api/balance,6606.1,200,2026-05-06 21:49:18.861645,
REQ510696,/api/balance,86.8,200,2026-03-27 16:11:48.351826,
REQ510697,/api/login,310.9,200,2026-08-03 17:21:20.296008,
REQ510698,/api/statement,209.3,400,2026-06-01 04:56:12.423743,
REQ510699,/api/kyc/verify,6043.2,200,2026-03-10 17:21:20.290341,
REQ510700,/api/balance,103.3,200,2026-06-21 19:42:48.542751,
REQ510701,/api/beneficiary,389.2,200,2026-03-12 19:39:56.415157,
REQ510702,/api/statement,378.6,200,2026-04-28 23:32:46.137611,
REQ510703,/api/kyc/verify,273.5,200,2026-04-18 20:50:40.596465,
REQ510704,/api/balance,178.7,200,2026-05-03 03:36:50.832698,
REQ510705,/api/kyc/verify,356.8,200,2026-06-03 15:09:38.099062,
REQ510706,/api/beneficiary,681.5,200,2026-03-14 12:01:44.789904,
REQ510707,/api/balance,151.1,200,2026-05-07 20:56:46.660041,
REQ510708,/api/beneficiary,310.7,503,2026-07-18 08:34:35.074619,INC401646
REQ510709,/api/statement,346.7,200,2026-03-21 02:35:43.583398,
REQ510710,/api/login,330.7,200,2026-03-09 12:53:54.758838,
REQ510711,/api/beneficiary,297.4,400,2026-06-05 03:31:44.661301,
REQ510712,/api/transfer,100.9,200,2026-04-01 15:17:15.368211,
REQ510713,/api/kyc/verify,3949.2,200,2026-07-19 00:05:06.365835,
REQ510714,/api/transfer,342.2,200,2026-07-18 00:45:01.739363,
REQ510715,/api/beneficiary,99.6,400,2026-06-28 04:24:13.812784,
REQ510716,/api/beneficiary,412.1,200,2026-03-05 09:30:10.970990,
REQ510717,/api/statement,84.1,200,2026-05-09 19:51:02.542923,
REQ510718,/api/beneficiary,111.5,200,2026-04-09 07:51:34.866130,
REQ510719,/api/balance,251.9,200,2026-07-02 09:36:26.616467,
REQ510720,/api/login,234.7,200,2026-06-11 05:30:34.640741,
REQ510721,/api/statement,232.9,200,2026-03-10 12:52:04.605335,
REQ510722,/api/login,148.5,200,2026-07-07 03:41:31.844808,
REQ510723,/api/statement,149.1,200,2026-03-12 16:46:30.894983,
REQ510724,/api/balance,478.9,200,2026-07-06 18:41:16.868441,
REQ510725,/api/balance,40.6,200,2026-08-02 20:39:35.379876,
REQ510726,/api/beneficiary,280.3,200,2026-05-15 13:07:58.403508,
REQ510727,/api/kyc/verify,377.6,401,2026-05-19 19:09:45.658644,
REQ510728,/api/statement,58.4,200,2026-06-02 06:27:50.455428,
REQ510729,/api/balance,213.3,201,2026-07-11 12:59:47.834551,
REQ510730,/api/transfer,647.2,200,2026-07-05 11:19:32.868843,
REQ510731,/api/kyc/verify,518.3,200,2026-03-25 21:39:30.391189,
REQ510732,/api/balance,84.8,200,2026-07-22 11:26:02.650844,
REQ510733,/api/transfer,46.5,500,2026-06-14 14:40:23.367603,INC400969
REQ510734,/api/beneficiary,126.5,200,2026-07-12 01:47:05.518770,
REQ510735,/api/statement,62.8,200,2026-03-31 14:50:00.949882,
REQ510736,/api/beneficiary,157.1,200,2026-07-14 07:58:58.968883,
REQ510737,/api/login,133.8,200,2026-04-12 22:09:50.940515,
REQ510738,/api/beneficiary,380.4,201,2026-07-18 07:35:00.055123,
REQ510739,/api/statement,242.0,200,2026-04-01 19:36:08.013169,
REQ510740,/api/balance,354.8,200,2026-05-16 09:00:50.316326,
REQ510741,/api/kyc/verify,488.8,200,2026-04-05 04:50:08.289891,
REQ510742,/api/transfer,111.8,200,2026-04-24 10:28:15.039751,
REQ510743,/api/statement,776.3,503,2026-05-11 23:03:02.270041,
REQ510744,/api/statement,173.8,200,2026-03-16 11:24:24.409487,
REQ510745,/api/transfer,600.0,200,2026-07-21 13:38:37.639937,
REQ510746,/api/statement,104.6,200,2026-03-29 22:44:51.939592,
REQ510747,/api/transfer,355.1,200,2026-03-26 05:07:00.627019,
REQ510748,/api/kyc/verify,273.2,200,2026-06-12 21:21:02.704248,
REQ510749,/api/statement,84.1,200,2026-08-07 22:10:03.464900,
REQ510750,/api/login,396.2,200,2026-03-17 01:58:21.170575,
REQ510751,/api/transfer,323.1,200,2026-03-05 20:37:09.960322,
REQ510752,/api/transfer,226.4,200,2026-03-03 02:14:40.974608,
REQ510753,/api/beneficiary,703.9,200,2026-08-08 11:38:48.157013,
REQ510754,/api/statement,456.2,200,2026-07-19 23:13:02.171176,
REQ510755,/api/kyc/verify,540.8,200,2026-05-28 14:25:35.648194,
REQ510756,/api/transfer,266.9,500,2026-08-06 18:25:35.811337,INC408144
REQ510757,/api/beneficiary,272.0,200,2026-03-30 16:36:52.578024,
REQ510758,/api/kyc/verify,81.9,200,2026-04-15 12:10:41.423480,
REQ510759,/api/kyc/verify,175.2,200,2026-08-13 15:14:06.406244,
REQ510760,/api/login,5851.2,200,2026-07-25 13:26:24.645880,
REQ510761,/api/login,637.0,201,2026-06-01 04:41:53.805599,
REQ510762,/api/kyc/verify,391.9,200,2026-07-30 19:46:29.878341,
REQ510763,/api/statement,804.2,200,2026-07-18 06:08:45.019541,
REQ510764,/api/balance,254.6,503,2026-03-17 02:40:27.967984,INC400176
REQ510765,/api/kyc/verify,52.0,401,2026-04-23 18:04:29.519122,
REQ510766,/api/transfer,6208.7,200,2026-04-09 19:29:04.161441,
REQ510767,/api/transfer,390.9,200,2026-08-04 00:47:34.562684,
REQ510768,/api/balance,393.3,200,2026-03-09 07:16:47.323613,
REQ510769,/api/beneficiary,84.1,200,2026-05-07 15:52:06.893275,
REQ510770,/api/beneficiary,293.3,503,2026-05-10 03:49:40.980253,INC402086
REQ510771,/api/statement,52.1,200,2026-08-03 20:37:36.152029,
REQ510772,/api/statement,415.2,500,2026-07-08 07:39:39.186356,INC405228
REQ510773,/api/kyc/verify,485.6,200,2026-05-24 20:50:40.602812,
REQ510774,/api/login,400.9,200,2026-06-17 08:37:57.866652,
REQ510775,/api/statement,29.5,200,2026-08-07 15:10:06.188703,
REQ510776,/api/balance,108.9,200,2026-06-07 20:56:15.095766,
REQ510777,/api/login,130.8,500,2026-08-08 18:46:12.870256,INC405310
REQ510778,/api/transfer,327.3,200,2026-05-27 05:14:04.024855,
REQ510779,/api/login,221.4,429,2026-06-20 19:23:44.594179,
REQ510780,/api/balance,105.0,200,2026-06-15 18:49:48.451996,
REQ510781,/api/transfer,679.0,200,2026-07-23 05:58:27.440503,
REQ510782,/api/kyc/verify,123.3,200,2026-06-24 13:44:28.657382,
REQ510783,/api/kyc/verify,7348.8,200,2026-07-23 08:20:44.127561,
REQ510784,/api/statement,270.8,200,2026-03-01 23:22:05.291096,
REQ510785,/api/balance,669.1,200,2026-05-31 08:06:18.823789,
REQ510786,/api/login,544.2,200,2026-06-24 03:26:45.684680,
REQ510787,/api/balance,97.6,200,2026-05-29 14:56:05.839485,
REQ510788,/api/statement,172.5,200,2026-05-23 02:01:18.816133,
REQ510789,/api/kyc/verify,367.5,200,2026-07-09 03:38:27.336329,
REQ510790,/api/statement,260.3,400,2026-07-06 12:58:13.119678,
REQ510791,/api/balance,223.0,201,2026-05-23 21:49:40.718488,
REQ510792,/api/beneficiary,313.0,200,2026-04-05 14:43:28.800829,
REQ510793,/api/statement,126.4,200,2026-05-21 07:25:09.248933,
REQ510794,/api/beneficiary,726.8,200,2026-04-09 04:12:13.157499,
REQ510795,/api/statement,337.1,200,2026-04-30 09:50:10.204679,
REQ510796,/api/balance,242.6,200,2026-07-27 06:46:08.689065,
REQ510797,/api/kyc/verify,1041.8,200,2026-03-07 14:38:04.031923,
REQ510798,/api/kyc/verify,41.7,201,2026-05-29 11:30:36.866456,
REQ510799,/api/login,190.9,200,2026-05-22 03:01:53.403634,
REQ510800,/api/statement,239.5,502,2026-08-01 09:37:53.899318,INC404392
REQ510801,/api/kyc/verify,9.4,429,2026-02-23 03:34:32.101834,
REQ510802,/api/beneficiary,383.8,200,2026-06-19 10:51:24.041782,
REQ510803,/api/login,241.2,200,2026-03-16 23:51:00.851165,
REQ510804,/api/beneficiary,323.7,201,2026-08-03 21:22:36.620801,
REQ510805,/api/statement,458.8,504,2026-08-12 06:56:54.194067,INC404895
REQ510806,/api/beneficiary,245.6,200,2026-04-29 22:19:40.362915,
REQ510807,/api/transfer,243.0,200,2026-04-05 06:32:35.585590,
REQ510808,/api/balance,631.4,400,2026-04-27 22:09:11.146609,
REQ510809,/api/beneficiary,132.8,500,2026-06-14 17:43:48.108423,INC404870
REQ510810,/api/login,190.3,200,2026-03-25 23:01:00.074151,
REQ510811,/api/kyc/verify,39.0,200,2026-07-08 13:52:17.186286,
REQ510812,/api/kyc/verify,134.2,200,2026-08-18 12:53:31.640899,
REQ510813,/api/transfer,151.2,200,2026-03-27 04:28:06.156878,
REQ510814,/api/transfer,206.7,200,2026-05-16 18:36:12.533996,
REQ510815,/api/login,106.6,200,2026-07-16 20:44:29.784516,
REQ510816,/api/transfer,158.7,200,2026-04-15 02:29:10.983830,
REQ510817,/api/balance,217.0,200,2026-03-27 11:33:42.669535,
REQ510818,/api/kyc/verify,311.0,200,2026-03-07 04:28:02.775018,
REQ510819,/api/kyc/verify,30.2,200,2026-05-09 23:56:57.554083,
REQ510820,/api/kyc/verify,100.7,200,2026-07-28 11:55:53.068577,
REQ510821,/api/beneficiary,480.0,200,2026-02-21 04:25:05.840434,
REQ510822,/api/statement,287.0,200,2026-06-03 13:38:55.023712,
REQ510823,/api/statement,535.4,200,2026-08-06 13:59:28.550006,
REQ510824,/api/transfer,196.8,200,2026-08-10 06:53:01.969374,
REQ510825,/api/kyc/verify,171.5,200,2026-05-17 15:45:03.461060,
REQ510826,/api/balance,204.7,200,2026-05-19 13:09:22.172155,
REQ510827,/api/login,397.2,200,2026-05-10 20:08:35.540318,
REQ510828,/api/statement,92.2,200,2026-07-01 21:23:09.776584,
REQ510829,/api/beneficiary,207.1,200,2026-08-09 17:10:14.927477,
REQ510830,/api/login,254.3,200,2026-06-29 17:39:19.874155,
REQ510831,/api/statement,1133.3,200,2026-06-21 20:02:01.817507,
REQ510832,/api/balance,34.6,200,2026-03-30 23:19:13.220796,
REQ510833,/api/transfer,170.5,200,2026-06-24 00:21:42.390443,
REQ510834,/api/kyc/verify,190.4,200,2026-02-23 01:59:47.012517,
REQ510835,/api/balance,227.0,200,2026-03-15 19:00:43.056075,
REQ510836,/api/balance,370.4,200,2026-08-11 13:39:23.900337,
REQ510837,/api/kyc/verify,618.5,504,2026-05-01 05:10:41.163698,INC401088
REQ510838,/api/balance,85.4,200,2026-07-09 07:07:58.392190,
REQ510839,/api/transfer,340.9,200,2026-08-13 03:17:32.234719,
REQ510840,/api/login,424.1,201,2026-04-20 08:33:40.686701,
REQ510841,/api/beneficiary,259.1,200,2026-07-03 00:25:56.851303,
REQ510842,/api/transfer,299.2,200,2026-04-30 12:56:19.863642,
REQ510843,/api/balance,145.7,200,2026-04-19 19:46:17.625596,
REQ510844,/api/beneficiary,424.5,400,2026-08-06 08:31:06.147563,
REQ510845,/api/statement,65.4,200,2026-07-08 09:52:46.282064,
REQ510846,/api/beneficiary,299.9,400,2026-08-10 00:18:40.324084,
REQ510847,/api/statement,197.8,200,2026-07-25 06:44:21.255461,
REQ510848,/api/kyc/verify,132.1,500,2026-04-01 05:11:44.927105,
REQ510849,/api/login,565.6,200,2026-05-03 13:48:11.367578,
REQ510850,/api/balance,28.8,201,2026-08-02 18:55:19.351467,
REQ510851,/api/balance,368.8,401,2026-05-01 16:04:04.539764,
REQ510852,/api/beneficiary,479.5,401,2026-06-29 20:12:29.118271,
REQ510853,/api/statement,181.4,200,2026-07-27 02:49:37.604336,
REQ510854,/api/balance,349.0,200,2026-05-05 07:15:51.002969,
REQ510855,/api/login,285.9,200,2026-07-30 14:56:27.298086,
REQ510856,/api/login,197.9,200,2026-03-11 05:49:43.959977,
REQ510857,/api/statement,172.5,200,2026-02-21 18:01:10.713393,
REQ510858,/api/balance,783.8,201,2026-04-13 21:41:03.738412,
REQ510859,/api/balance,196.2,200,2026-06-22 20:52:32.959653,
REQ510860,/api/transfer,229.2,200,2026-03-14 09:26:28.544769,
REQ510861,/api/beneficiary,256.5,200,2026-05-19 02:21:39.353102,
REQ510862,/api/kyc/verify,369.7,200,2026-02-25 19:07:32.792481,
REQ510863,/api/statement,290.9,200,2026-03-13 05:37:55.287008,
REQ510864,/api/login,473.5,200,2026-08-17 09:24:01.127389,
REQ510865,/api/balance,693.9,200,2026-05-27 19:20:15.342243,
REQ510866,/api/beneficiary,201.2,200,2026-02-25 21:15:14.515563,
REQ510867,/api/beneficiary,120.2,200,2026-06-13 07:03:14.127057,
REQ510868,/api/login,187.6,200,2026-07-02 04:33:36.558033,
REQ510869,/api/beneficiary,494.5,401,2026-08-06 07:38:10.173492,
REQ510870,/api/statement,236.3,200,2026-05-12 15:39:09.017914,
REQ510871,/api/kyc/verify,31.9,200,2026-07-26 13:17:53.838582,
REQ510872,/api/kyc/verify,330.0,400,2026-06-21 00:26:47.181829,
REQ510873,/api/beneficiary,268.0,500,2026-07-26 14:24:54.116399,INC406961
REQ510874,/api/kyc/verify,192.8,400,2026-08-02 16:38:36.141064,
REQ510875,/api/transfer,478.7,200,2026-08-18 10:40:00.116881,
REQ510876,/api/statement,792.7,200,2026-03-17 03:06:45.678775,
REQ510877,/api/kyc/verify,283.8,200,2026-04-01 18:08:15.082371,
REQ510878,/api/login,466.3,200,2026-06-20 19:45:37.009748,
REQ510879,/api/statement,51.6,200,2026-04-07 08:39:04.219264,
REQ510880,/api/kyc/verify,240.1,200,2026-05-10 07:22:48.152323,
REQ510881,/api/login,158.9,200,2026-05-26 13:52:33.946452,
REQ510882,/api/login,141.0,200,2026-04-14 20:58:26.059156,
REQ510883,/api/login,752.9,201,2026-03-16 00:59:49.930117,
REQ510884,/api/balance,273.6,200,2026-02-25 20:59:31.668859,
REQ510885,/api/login,593.4,200,2026-08-17 00:12:51.968786,
REQ510886,/api/balance,94.5,429,2026-07-29 21:42:56.160870,
REQ510887,/api/kyc/verify,70.5,200,2026-03-08 21:03:31.063782,
REQ510888,/api/balance,345.2,200,2026-05-16 10:22:37.496771,
REQ510889,/api/kyc/verify,577.6,200,2026-06-20 05:08:50.003222,
REQ510890,/api/statement,580.9,200,2026-04-24 08:37:52.087633,
REQ510891,/api/transfer,310.7,200,2026-07-22 23:53:32.143557,
REQ510892,/api/kyc/verify,125.6,400,2026-04-17 08:00:35.801032,
REQ510893,/api/beneficiary,139.6,200,2026-07-08 03:12:07.680597,
REQ510894,/api/kyc/verify,270.0,200,2026-07-26 07:05:27.481113,
REQ510895,/api/transfer,240.0,200,2026-07-03 08:58:01.554558,
REQ510896,/api/login,617.2,200,2026-04-15 05:32:49.570700,
REQ510897,/api/balance,258.9,200,2026-06-21 04:47:08.693226,
REQ510898,/api/statement,223.3,200,2026-07-26 14:50:06.657755,
REQ510899,/api/kyc/verify,164.7,200,2026-06-05 19:44:21.643418,
REQ510900,/api/kyc/verify,35.4,200,2026-06-22 17:07:58.917921,
REQ510901,/api/beneficiary,111.1,503,2026-03-06 22:39:28.814969,INC407956
REQ510902,/api/statement,131.2,200,2026-03-20 09:02:10.781142,
REQ510903,/api/statement,449.6,200,2026-04-26 13:35:35.616925,
REQ510904,/api/balance,91.7,200,2026-04-29 11:19:16.399182,
REQ510905,/api/kyc/verify,96.9,429,2026-06-10 17:07:37.357001,
REQ510906,/api/kyc/verify,286.2,200,2026-04-09 07:41:22.155166,
REQ510907,/api/statement,304.4,200,2026-06-11 19:11:06.951111,
REQ510908,/api/balance,79.4,200,2026-05-04 03:15:40.290493,
REQ510909,/api/login,252.5,200,2026-06-17 10:21:52.596541,
REQ510910,/api/transfer,424.1,200,2026-07-05 03:35:25.935979,
REQ510911,/api/login,278.0,200,2026-04-22 12:38:04.926642,
REQ510912,/api/beneficiary,549.7,200,2026-03-12 07:57:44.277309,
REQ510913,/api/transfer,221.7,200,2026-07-12 18:06:38.810828,
REQ510914,/api/balance,573.4,200,2026-08-06 20:10:39.016931,
REQ510915,/api/kyc/verify,117.2,200,2026-06-25 17:47:21.717120,
REQ510916,/api/transfer,354.7,200,2026-08-01 09:51:00.582030,
REQ510917,/api/balance,393.4,200,2026-02-27 16:23:39.204131,
REQ510918,/api/beneficiary,612.5,200,2026-08-06 08:52:42.870607,
REQ510919,/api/kyc/verify,702.6,200,2026-05-13 13:50:13.832570,
REQ510920,/api/beneficiary,216.8,200,2026-04-10 11:44:53.158539,
REQ510921,/api/statement,296.7,429,2026-07-22 14:47:31.532528,
REQ510922,/api/beneficiary,366.6,504,2026-04-29 02:33:08.926124,INC406460
REQ510923,/api/balance,172.1,500,2026-05-12 05:10:30.295408,INC401288
REQ510924,/api/beneficiary,475.7,200,2026-03-05 22:53:25.798088,
REQ510925,/api/transfer,472.5,200,2026-07-22 04:47:18.095829,
REQ510926,/api/statement,67.9,200,2026-07-05 06:24:26.576489,
REQ510927,/api/transfer,47.7,200,2026-06-09 22:50:34.362262,
REQ510928,/api/kyc/verify,257.9,200,2026-08-10 01:51:19.265450,
REQ510929,/api/login,3507.5,200,2026-07-12 12:48:48.769230,
REQ510930,/api/transfer,254.5,200,2026-08-03 17:38:56.101669,
REQ510931,/api/transfer,111.4,200,2026-05-26 03:03:10.147662,
REQ510932,/api/statement,321.0,200,2026-07-03 23:22:42.622592,
REQ510933,/api/kyc/verify,71.6,200,2026-05-29 02:17:06.232838,
REQ510934,/api/statement,260.0,200,2026-04-22 12:37:45.880192,
REQ510935,/api/balance,162.8,200,2026-08-18 15:03:00.301668,
REQ510936,/api/login,186.7,200,2026-04-29 09:58:20.347417,
REQ510937,/api/login,204.2,503,2026-03-31 23:58:35.086034,
REQ510938,/api/transfer,317.6,500,2026-06-02 01:20:17.056674,
REQ510939,/api/kyc/verify,401.1,200,2026-05-15 23:15:19.445786,
REQ510940,/api/kyc/verify,107.7,200,2026-04-10 11:31:42.404662,
REQ510941,/api/kyc/verify,222.9,200,2026-03-13 13:52:22.453637,
REQ510942,/api/login,94.0,401,2026-05-06 19:56:36.550126,
REQ510943,/api/statement,120.7,500,2026-07-16 14:01:29.925030,INC403270
REQ510944,/api/login,128.9,502,2026-07-24 17:41:41.038885,INC401294
REQ510945,/api/kyc/verify,355.9,200,2026-06-14 08:06:00.727372,
REQ510946,/api/beneficiary,72.3,429,2026-07-16 07:34:59.504464,
REQ510947,/api/login,489.9,401,2026-03-27 08:18:48.679741,
REQ510948,/api/statement,27.2,200,2026-04-26 11:44:03.376844,
REQ510949,/api/balance,34.2,200,2026-07-03 13:17:11.311448,
REQ510950,/api/beneficiary,743.1,200,2026-03-08 12:14:16.633583,
REQ510951,/api/beneficiary,235.7,200,2026-04-29 04:32:23.624724,
REQ510952,/api/kyc/verify,23.7,200,2026-04-17 20:15:41.441515,
REQ510953,/api/statement,65.0,200,2026-07-20 05:43:07.889961,
REQ510954,/api/transfer,379.4,200,2026-05-02 09:01:38.811824,
REQ510955,/api/statement,354.3,200,2026-03-20 10:47:59.805604,
REQ510956,/api/beneficiary,425.4,200,2026-07-14 06:58:20.916921,
REQ510957,/api/login,266.2,200,2026-06-29 13:20:52.658888,
REQ510958,/api/login,220.3,200,2026-03-15 08:34:07.947449,
REQ510959,/api/statement,402.0,200,2026-07-30 12:37:41.432664,
REQ510960,/api/transfer,204.5,200,2026-05-18 19:32:31.938331,
REQ510961,/api/login,363.0,401,2026-04-22 14:48:51.465820,
REQ510962,/api/beneficiary,187.3,200,2026-04-22 16:45:05.984324,
REQ510963,/api/login,489.5,200,2026-05-24 20:46:15.346970,
REQ510964,/api/kyc/verify,115.0,200,2026-07-07 03:47:20.734181,
REQ510965,/api/beneficiary,887.6,200,2026-04-09 08:59:19.293340,
REQ510966,/api/kyc/verify,546.9,200,2026-03-07 19:09:01.450320,
REQ510967,/api/transfer,57.5,200,2026-06-22 11:36:45.921537,
REQ510968,/api/login,287.5,200,2026-05-02 21:55:11.016366,
REQ510969,/api/statement,67.9,200,2026-05-31 20:51:07.945649,
REQ510970,/api/balance,490.0,200,2026-03-05 14:39:10.132394,
REQ510971,/api/transfer,104.8,200,2026-04-24 17:57:22.440015,
REQ510972,/api/kyc/verify,889.7,200,2026-04-01 21:42:14.720853,
REQ510973,/api/statement,245.7,200,2026-07-19 12:42:30.168239,
REQ510974,/api/statement,240.9,400,2026-03-16 03:45:43.613063,
REQ510975,/api/beneficiary,99.4,200,2026-05-04 14:30:08.465148,
REQ510976,/api/transfer,112.2,401,2026-06-21 21:49:28.577695,
REQ510977,/api/kyc/verify,188.3,200,2026-08-13 23:35:57.339582,
REQ510978,/api/transfer,428.1,200,2026-04-15 10:24:17.902015,
REQ510979,/api/statement,147.6,200,2026-03-03 16:41:03.334250,
REQ510980,/api/statement,377.2,200,2026-03-15 22:04:40.085975,
REQ510981,/api/beneficiary,131.4,200,2026-06-26 17:49:53.902268,
REQ510982,/api/beneficiary,109.1,200,2026-06-23 15:55:31.081772,
REQ510983,/api/beneficiary,5371.9,200,2026-07-25 16:06:53.330683,
REQ510984,/api/balance,501.1,200,2026-05-31 01:00:10.409935,
REQ510985,/api/kyc/verify,239.0,200,2026-06-16 13:09:55.703567,
REQ510986,/api/statement,117.1,200,2026-08-05 07:29:59.555185,
REQ510987,/api/statement,147.4,200,2026-06-27 13:52:21.835093,
REQ510988,/api/statement,206.1,200,2026-07-11 14:38:05.709595,
REQ510989,/api/login,456.8,200,2026-03-07 18:24:45.389826,
REQ510990,/api/balance,114.6,200,2026-04-19 18:27:52.017964,
REQ510991,/api/balance,116.4,201,2026-03-15 12:44:56.754346,
REQ510992,/api/beneficiary,219.5,200,2026-04-28 01:03:28.895512,
REQ510993,/api/transfer,731.9,200,2026-05-10 04:09:51.030837,
REQ510994,/api/transfer,42.0,200,2026-04-03 14:03:25.815324,
REQ510995,/api/transfer,125.8,200,2026-04-16 21:06:51.967397,
REQ510996,/api/kyc/verify,319.5,400,2026-07-07 23:59:22.424618,
REQ510997,/api/transfer,405.7,401,2026-04-15 02:54:14.717554,
REQ510998,/api/transfer,358.8,200,2026-03-24 03:52:20.377656,
REQ510999,/api/statement,107.4,200,2026-06-28 02:59:50.964087,
REQ511000,/api/balance,595.1,200,2026-08-16 23:35:55.595448,
REQ511001,/api/beneficiary,254.1,200,2026-06-11 18:21:02.608983,
REQ511002,/api/kyc/verify,267.4,200,2026-07-18 19:29:53.000250,
REQ511003,/api/statement,167.6,400,2026-04-09 13:05:12.904052,
REQ511004,/api/statement,84.2,200,2026-04-11 14:24:54.823192,
REQ511005,/api/balance,109.9,200,2026-08-15 07:25:36.973946,
REQ511006,/api/statement,546.3,400,2026-07-27 01:00:07.216664,
REQ511007,/api/beneficiary,497.4,502,2026-05-27 08:23:28.731030,
REQ511008,/api/balance,180.7,200,2026-08-01 20:38:27.517625,
REQ511009,/api/statement,357.7,200,2026-06-22 10:14:11.902363,
REQ511010,/api/statement,136.0,200,2026-04-14 15:26:00.397351,
REQ511011,/api/beneficiary,317.6,500,2026-07-20 22:04:20.355195,
REQ511012,/api/statement,159.6,200,2026-04-11 09:29:04.027518,
REQ511013,/api/kyc/verify,133.7,200,2026-02-28 09:27:59.692287,
REQ511014,/api/beneficiary,61.9,200,2026-06-20 16:13:58.132085,
REQ511015,/api/transfer,460.6,200,2026-08-11 11:53:01.888607,
REQ511016,/api/login,684.0,200,2026-02-25 18:55:28.955891,
REQ511017,/api/statement,512.0,200,2026-02-25 11:29:45.738987,
REQ511018,/api/beneficiary,105.5,200,2026-05-13 19:33:53.259023,
REQ511019,/api/statement,671.3,200,2026-08-12 19:38:04.483736,
REQ511020,/api/statement,423.8,200,2026-06-19 19:31:09.480172,
REQ511021,/api/balance,322.1,200,2026-05-28 11:07:59.367865,
REQ511022,/api/transfer,579.4,201,2026-05-09 09:20:41.116433,
REQ511023,/api/kyc/verify,298.7,500,2026-05-01 23:32:46.963739,INC405682
REQ511024,/api/beneficiary,297.5,429,2026-02-28 22:28:55.514511,
REQ511025,/api/beneficiary,459.7,200,2026-03-17 01:30:07.917129,
REQ511026,/api/statement,315.1,200,2026-04-20 11:13:33.425176,
REQ511027,/api/transfer,426.5,200,2026-03-25 12:58:36.759514,
REQ511028,/api/statement,171.2,200,2026-06-03 13:58:32.197413,
REQ511029,/api/transfer,130.5,200,2026-06-06 15:36:13.842163,
REQ511030,/api/kyc/verify,400.9,429,2026-07-29 15:07:50.761617,
REQ511031,/api/login,119.8,200,2026-05-01 02:47:49.686939,
REQ511032,/api/login,207.1,200,2026-07-05 00:41:22.490406,
REQ511033,/api/login,188.4,200,2026-08-16 15:02:53.351490,
REQ511034,/api/statement,115.0,200,2026-05-31 07:52:36.227458,
REQ511035,/api/beneficiary,38.5,200,2026-05-18 09:12:06.973647,
REQ511036,/api/balance,292.3,200,2026-03-16 12:04:17.047027,
REQ511037,/api/transfer,553.3,200,2026-04-04 17:06:46.873801,
REQ511038,/api/login,337.1,200,2026-08-12 02:23:15.911328,
REQ511039,/api/kyc/verify,474.7,200,2026-06-13 23:58:45.489459,
REQ511040,/api/transfer,190.2,200,2026-08-12 20:52:21.805958,
REQ511041,/api/login,187.6,200,2026-07-01 03:15:55.175937,
REQ511042,/api/statement,105.1,200,2026-08-19 06:27:59.190803,
REQ511043,/api/statement,158.2,200,2026-04-13 02:56:35.587882,
REQ511044,/api/transfer,387.6,200,2026-08-10 16:08:46.009002,
REQ511045,/api/transfer,299.3,200,2026-04-23 11:47:13.513478,
REQ511046,/api/statement,166.2,503,2026-05-15 19:39:23.000022,INC406412
REQ511047,/api/balance,18.9,200,2026-05-18 02:30:05.059448,
REQ511048,/api/balance,609.2,200,2026-08-12 21:34:36.053278,
REQ511049,/api/kyc/verify,238.7,200,2026-04-18 19:39:49.637460,
REQ511050,/api/transfer,37.8,200,2026-07-08 05:30:06.850862,
REQ511051,/api/beneficiary,322.4,200,2026-03-30 13:08:03.846463,
REQ511052,/api/login,1175.8,200,2026-07-05 07:12:07.660935,
REQ511053,/api/transfer,282.1,200,2026-04-01 23:06:09.269522,
REQ511054,/api/balance,136.6,500,2026-03-09 16:03:23.561422,INC400829
REQ511055,/api/beneficiary,1106.2,200,2026-02-28 12:06:04.156114,
REQ511056,/api/statement,300.4,200,2026-05-13 19:54:24.347030,
REQ511057,/api/transfer,362.9,200,2026-06-17 12:49:50.404233,
REQ511058,/api/transfer,177.4,200,2026-06-21 04:25:10.313960,
REQ511059,/api/beneficiary,281.4,200,2026-04-08 22:37:49.866912,
REQ511060,/api/balance,421.2,200,2026-02-28 17:10:24.214029,
REQ511061,/api/login,266.8,201,2026-08-08 13:53:27.967214,
REQ511062,/api/beneficiary,354.9,200,2026-08-07 15:03:52.291694,
REQ511063,/api/beneficiary,420.9,429,2026-07-25 21:20:14.695943,
REQ511064,/api/statement,416.4,500,2026-07-23 08:30:45.199443,
REQ511065,/api/transfer,375.4,200,2026-07-15 01:59:07.263462,
REQ511066,/api/kyc/verify,222.9,200,2026-07-03 20:30:41.326883,
REQ511067,/api/transfer,120.6,429,2026-03-16 18:51:38.193731,
REQ511068,/api/beneficiary,486.1,200,2026-05-26 11:08:20.316521,
REQ511069,/api/statement,102.3,200,2026-03-18 09:37:24.455441,
REQ511070,/api/kyc/verify,136.4,200,2026-06-24 05:17:09.474767,
REQ511071,/api/beneficiary,624.2,200,2026-05-18 07:02:20.596998,
REQ511072,/api/statement,171.9,200,2026-06-08 10:50:44.492135,
REQ511073,/api/transfer,353.5,200,2026-03-14 10:55:27.018750,
REQ511074,/api/kyc/verify,49.9,200,2026-02-28 14:23:22.791247,
REQ511075,/api/transfer,807.3,200,2026-07-13 11:14:26.631120,
REQ511076,/api/statement,155.5,200,2026-06-12 05:41:30.082455,
REQ511077,/api/transfer,3781.2,201,2026-04-06 05:56:38.903331,
REQ511078,/api/login,170.5,200,2026-06-27 17:02:59.045846,
REQ511079,/api/balance,480.2,400,2026-05-14 07:20:21.052383,
REQ511080,/api/beneficiary,102.9,200,2026-06-02 14:27:11.664407,
REQ511081,/api/login,127.3,200,2026-07-22 18:17:38.206504,
REQ511082,/api/balance,594.0,500,2026-04-08 15:44:31.563510,INC408847
REQ511083,/api/login,503.8,200,2026-07-07 19:55:37.101094,
REQ511084,/api/transfer,171.8,200,2026-08-16 13:51:48.745899,
REQ511085,/api/statement,70.6,201,2026-03-11 18:20:27.434785,
REQ511086,/api/kyc/verify,5747.3,200,2026-04-04 13:58:43.427779,
REQ511087,/api/kyc/verify,241.5,400,2026-05-15 02:21:34.327579,
REQ511088,/api/statement,230.2,502,2026-05-29 01:01:02.660672,
REQ511089,/api/balance,674.1,200,2026-04-18 09:27:17.892914,
REQ511090,/api/statement,7190.8,200,2026-07-05 05:36:05.903696,
REQ511091,/api/statement,273.2,200,2026-05-07 17:17:45.984227,
REQ511092,/api/statement,171.1,200,2026-03-27 00:31:56.160387,
REQ511093,/api/transfer,480.6,200,2026-03-16 17:26:46.417069,
REQ511094,/api/balance,7516.3,200,2026-05-03 02:16:27.211198,
REQ511095,/api/statement,30.4,200,2026-08-11 14:36:07.422468,
REQ511096,/api/kyc/verify,389.5,200,2026-07-11 23:57:11.277075,
REQ511097,/api/beneficiary,315.7,200,2026-06-20 16:59:15.560239,
REQ511098,/api/beneficiary,716.4,200,2026-06-20 01:57:29.152986,
REQ511099,/api/login,83.1,200,2026-07-07 19:09:07.455637,
REQ511100,/api/transfer,356.6,200,2026-04-28 09:40:33.167136,
REQ511101,/api/transfer,384.5,429,2026-04-12 14:44:45.764839,
REQ511102,/api/transfer,218.3,200,2026-03-25 06:16:08.447982,
REQ511103,/api/login,59.5,200,2026-08-17 10:59:49.238776,
REQ511104,/api/transfer,771.7,200,2026-06-08 13:14:25.573456,
REQ511105,/api/balance,126.3,200,2026-06-08 04:07:47.847710,
REQ511106,/api/beneficiary,139.9,502,2026-08-02 23:29:36.125645,
REQ511107,/api/kyc/verify,525.9,200,2026-05-12 01:17:44.924430,
REQ511108,/api/transfer,275.4,401,2026-07-23 07:12:52.028260,
REQ511109,/api/login,349.1,200,2026-04-05 12:45:54.830554,
REQ511110,/api/login,318.7,400,2026-07-11 08:56:09.219933,
REQ511111,/api/kyc/verify,562.3,400,2026-07-15 03:30:43.281950,
REQ511112,/api/login,152.9,200,2026-06-29 16:02:23.313087,
REQ511113,/api/beneficiary,190.4,200,2026-04-15 10:46:43.667460,
REQ511114,/api/login,574.7,429,2026-07-06 18:08:31.777598,
REQ511115,/api/kyc/verify,373.3,201,2026-03-24 01:17:19.939927,
REQ511116,/api/transfer,217.6,200,2026-07-19 20:28:25.631195,
REQ511117,/api/transfer,273.3,200,2026-07-17 20:59:40.780586,
REQ511118,/api/beneficiary,119.8,200,2026-07-27 03:07:30.353808,
REQ511119,/api/login,316.3,503,2026-03-18 23:24:46.368657,INC405124
REQ511120,/api/beneficiary,237.7,200,2026-07-09 23:45:39.798758,
REQ511121,/api/balance,561.9,200,2026-08-16 14:16:44.948820,
REQ511122,/api/beneficiary,933.8,200,2026-03-12 21:27:07.084134,
REQ511123,/api/beneficiary,257.3,500,2026-08-08 23:14:18.080518,INC401367
REQ511124,/api/kyc/verify,290.6,200,2026-03-04 02:47:36.189813,
REQ511125,/api/beneficiary,182.9,200,2026-03-25 20:36:14.523098,
REQ511126,/api/transfer,134.5,200,2026-06-30 00:06:25.166513,
REQ511127,/api/transfer,396.3,200,2026-02-26 05:40:31.717106,
REQ511128,/api/transfer,172.5,200,2026-05-03 00:27:34.987726,
REQ511129,/api/balance,311.9,200,2026-07-25 06:47:19.602806,
REQ511130,/api/statement,189.0,200,2026-04-24 08:33:56.186085,
REQ511131,/api/kyc/verify,102.5,200,2026-04-24 22:38:43.236263,
REQ511132,/api/transfer,280.5,200,2026-06-16 22:03:08.882996,
REQ511133,/api/transfer,149.2,200,2026-05-15 16:21:37.149642,
REQ511134,/api/balance,588.2,401,2026-08-04 21:13:35.735191,
REQ511135,/api/login,75.4,200,2026-06-24 16:25:17.596585,
REQ511136,/api/login,335.9,200,2026-04-12 15:32:51.395337,
REQ511137,/api/transfer,196.0,200,2026-07-11 17:08:09.663558,
REQ511138,/api/login,99.9,200,2026-06-18 16:24:00.866987,
REQ511139,/api/kyc/verify,138.9,400,2026-07-07 17:38:33.926605,
REQ511140,/api/beneficiary,578.6,200,2026-02-28 18:42:05.269626,
REQ511141,/api/kyc/verify,126.9,200,2026-04-25 07:04:17.948782,
REQ511142,/api/transfer,107.0,200,2026-03-14 17:35:21.530019,
REQ511143,/api/login,60.6,200,2026-03-03 12:06:21.867051,
REQ511144,/api/transfer,243.8,504,2026-03-06 13:32:56.025807,INC402499
REQ511145,/api/login,113.6,200,2026-07-25 02:15:15.511076,
REQ511146,/api/beneficiary,6149.8,502,2026-04-03 06:07:31.372744,INC406698
REQ511147,/api/login,109.3,200,2026-03-03 02:06:12.864280,
REQ511148,/api/login,59.9,504,2026-05-21 04:17:40.165195,
REQ511149,/api/balance,272.2,200,2026-08-14 11:53:01.941743,
REQ511150,/api/kyc/verify,548.2,200,2026-07-28 17:07:28.186178,
REQ511151,/api/kyc/verify,180.1,200,2026-06-30 13:42:58.245404,
REQ511152,/api/transfer,129.2,200,2026-04-17 02:53:33.418729,
REQ511153,/api/kyc/verify,291.2,201,2026-06-03 19:44:16.182611,
REQ511154,/api/kyc/verify,609.3,200,2026-07-28 18:59:19.469454,
REQ511155,/api/beneficiary,969.9,200,2026-04-19 18:48:25.830096,
REQ511156,/api/login,474.5,200,2026-07-06 13:16:07.610114,
REQ511157,/api/login,47.5,200,2026-08-14 01:17:02.769204,
REQ511158,/api/login,158.6,200,2026-08-03 17:02:46.770548,
REQ511159,/api/kyc/verify,40.3,200,2026-05-19 12:43:59.178144,
REQ511160,/api/beneficiary,103.8,201,2026-02-23 16:35:24.450285,
REQ511161,/api/kyc/verify,138.4,429,2026-03-05 20:09:34.752376,
REQ511162,/api/statement,496.1,200,2026-07-21 16:40:38.368075,
REQ511163,/api/beneficiary,143.1,200,2026-06-09 11:54:01.184250,
REQ511164,/api/beneficiary,86.5,200,2026-07-29 07:11:40.322929,
REQ511165,/api/balance,833.8,200,2026-04-10 00:44:49.197651,
REQ511166,/api/login,516.5,200,2026-06-15 00:10:37.149911,
REQ511167,/api/beneficiary,269.1,200,2026-04-19 11:25:59.826911,
REQ511168,/api/login,154.0,200,2026-04-19 08:50:18.492992,
REQ511169,/api/transfer,631.0,200,2026-07-12 11:28:19.384087,
REQ511170,/api/beneficiary,177.9,503,2026-07-17 03:44:35.173171,INC404242
REQ511171,/api/balance,91.7,200,2026-04-10 12:23:46.246431,
REQ511172,/api/kyc/verify,560.1,500,2026-06-06 10:11:45.628651,INC400501
REQ511173,/api/login,977.5,200,2026-04-05 12:28:09.959786,
REQ511174,/api/kyc/verify,294.6,200,2026-06-07 23:03:55.056285,
REQ511175,/api/transfer,556.5,200,2026-05-20 16:21:29.019705,
REQ511176,/api/balance,281.6,500,2026-03-14 22:27:04.599346,INC409439
REQ511177,/api/kyc/verify,73.7,200,2026-02-23 10:30:49.429240,
REQ511178,/api/statement,286.9,200,2026-07-24 23:38:03.636194,
REQ511179,/api/login,439.1,200,2026-07-09 13:13:22.183357,
REQ511180,/api/balance,176.4,200,2026-05-24 20:27:43.801638,
REQ511181,/api/beneficiary,89.1,200,2026-07-11 10:58:19.205807,
REQ511182,/api/statement,197.0,200,2026-07-23 00:54:57.496901,
REQ511183,/api/balance,226.9,500,2026-04-04 23:15:11.683793,INC402203
REQ511184,/api/login,78.6,200,2026-02-23 18:57:35.341481,
REQ511185,/api/transfer,391.6,200,2026-03-02 02:22:43.480141,
REQ511186,/api/balance,178.7,200,2026-07-18 19:32:46.626765,
REQ511187,/api/balance,160.6,200,2026-06-07 17:35:58.372502,
REQ511188,/api/beneficiary,269.4,200,2026-03-12 01:00:13.048979,
REQ511189,/api/balance,437.8,400,2026-08-07 07:40:49.305492,
REQ511190,/api/statement,162.1,200,2026-02-23 00:53:30.896647,
REQ511191,/api/transfer,198.6,200,2026-03-29 03:10:25.231900,
REQ511192,/api/transfer,282.2,200,2026-06-11 17:02:14.739414,
REQ511193,/api/kyc/verify,557.2,200,2026-05-21 13:51:37.739016,
REQ511194,/api/balance,89.3,200,2026-03-23 22:44:57.326360,
REQ511195,/api/balance,39.6,200,2026-05-17 04:14:14.133956,
REQ511196,/api/balance,169.1,200,2026-07-19 04:45:31.738527,
REQ511197,/api/balance,185.7,400,2026-05-08 23:41:35.956041,
REQ511198,/api/login,41.8,200,2026-06-15 20:45:26.417023,
REQ511199,/api/balance,232.3,200,2026-05-21 19:00:13.007629,
REQ511200,/api/transfer,178.9,200,2026-04-16 16:22:30.749464,
REQ511201,/api/balance,231.0,200,2026-05-24 04:42:47.697236,
REQ511202,/api/statement,351.3,200,2026-05-01 09:32:39.399692,
REQ511203,/api/statement,345.5,200,2026-03-31 21:16:27.806254,
REQ511204,/api/transfer,314.4,200,2026-06-05 13:33:23.801719,
REQ511205,/api/statement,297.6,200,2026-05-26 23:25:09.486712,
REQ511206,/api/balance,356.3,200,2026-03-02 19:31:05.927699,
REQ511207,/api/login,863.2,200,2026-04-01 02:11:35.521452,
REQ511208,/api/kyc/verify,210.3,200,2026-07-13 17:54:35.404186,
REQ511209,/api/transfer,347.8,200,2026-05-22 04:50:50.086527,
REQ511210,/api/kyc/verify,340.5,200,2026-05-01 04:44:03.625049,
REQ511211,/api/balance,233.8,200,2026-08-01 03:55:10.196759,
REQ511212,/api/balance,168.4,200,2026-07-10 02:14:02.014023,
REQ511213,/api/balance,299.1,200,2026-04-22 08:37:56.217412,
REQ511214,/api/balance,650.3,401,2026-02-26 12:58:35.666522,
REQ511215,/api/statement,395.4,200,2026-07-29 08:03:25.843240,
REQ511216,/api/statement,181.9,200,2026-03-04 21:14:16.398859,
REQ511217,/api/statement,194.9,200,2026-07-25 10:28:15.549746,
REQ511218,/api/balance,770.8,401,2026-04-19 14:58:14.747795,
REQ511219,/api/transfer,235.1,200,2026-08-03 07:52:02.376443,
REQ511220,/api/balance,531.3,200,2026-03-09 10:12:59.262466,
REQ511221,/api/beneficiary,198.8,200,2026-07-31 04:39:42.894148,
REQ511222,/api/kyc/verify,152.7,200,2026-03-10 21:30:29.986146,
REQ511223,/api/beneficiary,444.3,200,2026-05-09 07:42:27.051551,
REQ511224,/api/transfer,381.9,200,2026-05-24 15:50:06.715992,
REQ511225,/api/kyc/verify,131.7,200,2026-07-12 14:56:30.759807,
REQ511226,/api/login,227.2,400,2026-08-14 09:48:25.117453,
REQ511227,/api/transfer,166.7,200,2026-06-04 07:56:48.296649,
REQ511228,/api/login,256.6,200,2026-03-28 06:56:46.199780,
REQ511229,/api/login,269.9,200,2026-06-14 19:20:28.578152,
REQ511230,/api/beneficiary,382.7,200,2026-06-22 18:04:20.903016,
REQ511231,/api/balance,65.0,200,2026-05-28 16:41:01.658724,
REQ511232,/api/kyc/verify,604.7,500,2026-04-06 03:13:50.192771,INC407695
REQ511233,/api/transfer,204.6,200,2026-08-19 03:43:27.827124,
REQ511234,/api/beneficiary,195.7,200,2026-03-06 01:51:48.053940,
REQ511235,/api/login,428.3,200,2026-04-28 19:07:08.544431,
REQ511236,/api/login,670.5,400,2026-03-30 15:25:17.574551,
REQ511237,/api/balance,505.6,200,2026-07-05 04:47:06.024005,
REQ511238,/api/beneficiary,195.3,200,2026-05-18 17:40:29.020835,
REQ511239,/api/transfer,235.5,200,2026-04-26 08:15:34.874759,
REQ511240,/api/login,217.2,401,2026-08-02 06:41:12.675312,
REQ511241,/api/transfer,394.8,200,2026-06-10 22:53:50.864298,
REQ511242,/api/transfer,173.2,400,2026-04-02 15:32:06.553381,
REQ511243,/api/statement,282.1,200,2026-04-21 05:00:19.011498,
REQ511244,/api/beneficiary,104.2,500,2026-08-05 18:36:18.922984,INC405561
REQ511245,/api/balance,305.0,200,2026-04-02 17:57:29.825865,
REQ511246,/api/beneficiary,65.1,200,2026-06-27 21:53:08.692401,
REQ511247,/api/beneficiary,8200.6,200,2026-05-30 22:01:58.260606,
REQ511248,/api/login,171.3,200,2026-07-11 14:28:35.358225,
REQ511249,/api/beneficiary,123.5,200,2026-05-26 11:22:51.302360,
REQ511250,/api/statement,348.2,200,2026-04-21 18:34:01.091818,
REQ511251,/api/beneficiary,801.3,200,2026-07-08 15:50:25.000541,
REQ511252,/api/transfer,350.0,401,2026-07-29 15:18:00.273250,
REQ511253,/api/beneficiary,354.6,200,2026-03-26 12:57:24.594994,
REQ511254,/api/kyc/verify,514.5,200,2026-03-13 10:01:06.725946,
REQ511255,/api/beneficiary,528.1,200,2026-03-16 03:46:12.925198,
REQ511256,/api/kyc/verify,107.4,200,2026-03-30 23:33:26.146036,
REQ511257,/api/kyc/verify,137.9,200,2026-02-21 10:36:50.882291,
REQ511258,/api/balance,103.2,200,2026-08-12 21:51:39.526912,
REQ511259,/api/statement,55.5,201,2026-07-24 13:19:03.577155,
REQ511260,/api/transfer,429.7,201,2026-06-14 01:35:30.647312,
REQ511261,/api/statement,6986.9,200,2026-07-27 23:06:20.720895,
REQ511262,/api/transfer,362.8,200,2026-06-28 20:48:52.629760,
REQ511263,/api/statement,262.6,200,2026-04-22 09:39:50.277297,
REQ511264,/api/kyc/verify,336.3,200,2026-06-18 18:59:46.513534,
REQ511265,/api/balance,80.6,200,2026-06-10 11:41:11.266652,
REQ511266,/api/statement,412.7,200,2026-06-23 18:01:01.306762,
REQ511267,/api/kyc/verify,97.8,200,2026-04-23 17:42:55.072945,
REQ511268,/api/balance,201.8,200,2026-07-19 13:46:19.246345,
REQ511269,/api/kyc/verify,39.1,201,2026-03-16 18:25:50.698719,
REQ511270,/api/beneficiary,107.3,401,2026-06-21 06:23:45.124821,
REQ511271,/api/transfer,452.9,200,2026-05-23 01:11:57.312908,
REQ511272,/api/balance,292.4,200,2026-05-08 04:07:27.479591,
REQ511273,/api/kyc/verify,128.1,200,2026-06-17 19:32:04.731342,
REQ511274,/api/transfer,134.2,200,2026-04-16 13:09:50.136760,
REQ511275,/api/statement,584.0,200,2026-02-23 15:11:53.407252,
REQ511276,/api/transfer,469.5,200,2026-04-09 04:56:21.777154,
REQ511277,/api/kyc/verify,358.8,200,2026-04-27 23:16:21.710210,
REQ511278,/api/transfer,261.1,504,2026-05-24 13:26:48.275258,INC405413
REQ511279,/api/balance,191.5,200,2026-06-26 04:07:43.048572,
REQ511280,/api/beneficiary,244.3,200,2026-05-19 20:52:04.366797,
REQ511281,/api/statement,237.0,200,2026-07-12 00:30:58.974916,
REQ511282,/api/kyc/verify,212.0,200,2026-04-06 04:13:52.382596,
REQ511283,/api/beneficiary,745.8,200,2026-03-26 20:29:05.667560,
REQ511284,/api/transfer,133.1,200,2026-05-10 13:44:03.455757,
REQ511285,/api/transfer,77.5,200,2026-07-24 18:20:18.365207,
REQ511286,/api/beneficiary,497.8,200,2026-07-11 06:50:40.608861,
REQ511287,/api/transfer,331.1,200,2026-06-22 05:32:16.124314,
REQ511288,/api/transfer,412.8,200,2026-04-28 18:18:03.327607,
REQ511289,/api/statement,230.8,429,2026-03-22 16:17:14.667386,
REQ511290,/api/statement,279.2,200,2026-07-15 14:05:06.013659,
REQ511291,/api/kyc/verify,81.4,200,2026-04-04 21:29:25.777748,
REQ511292,/api/beneficiary,253.2,200,2026-04-18 04:56:29.014112,
REQ511293,/api/balance,354.8,200,2026-08-02 22:20:37.895634,
REQ511294,/api/login,117.1,200,2026-05-16 23:15:56.162890,
REQ511295,/api/transfer,276.5,200,2026-06-06 00:32:46.761938,
REQ511296,/api/balance,422.6,200,2026-04-15 02:00:12.023603,
REQ511297,/api/kyc/verify,160.3,200,2026-06-11 20:36:43.573006,
REQ511298,/api/statement,266.5,200,2026-02-25 11:18:42.517169,
REQ511299,/api/kyc/verify,147.5,200,2026-08-04 04:34:01.275764,
REQ511300,/api/kyc/verify,216.9,200,2026-04-03 20:18:21.634456,
REQ511301,/api/beneficiary,280.3,503,2026-06-07 20:44:28.437391,
REQ511302,/api/kyc/verify,350.7,200,2026-07-23 18:02:57.498481,
REQ511303,/api/beneficiary,448.0,201,2026-03-30 04:00:27.218197,
REQ511304,/api/beneficiary,383.6,200,2026-05-29 08:34:24.369312,
REQ511305,/api/kyc/verify,52.3,200,2026-07-06 14:40:14.587567,
REQ511306,/api/kyc/verify,149.6,200,2026-08-18 09:02:34.968688,
REQ511307,/api/transfer,145.8,200,2026-06-24 03:08:27.210550,
REQ511308,/api/login,305.7,200,2026-04-08 20:03:35.967288,
REQ511309,/api/transfer,136.2,200,2026-07-09 23:19:16.508545,
REQ511310,/api/balance,738.4,200,2026-08-06 06:10:00.108643,
REQ511311,/api/login,7218.3,200,2026-07-03 02:40:25.782438,
REQ511312,/api/balance,245.8,200,2026-03-16 05:49:23.873123,
REQ511313,/api/transfer,501.7,200,2026-04-15 07:35:25.186094,
REQ511314,/api/beneficiary,7879.2,200,2026-08-03 17:10:03.982037,
REQ511315,/api/transfer,151.0,200,2026-02-21 06:16:05.655878,
REQ511316,/api/balance,318.1,200,2026-06-22 20:34:10.161908,
REQ511317,/api/transfer,448.3,200,2026-07-02 06:15:56.122434,
REQ511318,/api/kyc/verify,341.0,200,2026-03-10 13:07:00.529949,
REQ511319,/api/balance,438.3,200,2026-05-09 01:46:10.947307,
REQ511320,/api/login,344.2,200,2026-04-13 01:08:31.577955,
REQ511321,/api/transfer,4032.7,200,2026-02-27 06:49:49.617249,
REQ511322,/api/login,663.7,200,2026-02-24 15:32:45.979120,
REQ511323,/api/beneficiary,357.6,429,2026-07-09 11:58:38.428255,
REQ511324,/api/transfer,305.6,201,2026-05-19 11:56:01.561899,
REQ511325,/api/kyc/verify,287.6,200,2026-05-17 22:26:00.654665,
REQ511326,/api/transfer,253.6,200,2026-04-18 04:38:46.002322,
REQ511327,/api/statement,131.4,401,2026-06-13 21:04:19.431392,
REQ511328,/api/beneficiary,551.4,200,2026-04-26 17:56:42.354968,
REQ511329,/api/transfer,78.7,200,2026-07-03 08:16:50.339674,
REQ511330,/api/statement,516.8,500,2026-08-06 09:10:49.711488,
REQ511331,/api/kyc/verify,372.9,200,2026-05-16 14:26:31.850388,
REQ511332,/api/transfer,618.0,200,2026-04-21 09:08:01.720293,
REQ511333,/api/balance,183.0,200,2026-04-15 05:48:48.999668,
REQ511334,/api/beneficiary,139.4,200,2026-08-09 20:20:24.192650,
REQ511335,/api/transfer,457.4,200,2026-04-12 13:23:37.759627,
REQ511336,/api/balance,90.3,200,2026-03-18 17:28:35.313960,
REQ511337,/api/statement,388.4,200,2026-03-02 14:01:14.390567,
REQ511338,/api/statement,265.0,200,2026-04-13 12:14:42.231987,
REQ511339,/api/balance,838.4,200,2026-07-17 15:09:07.936271,
REQ511340,/api/kyc/verify,400.5,200,2026-04-26 08:32:10.739483,
REQ511341,/api/beneficiary,599.6,200,2026-04-15 22:18:08.766226,
REQ511342,/api/kyc/verify,113.1,200,2026-06-27 17:59:47.591721,
REQ511343,/api/statement,270.8,200,2026-08-01 04:00:48.279130,
REQ511344,/api/beneficiary,339.5,200,2026-06-14 12:02:07.216666,
REQ511345,/api/balance,486.8,200,2026-07-09 21:38:50.041966,
REQ511346,/api/transfer,101.7,200,2026-02-26 19:26:43.258414,
REQ511347,/api/kyc/verify,491.2,200,2026-07-27 01:40:26.366471,
REQ511348,/api/balance,39.9,200,2026-06-30 21:50:55.747113,
REQ511349,/api/transfer,180.2,200,2026-06-22 21:34:55.663784,
REQ511350,/api/transfer,566.1,200,2026-06-01 21:17:52.214080,
REQ511351,/api/transfer,424.5,200,2026-08-18 14:06:04.378565,
REQ511352,/api/login,239.4,504,2026-03-18 10:51:48.874789,INC407290
REQ511353,/api/transfer,38.1,200,2026-05-11 06:41:52.309303,
REQ511354,/api/beneficiary,745.3,200,2026-06-03 13:51:53.344256,
REQ511355,/api/beneficiary,324.6,200,2026-05-04 18:21:55.505165,
REQ511356,/api/login,383.2,200,2026-05-15 14:22:53.777584,
REQ511357,/api/statement,117.6,200,2026-07-19 12:12:40.323534,
REQ511358,/api/statement,420.3,429,2026-08-14 22:19:47.497509,
REQ511359,/api/beneficiary,189.0,200,2026-06-08 16:28:46.700318,
REQ511360,/api/balance,253.9,200,2026-04-13 18:43:47.570970,
REQ511361,/api/login,184.5,200,2026-06-08 05:17:13.260194,
REQ511362,/api/transfer,159.6,200,2026-08-01 16:54:41.415475,
REQ511363,/api/kyc/verify,257.2,401,2026-04-13 11:28:42.014717,
REQ511364,/api/kyc/verify,324.4,200,2026-05-31 09:25:34.383433,
REQ511365,/api/transfer,365.1,200,2026-07-09 23:21:52.338070,
REQ511366,/api/balance,477.6,200,2026-06-24 03:18:32.416382,
REQ511367,/api/transfer,210.0,200,2026-07-30 23:21:28.095565,
REQ511368,/api/balance,249.6,200,2026-05-19 05:53:21.344493,
REQ511369,/api/login,332.0,200,2026-04-16 08:22:02.666418,
REQ511370,/api/beneficiary,263.5,200,2026-03-16 03:52:01.068076,
REQ511371,/api/kyc/verify,405.6,200,2026-07-17 05:06:27.750402,
REQ511372,/api/balance,279.5,200,2026-03-24 12:10:25.842824,
REQ511373,/api/kyc/verify,230.8,200,2026-05-01 15:36:02.079577,
REQ511374,/api/login,141.1,200,2026-07-18 20:28:45.112826,
REQ511375,/api/login,160.8,200,2026-07-27 16:06:26.945733,
REQ511376,/api/statement,355.6,500,2026-04-30 09:34:49.586391,INC405166
REQ511377,/api/statement,132.9,200,2026-07-13 03:40:17.350001,
REQ511378,/api/kyc/verify,249.8,200,2026-02-25 20:30:02.726907,
REQ511379,/api/statement,270.0,200,2026-07-01 01:19:54.051732,
REQ511380,/api/login,193.0,200,2026-04-24 10:35:17.478309,
REQ511381,/api/transfer,523.3,429,2026-04-22 14:20:48.509660,
REQ511382,/api/login,147.9,200,2026-02-22 06:24:45.068791,
REQ511383,/api/statement,600.7,200,2026-06-30 19:15:17.654306,
REQ511384,/api/beneficiary,457.7,200,2026-07-15 11:04:24.155490,
REQ511385,/api/statement,191.2,201,2026-07-30 17:12:32.052646,
REQ511386,/api/beneficiary,214.6,502,2026-03-19 16:16:23.029264,
REQ511387,/api/beneficiary,324.9,502,2026-03-11 15:41:06.825104,INC400438
REQ511388,/api/statement,35.5,200,2026-03-07 23:13:21.786255,
REQ511389,/api/beneficiary,315.7,200,2026-08-05 10:47:28.800210,
REQ511390,/api/login,51.5,200,2026-03-08 19:42:09.963650,
REQ511391,/api/beneficiary,146.9,500,2026-08-05 21:58:24.515807,INC409552
REQ511392,/api/statement,228.4,200,2026-04-26 06:16:49.222909,
REQ511393,/api/statement,646.9,200,2026-03-18 10:55:42.341689,
REQ511394,/api/beneficiary,350.7,502,2026-03-13 04:35:11.451001,
REQ511395,/api/login,53.9,200,2026-04-29 03:49:23.054408,
REQ511396,/api/login,384.7,200,2026-07-15 05:41:50.696678,
REQ511397,/api/beneficiary,150.4,400,2026-05-04 09:56:25.322951,
REQ511398,/api/statement,140.4,200,2026-03-18 03:57:01.787155,
REQ511399,/api/balance,213.4,200,2026-08-11 20:34:21.452562,
REQ511400,/api/statement,288.5,200,2026-05-19 02:13:36.811020,
REQ511401,/api/beneficiary,603.9,200,2026-07-31 18:01:17.214364,
REQ511402,/api/balance,249.8,200,2026-03-30 08:25:48.462902,
REQ511403,/api/beneficiary,164.2,200,2026-05-05 21:39:57.825755,
REQ511404,/api/statement,40.9,429,2026-02-23 01:59:50.602318,
REQ511405,/api/balance,497.4,200,2026-06-03 17:17:03.426180,
REQ511406,/api/balance,329.3,200,2026-05-18 20:38:11.384653,
REQ511407,/api/login,308.0,200,2026-06-15 11:56:24.245443,
REQ511408,/api/transfer,490.2,200,2026-07-06 06:01:29.412279,
REQ511409,/api/balance,175.1,200,2026-02-25 08:55:09.568895,
REQ511410,/api/kyc/verify,144.5,500,2026-06-13 05:29:24.634270,INC409887
REQ511411,/api/balance,125.0,200,2026-05-09 11:36:00.168286,
REQ511412,/api/kyc/verify,363.4,200,2026-06-10 09:23:03.695289,
REQ511413,/api/statement,173.4,200,2026-07-24 21:41:12.520340,
REQ511414,/api/balance,79.8,400,2026-08-19 05:15:09.672529,
REQ511415,/api/balance,646.2,200,2026-05-13 03:05:32.432583,
REQ511416,/api/kyc/verify,221.9,200,2026-04-01 14:00:40.718325,
REQ511417,/api/login,608.7,200,2026-05-17 12:48:45.282522,
REQ511418,/api/balance,122.9,200,2026-03-19 12:54:34.725207,
REQ511419,/api/beneficiary,324.2,200,2026-08-16 09:31:23.023233,
REQ511420,/api/login,437.7,200,2026-07-03 22:38:07.123618,
REQ511421,/api/statement,196.8,200,2026-04-30 02:47:55.226504,
REQ511422,/api/login,378.4,200,2026-06-21 19:31:23.706584,
REQ511423,/api/transfer,61.8,200,2026-02-24 04:49:18.827419,
REQ511424,/api/transfer,301.9,400,2026-04-25 00:48:53.808488,
REQ511425,/api/login,1005.6,200,2026-08-01 14:08:15.112393,
REQ511426,/api/statement,204.0,200,2026-04-11 10:20:13.437941,
REQ511427,/api/statement,447.5,200,2026-07-19 06:23:15.533017,
REQ511428,/api/kyc/verify,170.2,200,2026-06-09 21:21:59.543201,
REQ511429,/api/statement,131.2,200,2026-07-30 05:34:55.654759,
REQ511430,/api/login,509.8,200,2026-02-24 10:24:37.877580,
REQ511431,/api/balance,446.0,200,2026-05-03 23:42:27.695373,
REQ511432,/api/login,214.7,200,2026-04-01 04:08:25.063583,
REQ511433,/api/balance,490.1,200,2026-05-24 04:37:46.584725,
REQ511434,/api/kyc/verify,186.7,200,2026-05-31 14:41:38.111145,
REQ511435,/api/transfer,176.1,200,2026-04-21 16:31:33.395213,
REQ511436,/api/statement,213.1,200,2026-08-10 14:24:41.017782,
REQ511437,/api/balance,109.6,500,2026-03-17 19:59:17.018574,
REQ511438,/api/kyc/verify,126.8,200,2026-03-06 19:36:59.674530,
REQ511439,/api/kyc/verify,368.6,200,2026-05-09 14:20:43.793502,
REQ511440,/api/transfer,207.5,200,2026-04-07 07:26:50.099355,
REQ511441,/api/transfer,6.1,200,2026-05-21 14:36:04.189681,
REQ511442,/api/transfer,554.6,200,2026-06-09 07:13:27.796998,
REQ511443,/api/login,34.7,200,2026-03-27 07:16:59.123714,
REQ511444,/api/transfer,767.5,200,2026-04-27 06:52:40.010349,
REQ511445,/api/login,655.2,200,2026-02-22 04:37:23.639631,
REQ511446,/api/statement,274.3,200,2026-07-25 14:38:41.785199,
REQ511447,/api/transfer,274.7,200,2026-06-05 23:48:47.049973,
REQ511448,/api/kyc/verify,788.9,200,2026-04-28 12:29:52.605553,
REQ511449,/api/statement,295.8,200,2026-06-04 13:52:45.268801,
REQ511450,/api/beneficiary,283.8,200,2026-05-18 06:38:24.601302,
REQ511451,/api/balance,418.0,200,2026-04-26 23:55:58.520633,
REQ511452,/api/transfer,217.9,200,2026-05-11 00:39:11.864731,
REQ511453,/api/login,75.5,200,2026-06-07 17:00:10.206812,
REQ511454,/api/kyc/verify,314.9,200,2026-04-03 11:52:11.682186,
REQ511455,/api/kyc/verify,300.8,200,2026-07-09 03:18:08.807943,
REQ511456,/api/transfer,289.3,200,2026-03-17 07:41:41.006970,
REQ511457,/api/statement,467.2,200,2026-04-27 21:53:50.597338,
REQ511458,/api/transfer,67.1,200,2026-07-28 15:25:08.801799,
REQ511459,/api/statement,510.6,200,2026-08-04 03:05:37.132957,
REQ511460,/api/beneficiary,154.2,200,2026-03-19 14:38:01.821938,
REQ511461,/api/beneficiary,315.1,200,2026-08-14 03:36:59.454454,
REQ511462,/api/beneficiary,112.8,200,2026-06-05 16:07:42.488216,
REQ511463,/api/statement,728.7,200,2026-05-25 16:38:24.574553,
REQ511464,/api/statement,314.2,200,2026-02-22 05:14:56.658448,
REQ511465,/api/statement,29.5,200,2026-07-21 13:49:14.589278,
REQ511466,/api/kyc/verify,143.2,200,2026-07-21 23:40:56.177456,
REQ511467,/api/statement,71.3,500,2026-07-02 08:24:48.930606,INC404289
REQ511468,/api/kyc/verify,263.8,200,2026-06-26 18:09:49.308702,
REQ511469,/api/beneficiary,267.4,200,2026-08-09 14:23:48.021706,
REQ511470,/api/balance,388.7,200,2026-04-12 14:12:33.181473,
REQ511471,/api/kyc/verify,149.7,200,2026-02-24 11:26:09.759062,
REQ511472,/api/balance,533.2,200,2026-08-01 10:02:26.769612,
REQ511473,/api/balance,341.6,200,2026-03-16 05:36:15.812327,
REQ511474,/api/beneficiary,364.4,200,2026-03-30 06:04:18.693103,
REQ511475,/api/beneficiary,78.6,200,2026-08-04 11:10:52.538965,
REQ511476,/api/transfer,203.2,200,2026-04-11 08:00:21.099529,
REQ511477,/api/balance,677.0,200,2026-06-24 15:03:26.713067,
REQ511478,/api/beneficiary,134.5,200,2026-07-18 00:15:34.353943,
REQ511479,/api/balance,745.7,200,2026-08-03 02:37:00.434241,
REQ511480,/api/balance,436.7,200,2026-05-30 03:31:34.936943,
REQ511481,/api/kyc/verify,134.4,200,2026-05-28 09:35:25.573689,
REQ511482,/api/beneficiary,335.2,200,2026-07-27 18:58:24.585269,
REQ511483,/api/login,43.7,200,2026-04-28 12:18:03.256873,
REQ511484,/api/kyc/verify,347.9,200,2026-03-21 02:22:00.024056,
REQ511485,/api/login,231.2,200,2026-04-10 00:09:35.133849,
REQ511486,/api/statement,57.7,200,2026-07-26 04:55:42.490240,
REQ511487,/api/statement,327.4,502,2026-08-01 16:14:06.819365,
REQ511488,/api/kyc/verify,56.5,200,2026-06-29 18:10:50.523787,
REQ511489,/api/kyc/verify,353.3,200,2026-04-02 03:51:53.481256,
REQ511490,/api/statement,263.7,200,2026-03-16 03:37:59.117842,
REQ511491,/api/login,292.2,200,2026-08-12 00:14:29.243410,
REQ511492,/api/balance,183.4,200,2026-06-14 21:10:50.219056,
REQ511493,/api/beneficiary,668.6,200,2026-05-16 01:18:12.589676,
REQ511494,/api/balance,338.2,200,2026-04-05 11:33:09.670264,
REQ511495,/api/kyc/verify,632.8,200,2026-03-02 19:57:06.599209,
REQ511496,/api/kyc/verify,55.8,200,2026-08-15 09:03:50.829129,
REQ511497,/api/balance,43.6,200,2026-04-26 05:04:40.407107,
REQ511498,/api/balance,5545.6,200,2026-04-30 09:29:26.631818,
REQ511499,/api/transfer,597.6,200,2026-07-10 12:45:31.358900,
REQ511500,/api/statement,240.2,503,2026-08-04 23:11:07.666530,INC401325
REQ511501,/api/beneficiary,371.7,200,2026-06-29 09:41:44.607952,
REQ511502,/api/balance,290.4,200,2026-02-28 07:59:22.503795,
REQ511503,/api/login,415.2,200,2026-06-01 23:29:01.649141,
REQ511504,/api/balance,263.6,400,2026-07-16 10:58:30.648877,
REQ511505,/api/beneficiary,326.0,200,2026-07-16 20:09:51.584967,
REQ511506,/api/transfer,94.8,200,2026-07-11 08:57:59.927828,
REQ511507,/api/transfer,623.6,200,2026-02-26 00:54:27.208862,
REQ511508,/api/transfer,400.4,200,2026-07-12 00:33:37.233303,
REQ511509,/api/login,31.3,200,2026-08-10 13:40:44.262839,
REQ511510,/api/kyc/verify,517.4,200,2026-03-27 22:55:24.762334,
REQ511511,/api/login,382.4,429,2026-03-30 04:16:19.189385,
REQ511512,/api/kyc/verify,307.7,200,2026-03-27 02:20:12.082967,
REQ511513,/api/beneficiary,838.5,200,2026-06-01 06:46:30.122530,
REQ511514,/api/kyc/verify,133.3,201,2026-05-13 23:40:57.340549,
REQ511515,/api/login,116.2,201,2026-03-15 19:24:22.264857,
REQ511516,/api/balance,85.9,200,2026-06-09 20:50:36.413644,
REQ511517,/api/balance,8448.1,200,2026-03-10 17:48:29.390028,
REQ511518,/api/login,474.6,200,2026-08-10 16:20:44.922193,
REQ511519,/api/balance,138.3,200,2026-03-26 06:00:08.799309,
REQ511520,/api/kyc/verify,495.2,200,2026-03-13 16:45:00.208231,
REQ511521,/api/balance,655.4,201,2026-04-28 10:02:26.856731,
REQ511522,/api/transfer,151.9,200,2026-03-02 18:47:05.397348,
REQ511523,/api/kyc/verify,249.5,200,2026-06-30 08:37:17.212328,
REQ511524,/api/statement,131.8,200,2026-06-13 03:18:57.998002,
REQ511525,/api/beneficiary,202.8,200,2026-03-12 05:16:05.257113,
REQ511526,/api/transfer,197.5,200,2026-05-24 12:22:32.640651,
REQ511527,/api/kyc/verify,246.7,200,2026-03-29 07:55:36.754750,
REQ511528,/api/login,308.7,200,2026-05-26 06:45:10.631117,
REQ511529,/api/transfer,251.0,200,2026-06-15 17:41:21.341548,
REQ511530,/api/transfer,136.1,201,2026-05-17 04:48:48.888110,
REQ511531,/api/kyc/verify,228.6,200,2026-05-22 00:23:04.706410,
REQ511532,/api/beneficiary,362.4,400,2026-05-08 05:39:24.097282,
REQ511533,/api/kyc/verify,368.6,200,2026-05-08 19:55:07.737566,
REQ511534,/api/transfer,238.2,200,2026-08-12 09:25:22.004808,
REQ511535,/api/kyc/verify,149.6,200,2026-04-01 00:53:17.475437,
REQ511536,/api/login,122.1,200,2026-02-22 16:40:42.033337,
REQ511537,/api/statement,170.9,200,2026-04-14 12:30:02.121030,
REQ511538,/api/kyc/verify,707.7,200,2026-07-30 01:00:57.551291,
REQ511539,/api/kyc/verify,291.4,500,2026-05-13 12:46:08.665230,
REQ511540,/api/beneficiary,4556.3,200,2026-08-18 11:06:07.865039,
REQ511541,/api/balance,86.7,200,2026-04-26 02:43:17.427367,
REQ511542,/api/beneficiary,335.4,200,2026-06-18 11:14:02.520732,
REQ511543,/api/beneficiary,198.3,200,2026-08-18 07:59:38.906775,
REQ511544,/api/kyc/verify,483.9,400,2026-08-11 11:03:02.632227,
REQ511545,/api/login,103.8,200,2026-06-29 23:39:17.016088,
REQ511546,/api/statement,295.6,200,2026-02-27 20:55:22.331432,
REQ511547,/api/kyc/verify,151.0,429,2026-04-14 13:22:54.779579,
REQ511548,/api/kyc/verify,258.9,200,2026-03-11 01:53:53.305804,
REQ511549,/api/beneficiary,161.3,200,2026-02-24 04:21:51.629081,
REQ511550,/api/beneficiary,114.6,200,2026-04-17 09:16:36.567380,
REQ511551,/api/login,56.7,200,2026-04-25 08:47:31.116547,
REQ511552,/api/beneficiary,215.3,200,2026-05-06 15:28:46.402769,
REQ511553,/api/transfer,415.2,504,2026-05-28 16:35:55.433088,INC401011
REQ511554,/api/beneficiary,161.9,200,2026-06-08 00:54:57.692416,
REQ511555,/api/statement,289.4,200,2026-05-29 16:36:19.572374,
REQ511556,/api/beneficiary,309.2,200,2026-06-11 11:32:08.156763,
REQ511557,/api/transfer,278.3,200,2026-02-24 15:56:49.364645,
REQ511558,/api/beneficiary,71.9,200,2026-04-13 13:39:43.571439,
REQ511559,/api/login,157.5,200,2026-06-25 16:48:00.388220,
REQ511560,/api/balance,311.5,200,2026-07-31 16:16:56.387361,
REQ511561,/api/transfer,674.8,200,2026-04-16 02:51:59.494873,
REQ511562,/api/statement,241.7,200,2026-05-13 12:52:51.105681,
REQ511563,/api/kyc/verify,242.1,200,2026-04-11 03:33:42.818391,
REQ511564,/api/login,282.7,200,2026-06-19 07:58:05.155459,
REQ511565,/api/balance,434.6,200,2026-07-26 12:00:27.882119,
REQ511566,/api/beneficiary,310.5,200,2026-06-01 09:00:15.178091,
REQ511567,/api/kyc/verify,469.0,200,2026-03-03 19:45:15.805254,
REQ511568,/api/balance,529.8,200,2026-04-09 01:17:28.558685,
REQ511569,/api/login,265.1,200,2026-03-04 23:45:32.764663,
REQ511570,/api/statement,631.3,200,2026-03-22 05:18:57.672072,
REQ511571,/api/balance,322.5,200,2026-05-03 17:31:36.050509,
REQ511572,/api/beneficiary,235.5,200,2026-07-05 02:35:05.856085,
REQ511573,/api/statement,215.5,200,2026-05-20 14:16:44.841716,
REQ511574,/api/transfer,248.1,500,2026-05-31 06:42:05.599716,INC408825
REQ511575,/api/kyc/verify,70.4,200,2026-07-15 23:14:58.103244,
REQ511576,/api/login,197.4,200,2026-04-23 05:07:50.887758,
REQ511577,/api/balance,161.4,200,2026-06-02 16:09:15.566685,
REQ511578,/api/transfer,70.4,200,2026-07-16 16:09:13.883955,
REQ511579,/api/login,102.2,200,2026-04-27 23:36:26.841964,
REQ511580,/api/kyc/verify,316.9,200,2026-04-11 07:47:53.897323,
REQ511581,/api/transfer,369.7,200,2026-07-16 06:11:38.408301,
REQ511582,/api/balance,213.0,200,2026-08-02 04:32:55.082399,
REQ511583,/api/balance,223.7,200,2026-03-28 06:32:16.987250,
REQ511584,/api/balance,317.0,200,2026-05-07 19:47:17.381173,
REQ511585,/api/kyc/verify,113.3,200,2026-04-25 15:26:01.296900,
REQ511586,/api/login,588.7,502,2026-05-18 21:41:22.197747,
REQ511587,/api/balance,283.1,200,2026-03-20 02:51:33.695175,
REQ511588,/api/kyc/verify,156.9,200,2026-05-28 21:04:39.180189,
REQ511589,/api/transfer,335.8,200,2026-08-14 23:35:59.854544,
REQ511590,/api/login,412.1,200,2026-05-18 18:44:27.012325,
REQ511591,/api/transfer,549.8,200,2026-05-21 23:31:03.780852,
REQ511592,/api/transfer,496.2,200,2026-04-20 06:23:57.801477,
REQ511593,/api/login,103.5,200,2026-05-04 02:53:59.954617,
REQ511594,/api/kyc/verify,268.1,200,2026-04-13 16:33:54.894606,
REQ511595,/api/login,194.0,500,2026-08-04 04:43:34.629663,
REQ511596,/api/beneficiary,337.0,200,2026-03-10 11:23:00.634144,
REQ511597,/api/beneficiary,103.1,200,2026-07-11 18:41:56.329478,
REQ511598,/api/beneficiary,799.0,502,2026-03-24 06:03:51.341191,INC407885
REQ511599,/api/kyc/verify,4159.9,200,2026-06-12 16:58:00.781891,
REQ511600,/api/kyc/verify,166.0,200,2026-06-07 15:19:11.265455,
REQ511601,/api/login,35.6,200,2026-03-24 12:41:18.842490,
REQ511602,/api/statement,78.6,200,2026-06-12 09:02:04.099512,
REQ511603,/api/balance,326.0,200,2026-07-06 18:58:24.682949,
REQ511604,/api/login,408.7,200,2026-06-17 21:18:27.054606,
REQ511605,/api/transfer,145.9,200,2026-05-17 17:31:00.149152,
REQ511606,/api/beneficiary,256.8,200,2026-03-16 23:33:28.408879,
REQ511607,/api/transfer,231.4,200,2026-07-09 12:47:56.136311,
REQ511608,/api/beneficiary,859.9,200,2026-04-06 22:27:23.030021,
REQ511609,/api/transfer,140.4,400,2026-04-27 19:21:30.157186,
REQ511610,/api/kyc/verify,354.3,200,2026-05-21 23:35:50.409328,
REQ511611,/api/beneficiary,4836.4,200,2026-07-05 13:36:53.042648,
REQ511612,/api/login,108.6,200,2026-03-20 23:28:39.013727,
REQ511613,/api/beneficiary,328.5,200,2026-06-20 09:38:22.684941,
REQ511614,/api/transfer,246.4,200,2026-07-20 20:47:07.544403,
REQ511615,/api/login,389.6,200,2026-04-02 15:13:27.180294,
REQ511616,/api/login,776.9,400,2026-03-19 12:41:01.456010,
REQ511617,/api/balance,251.0,200,2026-07-17 16:20:41.821620,
REQ511618,/api/balance,336.3,400,2026-04-04 15:08:00.302344,
REQ511619,/api/statement,297.8,200,2026-05-09 12:59:15.006608,
REQ511620,/api/login,633.0,200,2026-07-01 13:58:15.836350,
REQ511621,/api/beneficiary,690.9,200,2026-07-25 14:11:18.031024,
REQ511622,/api/statement,38.1,400,2026-06-14 03:51:23.779308,
REQ511623,/api/balance,452.0,200,2026-06-23 01:17:39.628872,
REQ511624,/api/statement,35.9,200,2026-08-14 00:12:46.879496,
REQ511625,/api/login,134.7,200,2026-04-01 09:20:55.527038,
REQ511626,/api/login,460.6,200,2026-04-02 09:07:43.133736,
REQ511627,/api/login,117.6,200,2026-04-20 08:20:38.451152,
REQ511628,/api/balance,189.3,200,2026-06-09 10:38:25.767483,
REQ511629,/api/beneficiary,97.9,200,2026-03-19 18:50:50.407451,
REQ511630,/api/transfer,68.0,200,2026-04-21 14:25:02.919004,
REQ511631,/api/transfer,143.3,200,2026-03-19 10:01:37.454005,
REQ511632,/api/login,488.2,200,2026-07-01 17:56:25.175273,
REQ511633,/api/login,303.3,200,2026-02-26 12:05:07.938407,
REQ511634,/api/kyc/verify,290.2,200,2026-04-19 14:22:18.050712,
REQ511635,/api/login,367.9,503,2026-07-23 21:42:27.206301,INC400818
REQ511636,/api/beneficiary,299.4,201,2026-04-07 08:33:14.492916,
REQ511637,/api/beneficiary,387.1,200,2026-04-07 19:32:16.708905,
REQ511638,/api/login,254.6,200,2026-04-14 23:12:50.456606,
REQ511639,/api/statement,217.7,200,2026-06-18 21:14:08.968618,
REQ511640,/api/balance,238.4,200,2026-06-01 16:04:02.966058,
REQ511641,/api/login,322.1,200,2026-08-05 20:20:14.473102,
REQ511642,/api/statement,85.6,200,2026-05-26 11:29:26.682993,
REQ511643,/api/statement,212.3,200,2026-04-12 14:19:50.989122,
REQ511644,/api/beneficiary,471.4,200,2026-04-13 04:49:25.796378,
REQ511645,/api/kyc/verify,121.6,200,2026-07-04 22:29:43.705728,
REQ511646,/api/kyc/verify,276.5,200,2026-07-16 16:04:07.623121,
REQ511647,/api/kyc/verify,309.6,200,2026-04-15 20:21:43.179078,
REQ511648,/api/beneficiary,242.6,200,2026-07-25 03:49:58.006274,
REQ511649,/api/balance,704.0,400,2026-03-13 21:41:02.598589,
REQ511650,/api/login,401.7,200,2026-04-21 02:21:01.588221,
REQ511651,/api/login,168.3,200,2026-06-23 05:00:37.559255,
REQ511652,/api/transfer,179.1,200,2026-04-21 09:06:55.094503,
REQ511653,/api/login,533.3,200,2026-06-13 00:25:34.869858,
REQ511654,/api/login,160.3,200,2026-03-19 01:59:40.023122,
REQ511655,/api/balance,148.4,503,2026-04-09 00:57:41.268932,INC409202
REQ511656,/api/beneficiary,115.6,200,2026-04-26 23:49:58.652248,
REQ511657,/api/login,405.8,200,2026-05-25 03:53:24.707343,
REQ511658,/api/kyc/verify,164.1,429,2026-06-10 05:20:56.064639,
REQ511659,/api/balance,274.5,401,2026-05-31 20:58:34.053110,
REQ511660,/api/login,374.3,200,2026-05-07 17:04:19.326766,
REQ511661,/api/transfer,38.3,200,2026-03-29 13:35:15.336315,
REQ511662,/api/balance,193.9,200,2026-06-13 06:35:33.392456,
REQ511663,/api/transfer,369.5,200,2026-08-19 08:21:18.033222,
REQ511664,/api/transfer,304.8,401,2026-08-19 19:28:04.026043,
REQ511665,/api/balance,184.6,200,2026-03-01 06:07:10.388295,
REQ511666,/api/beneficiary,403.5,200,2026-03-26 19:57:28.277256,
REQ511667,/api/statement,266.4,200,2026-07-19 17:32:23.983540,
REQ511668,/api/balance,106.4,200,2026-07-12 04:54:17.463005,
REQ511669,/api/balance,205.4,200,2026-06-30 17:16:05.842000,
REQ511670,/api/beneficiary,295.1,201,2026-03-06 02:48:32.584294,
REQ511671,/api/statement,56.8,201,2026-03-11 21:51:11.017568,
REQ511672,/api/transfer,391.0,503,2026-05-20 07:33:01.187112,INC404579
REQ511673,/api/statement,84.8,200,2026-08-01 09:28:42.780038,
REQ511674,/api/balance,108.4,200,2026-06-08 18:07:21.693720,
REQ511675,/api/login,580.8,200,2026-07-27 10:24:57.122985,
REQ511676,/api/login,233.5,200,2026-08-05 20:46:03.290254,
REQ511677,/api/transfer,88.8,429,2026-03-24 08:13:04.793327,
REQ511678,/api/login,455.6,200,2026-04-27 05:56:45.954844,
REQ511679,/api/transfer,256.7,200,2026-04-26 23:42:30.261748,
REQ511680,/api/statement,471.0,201,2026-03-26 05:13:29.392226,
REQ511681,/api/login,161.7,200,2026-04-29 20:16:44.769331,
REQ511682,/api/transfer,120.2,200,2026-04-07 10:49:05.356421,
REQ511683,/api/beneficiary,351.0,200,2026-03-27 17:07:33.016927,
REQ511684,/api/kyc/verify,185.0,201,2026-07-27 02:34:52.378520,
REQ511685,/api/balance,757.9,200,2026-03-23 14:18:03.043056,
REQ511686,/api/balance,313.4,200,2026-03-28 02:48:08.378150,
REQ511687,/api/statement,333.6,200,2026-07-17 02:33:27.617670,
REQ511688,/api/kyc/verify,33.8,200,2026-06-30 07:58:39.136915,
REQ511689,/api/statement,266.5,200,2026-07-11 17:21:18.327466,
REQ511690,/api/kyc/verify,98.5,200,2026-06-09 19:30:42.267867,
REQ511691,/api/beneficiary,299.3,200,2026-08-09 01:11:20.582185,
REQ511692,/api/transfer,140.8,200,2026-07-23 16:39:31.362050,
REQ511693,/api/balance,50.8,200,2026-07-28 05:46:19.340805,
REQ511694,/api/login,441.1,200,2026-03-21 11:50:43.277203,
REQ511695,/api/beneficiary,690.6,200,2026-08-17 18:25:43.801694,
REQ511696,/api/balance,251.1,500,2026-03-17 19:51:34.348323,INC405204
REQ511697,/api/transfer,84.4,200,2026-03-19 07:49:23.712615,
REQ511698,/api/beneficiary,252.3,200,2026-03-27 04:26:20.917807,
REQ511699,/api/login,105.4,200,2026-08-18 05:04:15.815768,
REQ511700,/api/login,410.6,200,2026-08-14 03:38:44.504250,
REQ511701,/api/balance,251.4,200,2026-03-08 20:15:09.347796,
REQ511702,/api/balance,586.3,200,2026-08-17 01:20:02.613833,
REQ511703,/api/login,260.4,502,2026-06-26 23:28:27.196893,INC409372
REQ511704,/api/transfer,561.6,500,2026-07-24 17:30:08.723792,INC404318
REQ511705,/api/beneficiary,287.6,200,2026-05-17 02:07:41.913020,
REQ511706,/api/login,506.5,401,2026-06-22 22:01:39.834978,
REQ511707,/api/transfer,446.4,400,2026-07-10 20:25:35.913607,
REQ511708,/api/kyc/verify,729.8,200,2026-04-14 11:48:46.402400,
REQ511709,/api/login,112.9,200,2026-04-20 01:31:18.823109,
REQ511710,/api/balance,331.5,200,2026-05-04 23:55:29.626547,
REQ511711,/api/balance,312.0,200,2026-04-19 13:05:09.253171,
REQ511712,/api/statement,451.4,401,2026-05-13 19:02:47.630621,
REQ511713,/api/beneficiary,3030.6,200,2026-03-16 08:03:48.491526,
REQ511714,/api/beneficiary,574.1,200,2026-07-21 12:33:53.661780,
REQ511715,/api/balance,318.2,200,2026-02-26 18:34:40.346386,
REQ511716,/api/login,162.3,200,2026-05-28 17:42:37.606812,
REQ511717,/api/transfer,250.3,200,2026-06-04 12:17:06.946938,
REQ511718,/api/beneficiary,418.2,200,2026-02-26 04:20:55.427923,
REQ511719,/api/transfer,152.5,200,2026-03-01 04:51:31.139914,
REQ511720,/api/login,252.5,200,2026-08-11 00:07:11.315429,
REQ511721,/api/beneficiary,175.2,200,2026-08-09 20:29:53.297434,
REQ511722,/api/statement,611.0,200,2026-04-28 21:35:49.733060,
REQ511723,/api/balance,208.6,200,2026-03-23 07:30:47.562248,
REQ511724,/api/login,199.0,200,2026-08-03 00:37:01.091277,
REQ511725,/api/login,126.2,200,2026-06-02 07:54:28.192915,
REQ511726,/api/statement,810.9,400,2026-06-20 03:07:25.128021,
REQ511727,/api/balance,285.2,200,2026-06-10 09:03:15.505976,
REQ511728,/api/login,153.8,201,2026-03-13 08:36:30.140714,
REQ511729,/api/balance,162.2,200,2026-06-28 03:13:11.764490,
REQ511730,/api/login,28.3,502,2026-03-02 12:47:03.883934,INC401075
REQ511731,/api/balance,215.6,200,2026-06-18 05:59:48.401501,
REQ511732,/api/beneficiary,222.7,200,2026-05-06 16:03:46.438244,
REQ511733,/api/beneficiary,254.2,200,2026-06-03 23:44:11.308302,
REQ511734,/api/login,147.5,502,2026-03-10 01:11:03.944355,INC402998
REQ511735,/api/statement,263.8,200,2026-07-20 09:20:37.276221,
REQ511736,/api/beneficiary,536.7,200,2026-08-16 04:24:36.320209,
REQ511737,/api/balance,293.2,200,2026-06-22 01:29:45.216703,
REQ511738,/api/balance,40.4,200,2026-05-06 22:16:10.974707,
REQ511739,/api/beneficiary,488.7,200,2026-08-03 12:11:16.223010,
REQ511740,/api/balance,159.7,200,2026-02-25 09:45:07.222215,
REQ511741,/api/balance,372.4,502,2026-07-25 06:36:04.040552,INC404677
REQ511742,/api/transfer,366.4,500,2026-05-27 18:00:22.025329,INC408203
REQ511743,/api/beneficiary,562.4,200,2026-07-16 18:16:04.972600,
REQ511744,/api/beneficiary,940.4,200,2026-04-14 00:04:26.873020,
REQ511745,/api/transfer,208.8,200,2026-05-25 04:30:33.959999,
REQ511746,/api/beneficiary,120.8,200,2026-03-20 19:13:42.280996,
REQ511747,/api/beneficiary,287.3,200,2026-06-23 01:23:54.505578,
REQ511748,/api/beneficiary,101.4,200,2026-07-14 11:45:35.686959,
REQ511749,/api/login,58.2,201,2026-04-24 16:23:40.089948,
REQ511750,/api/kyc/verify,468.8,200,2026-03-30 12:14:46.491011,
REQ511751,/api/login,147.3,200,2026-08-03 03:25:06.922055,
REQ511752,/api/statement,569.9,200,2026-03-26 11:41:55.454102,
REQ511753,/api/balance,388.3,200,2026-04-23 01:10:52.063376,
REQ511754,/api/balance,153.4,200,2026-04-11 10:50:12.968456,
REQ511755,/api/beneficiary,263.3,200,2026-04-05 00:49:52.330710,
REQ511756,/api/login,694.2,201,2026-04-05 19:35:52.008041,
REQ511757,/api/login,183.8,200,2026-08-03 18:06:55.196731,
REQ511758,/api/kyc/verify,177.9,500,2026-06-03 16:21:26.612736,
REQ511759,/api/balance,445.7,200,2026-05-22 10:40:11.433201,
REQ511760,/api/beneficiary,451.8,500,2026-04-04 07:14:47.716765,INC406666
REQ511761,/api/beneficiary,758.8,500,2026-02-28 15:56:37.388604,INC406798
REQ511762,/api/kyc/verify,304.0,503,2026-04-10 15:24:41.721680,INC408731
REQ511763,/api/login,162.6,200,2026-08-02 07:07:33.439282,
REQ511764,/api/statement,149.6,400,2026-05-18 11:41:08.014336,
REQ511765,/api/balance,178.7,200,2026-05-04 11:27:38.959343,
REQ511766,/api/kyc/verify,72.0,200,2026-07-19 15:39:10.816597,
REQ511767,/api/transfer,97.0,200,2026-05-10 17:43:42.535174,
REQ511768,/api/transfer,540.0,200,2026-06-26 02:19:27.403754,
REQ511769,/api/kyc/verify,664.4,200,2026-03-01 05:59:40.306555,
REQ511770,/api/transfer,464.1,200,2026-05-10 07:30:19.462169,
REQ511771,/api/kyc/verify,154.0,200,2026-03-23 00:53:30.775426,
REQ511772,/api/login,129.5,200,2026-06-02 22:57:34.757200,
REQ511773,/api/beneficiary,31.3,200,2026-05-23 15:28:24.195279,
REQ511774,/api/beneficiary,830.6,200,2026-06-30 11:54:19.490423,
REQ511775,/api/transfer,230.5,200,2026-06-02 01:20:45.150739,
REQ511776,/api/beneficiary,139.7,503,2026-03-25 17:55:22.088315,
REQ511777,/api/balance,103.3,200,2026-07-11 20:30:18.623426,
REQ511778,/api/statement,117.8,503,2026-04-07 00:28:20.138244,INC406324
REQ511779,/api/statement,206.9,200,2026-08-08 21:57:00.635206,
REQ511780,/api/kyc/verify,130.3,200,2026-08-06 11:25:12.851832,
REQ511781,/api/kyc/verify,411.5,200,2026-07-12 14:20:55.132904,
REQ511782,/api/transfer,543.6,200,2026-05-15 22:35:47.335584,
REQ511783,/api/kyc/verify,236.3,200,2026-08-02 15:36:24.572137,
REQ511784,/api/login,520.0,200,2026-04-10 13:23:47.247162,
REQ511785,/api/balance,421.8,200,2026-06-28 00:25:37.651271,
REQ511786,/api/kyc/verify,133.2,200,2026-05-16 18:17:20.797145,
REQ511787,/api/transfer,176.3,200,2026-03-11 15:01:26.851577,
REQ511788,/api/balance,14.9,200,2026-05-13 19:52:57.100897,
REQ511789,/api/transfer,198.1,200,2026-03-05 02:51:30.669581,
REQ511790,/api/balance,397.8,200,2026-08-18 17:04:10.315941,
REQ511791,/api/beneficiary,1280.1,200,2026-05-10 17:14:59.986397,
REQ511792,/api/statement,660.2,200,2026-05-03 23:07:52.351823,
REQ511793,/api/beneficiary,258.3,200,2026-08-07 22:59:55.225067,
REQ511794,/api/balance,87.5,503,2026-04-09 07:50:59.796544,INC404367
REQ511795,/api/statement,185.6,429,2026-08-11 10:03:54.898029,
REQ511796,/api/statement,94.4,200,2026-04-28 02:58:29.833190,
REQ511797,/api/login,584.1,200,2026-06-22 09:53:23.156192,
REQ511798,/api/beneficiary,179.6,200,2026-07-22 23:06:59.143427,
REQ511799,/api/transfer,698.0,200,2026-07-30 23:11:12.090716,
REQ511800,/api/kyc/verify,549.0,200,2026-05-19 22:31:22.167964,
REQ511801,/api/beneficiary,221.5,200,2026-06-26 13:43:49.609928,
REQ511802,/api/login,443.8,200,2026-07-11 06:13:36.619680,
REQ511803,/api/beneficiary,465.5,200,2026-06-24 23:03:10.545991,
REQ511804,/api/beneficiary,866.3,200,2026-05-29 08:56:33.226822,
REQ511805,/api/statement,180.2,200,2026-08-06 03:02:33.942354,
REQ511806,/api/statement,602.3,200,2026-08-04 01:56:04.520528,
REQ511807,/api/transfer,431.3,200,2026-03-15 23:14:18.574900,
REQ511808,/api/transfer,264.4,200,2026-08-02 12:21:21.646931,
REQ511809,/api/beneficiary,589.2,500,2026-08-19 04:25:36.181716,
REQ511810,/api/beneficiary,171.3,200,2026-02-24 13:20:55.287467,
REQ511811,/api/transfer,109.6,200,2026-07-09 02:12:05.977345,
REQ511812,/api/transfer,279.5,200,2026-07-22 11:11:59.561069,
REQ511813,/api/login,89.6,200,2026-05-23 20:39:11.347333,
REQ511814,/api/login,67.5,200,2026-02-25 00:52:48.863218,
REQ511815,/api/login,294.8,200,2026-03-22 17:13:19.322723,
REQ511816,/api/transfer,365.1,200,2026-03-14 07:00:24.776888,
REQ511817,/api/beneficiary,837.2,200,2026-07-19 00:23:41.014563,
REQ511818,/api/transfer,498.6,200,2026-07-30 18:55:34.811791,
REQ511819,/api/statement,106.5,503,2026-04-27 05:13:29.942875,INC403842
REQ511820,/api/kyc/verify,52.5,200,2026-07-31 18:05:32.307114,
REQ511821,/api/balance,163.9,200,2026-05-11 23:19:31.068205,
REQ511822,/api/kyc/verify,377.7,200,2026-03-10 20:54:49.696579,
REQ511823,/api/balance,666.4,200,2026-05-12 21:43:37.568011,
REQ511824,/api/kyc/verify,164.1,200,2026-08-06 08:17:40.003535,
REQ511825,/api/kyc/verify,350.1,200,2026-08-05 01:22:06.068741,
REQ511826,/api/balance,253.6,200,2026-08-10 03:54:30.099446,
REQ511827,/api/kyc/verify,338.0,200,2026-06-04 14:56:01.703913,
REQ511828,/api/balance,566.7,200,2026-02-27 06:09:29.191344,
REQ511829,/api/login,43.1,200,2026-06-30 23:37:32.053613,
REQ511830,/api/transfer,223.7,200,2026-08-16 18:44:17.479698,
REQ511831,/api/beneficiary,157.4,200,2026-03-24 07:41:47.079773,
REQ511832,/api/statement,145.2,200,2026-04-28 09:29:55.497237,
REQ511833,/api/transfer,321.9,200,2026-06-18 10:11:09.416582,
REQ511834,/api/balance,598.0,200,2026-06-30 07:54:50.601120,
REQ511835,/api/beneficiary,421.8,200,2026-04-17 21:10:17.967431,
REQ511836,/api/login,1178.8,200,2026-07-21 10:49:44.083614,
REQ511837,/api/beneficiary,382.7,200,2026-03-27 15:07:28.146238,
REQ511838,/api/beneficiary,146.1,200,2026-06-22 11:29:02.454226,
REQ511839,/api/beneficiary,132.0,429,2026-03-30 03:44:27.893926,
REQ511840,/api/statement,67.9,429,2026-05-09 22:00:14.545523,
REQ511841,/api/statement,3151.3,200,2026-08-03 07:04:51.766847,
REQ511842,/api/transfer,316.0,503,2026-06-06 13:47:11.460344,INC407436
REQ511843,/api/statement,404.4,200,2026-06-10 18:23:32.570032,
REQ511844,/api/kyc/verify,115.7,503,2026-04-26 16:02:16.064157,INC404659
REQ511845,/api/beneficiary,110.8,200,2026-05-02 23:28:38.538571,
REQ511846,/api/balance,434.3,200,2026-02-26 05:16:42.516466,
REQ511847,/api/beneficiary,422.2,200,2026-07-05 01:09:34.984267,
REQ511848,/api/statement,521.8,200,2026-02-27 06:27:40.235504,
REQ511849,/api/beneficiary,180.3,200,2026-07-04 12:20:19.293018,
REQ511850,/api/login,115.5,200,2026-07-09 04:10:23.865606,
REQ511851,/api/transfer,3073.0,200,2026-05-21 15:24:22.068081,
REQ511852,/api/transfer,289.6,200,2026-05-09 12:56:07.748371,
REQ511853,/api/login,226.0,200,2026-08-05 11:50:03.424480,
REQ511854,/api/transfer,274.5,200,2026-07-26 11:06:48.578042,
REQ511855,/api/transfer,142.2,200,2026-07-27 19:00:12.849833,
REQ511856,/api/login,567.5,200,2026-06-22 16:56:38.868078,
REQ511857,/api/login,149.2,400,2026-06-26 19:24:59.103508,
REQ511858,/api/transfer,157.9,201,2026-05-12 01:47:13.408587,
REQ511859,/api/login,194.1,429,2026-06-02 00:14:08.536389,
REQ511860,/api/login,430.7,200,2026-05-28 06:17:26.175034,
REQ511861,/api/transfer,168.6,200,2026-06-23 20:05:08.235789,
REQ511862,/api/balance,398.1,502,2026-07-26 07:38:37.957751,INC404083
REQ511863,/api/beneficiary,409.7,200,2026-03-05 12:21:04.121198,
REQ511864,/api/transfer,475.7,200,2026-03-06 10:07:01.491395,
REQ511865,/api/kyc/verify,629.2,504,2026-05-17 12:57:10.299362,
REQ511866,/api/kyc/verify,786.7,200,2026-04-06 20:47:13.773687,
REQ511867,/api/transfer,302.9,200,2026-06-23 01:44:56.078081,
REQ511868,/api/statement,97.1,200,2026-03-18 01:28:42.566514,
REQ511869,/api/kyc/verify,415.2,200,2026-04-12 10:55:19.664537,
REQ511870,/api/beneficiary,330.5,200,2026-04-11 13:10:20.093913,
REQ511871,/api/transfer,53.9,200,2026-05-24 23:07:47.603924,
REQ511872,/api/balance,345.7,200,2026-03-12 12:43:46.031357,
REQ511873,/api/kyc/verify,736.9,200,2026-04-16 20:47:07.449100,
REQ511874,/api/statement,308.4,200,2026-03-24 17:41:30.005296,
REQ511875,/api/balance,158.0,200,2026-05-26 12:13:31.885610,
REQ511876,/api/login,110.3,200,2026-05-13 21:35:22.869717,
REQ511877,/api/transfer,27.2,200,2026-03-27 02:55:51.054073,
REQ511878,/api/beneficiary,664.3,503,2026-05-09 06:09:22.796994,
REQ511879,/api/login,243.6,504,2026-08-17 16:44:41.036954,INC404611
REQ511880,/api/transfer,736.0,200,2026-08-13 13:08:03.300737,
REQ511881,/api/kyc/verify,575.0,201,2026-03-21 21:05:05.893653,
REQ511882,/api/transfer,77.6,200,2026-07-15 21:13:35.712258,
REQ511883,/api/transfer,182.5,200,2026-04-16 05:58:30.677057,
REQ511884,/api/statement,161.0,502,2026-07-27 00:11:44.041696,INC407125
REQ511885,/api/beneficiary,114.6,200,2026-04-05 19:38:56.090408,
REQ511886,/api/beneficiary,141.7,400,2026-07-12 07:34:08.289159,
REQ511887,/api/transfer,455.0,503,2026-06-25 22:50:43.811336,
REQ511888,/api/transfer,272.6,200,2026-07-04 02:07:47.587655,
REQ511889,/api/balance,110.3,200,2026-02-26 15:28:51.178987,
REQ511890,/api/transfer,185.9,200,2026-08-19 14:03:04.213282,
REQ511891,/api/transfer,155.3,200,2026-05-10 20:52:23.299310,
REQ511892,/api/balance,429.3,200,2026-03-24 09:42:52.160775,
REQ511893,/api/beneficiary,219.9,200,2026-03-24 14:06:07.837569,
REQ511894,/api/statement,78.3,200,2026-03-30 02:42:03.632534,
REQ511895,/api/beneficiary,164.9,200,2026-07-01 13:10:20.898847,
REQ511896,/api/transfer,173.2,200,2026-08-08 14:22:24.605249,
REQ511897,/api/kyc/verify,6867.6,503,2026-03-16 22:05:42.079483,INC408622
REQ511898,/api/beneficiary,392.4,200,2026-03-28 11:01:21.943675,
REQ511899,/api/login,2.5,200,2026-06-17 04:46:16.803863,
REQ511900,/api/statement,460.8,400,2026-07-20 18:16:10.405322,
REQ511901,/api/statement,402.4,200,2026-07-07 00:41:28.583774,
REQ511902,/api/balance,313.0,200,2026-05-02 19:46:22.895626,
REQ511903,/api/statement,381.1,200,2026-06-16 05:46:02.640697,
REQ511904,/api/statement,296.8,200,2026-08-19 20:48:10.943306,
REQ511905,/api/kyc/verify,238.8,200,2026-04-30 07:23:11.283131,
REQ511906,/api/statement,323.3,200,2026-03-24 22:26:27.720724,
REQ511907,/api/statement,454.6,200,2026-08-04 21:29:04.759305,
REQ511908,/api/balance,67.5,200,2026-08-14 17:59:04.723328,
REQ511909,/api/beneficiary,421.2,200,2026-03-08 14:27:23.206524,
REQ511910,/api/transfer,102.1,200,2026-03-30 23:40:24.300067,
REQ511911,/api/kyc/verify,56.1,200,2026-07-19 09:39:17.036225,
REQ511912,/api/kyc/verify,162.6,200,2026-03-12 08:22:09.679896,
REQ511913,/api/beneficiary,131.1,200,2026-03-09 03:46:38.314444,
REQ511914,/api/beneficiary,166.1,200,2026-03-11 08:19:14.642560,
REQ511915,/api/login,178.6,200,2026-06-14 17:12:53.585417,
REQ511916,/api/statement,1106.2,200,2026-08-18 08:44:44.919655,
REQ511917,/api/statement,274.0,200,2026-03-05 22:33:45.115224,
REQ511918,/api/beneficiary,47.6,200,2026-05-27 18:04:21.627269,
REQ511919,/api/login,28.4,503,2026-04-21 04:32:44.261281,INC406737
REQ511920,/api/login,86.8,200,2026-03-28 15:56:12.996195,
REQ511921,/api/kyc/verify,53.3,200,2026-05-20 04:26:25.479593,
REQ511922,/api/balance,106.8,401,2026-07-13 01:07:09.353667,
REQ511923,/api/beneficiary,220.2,200,2026-04-12 18:33:17.513769,
REQ511924,/api/login,328.9,200,2026-03-04 15:35:44.770916,
REQ511925,/api/kyc/verify,498.5,200,2026-04-11 07:15:38.104698,
REQ511926,/api/beneficiary,327.0,200,2026-05-30 01:16:32.769564,
REQ511927,/api/transfer,294.8,200,2026-03-10 01:49:41.283430,
REQ511928,/api/login,625.2,200,2026-06-26 03:05:45.763013,
REQ511929,/api/kyc/verify,299.2,200,2026-05-03 05:50:51.191562,
REQ511930,/api/balance,209.7,200,2026-04-08 19:18:15.411958,
REQ511931,/api/balance,255.5,200,2026-03-01 14:29:11.196031,
REQ511932,/api/balance,180.2,200,2026-07-03 18:16:01.625240,
REQ511933,/api/beneficiary,480.0,200,2026-03-11 15:42:10.068922,
REQ511934,/api/statement,353.8,504,2026-03-08 15:06:32.675110,INC407704
REQ511935,/api/beneficiary,614.5,502,2026-08-02 19:30:24.308121,INC408188
REQ511936,/api/balance,471.9,200,2026-05-24 08:25:28.443990,
REQ511937,/api/login,66.2,200,2026-07-01 16:48:48.480906,
REQ511938,/api/balance,404.2,200,2026-04-18 21:00:15.115964,
REQ511939,/api/statement,67.2,429,2026-04-01 22:58:22.603059,
REQ511940,/api/beneficiary,228.7,200,2026-06-15 07:27:41.364276,
REQ511941,/api/login,96.2,200,2026-06-13 16:25:00.632457,
REQ511942,/api/transfer,23.4,200,2026-04-04 05:04:41.688103,
REQ511943,/api/balance,175.6,200,2026-07-04 10:30:29.683154,
REQ511944,/api/statement,524.9,200,2026-06-07 22:34:28.721126,
REQ511945,/api/login,175.2,200,2026-03-31 22:50:12.447133,
REQ511946,/api/beneficiary,312.5,200,2026-06-01 11:43:53.088721,
REQ511947,/api/balance,44.3,200,2026-08-13 10:57:27.010238,
REQ511948,/api/login,786.0,200,2026-06-28 06:24:09.119167,
REQ511949,/api/beneficiary,268.7,200,2026-07-06 07:17:09.518756,
REQ511950,/api/login,11.2,200,2026-08-16 08:59:25.351779,
REQ511951,/api/beneficiary,174.5,200,2026-05-23 03:38:40.951465,
REQ511952,/api/beneficiary,138.8,200,2026-06-05 13:34:14.663086,
REQ511953,/api/balance,515.5,200,2026-06-07 12:04:14.479851,
REQ511954,/api/balance,609.7,200,2026-07-22 17:13:15.417855,
REQ511955,/api/balance,389.2,200,2026-04-22 09:07:43.379444,
REQ511956,/api/login,180.5,401,2026-06-20 07:28:58.465188,
REQ511957,/api/transfer,275.1,200,2026-07-23 17:22:42.456660,
REQ511958,/api/transfer,161.4,200,2026-06-13 09:22:17.882022,
REQ511959,/api/statement,163.6,200,2026-07-15 04:12:41.917587,
REQ511960,/api/kyc/verify,110.0,200,2026-08-05 20:41:39.282289,
REQ511961,/api/balance,63.0,502,2026-07-31 02:02:04.215157,INC409786
REQ511962,/api/balance,171.1,200,2026-05-21 13:22:05.826170,
REQ511963,/api/transfer,1034.3,429,2026-03-29 03:02:51.423739,
REQ511964,/api/kyc/verify,290.7,429,2026-07-11 01:46:26.072553,
REQ511965,/api/transfer,170.5,200,2026-05-01 05:16:35.407520,
REQ511966,/api/beneficiary,395.6,401,2026-06-17 21:43:42.757855,
REQ511967,/api/transfer,218.0,200,2026-04-09 17:31:28.618250,
REQ511968,/api/login,355.7,200,2026-08-17 05:08:21.198596,
REQ511969,/api/statement,537.5,200,2026-03-23 11:42:32.935127,
REQ511970,/api/transfer,271.1,200,2026-03-07 15:27:34.708682,
REQ511971,/api/transfer,364.6,502,2026-07-21 04:20:28.358848,INC407398
REQ511972,/api/kyc/verify,351.6,400,2026-05-07 21:28:33.702117,
REQ511973,/api/transfer,258.1,200,2026-07-03 17:14:16.742557,
REQ511974,/api/kyc/verify,273.2,200,2026-02-23 09:41:02.315202,
REQ511975,/api/login,732.8,200,2026-04-29 22:01:53.108124,
REQ511976,/api/beneficiary,334.2,200,2026-06-27 07:22:16.515643,
REQ511977,/api/balance,656.3,200,2026-06-15 04:14:50.232455,
REQ511978,/api/statement,280.7,200,2026-05-01 02:27:59.222748,
REQ511979,/api/balance,430.4,200,2026-08-06 04:35:23.903536,
REQ511980,/api/statement,228.8,200,2026-07-21 22:09:47.519940,
REQ511981,/api/kyc/verify,218.0,200,2026-03-30 15:06:55.919848,
REQ511982,/api/balance,435.7,200,2026-07-12 08:27:21.899004,
REQ511983,/api/statement,666.0,200,2026-03-09 05:14:32.389065,
REQ511984,/api/balance,271.4,200,2026-07-15 00:06:01.955459,
REQ511985,/api/kyc/verify,58.9,200,2026-03-18 14:46:18.069395,
REQ511986,/api/beneficiary,1002.7,200,2026-04-06 18:42:05.558734,
REQ511987,/api/kyc/verify,430.9,200,2026-07-23 16:58:14.293126,
REQ511988,/api/statement,204.6,200,2026-05-02 14:49:59.906698,
REQ511989,/api/statement,171.0,200,2026-06-02 10:10:58.919284,
REQ511990,/api/login,204.5,200,2026-06-17 14:08:00.106011,
REQ511991,/api/login,459.2,200,2026-07-11 16:29:39.692570,
REQ511992,/api/beneficiary,62.3,200,2026-06-01 13:16:22.729783,
REQ511993,/api/statement,573.7,200,2026-08-16 10:09:41.194929,
REQ511994,/api/login,939.0,200,2026-07-23 19:34:29.579001,
REQ511995,/api/transfer,173.1,200,2026-08-07 10:26:13.413799,
REQ511996,/api/login,320.8,200,2026-07-26 05:42:19.738342,
REQ511997,/api/transfer,458.3,200,2026-06-20 05:24:01.351316,
REQ511998,/api/transfer,629.5,200,2026-05-04 22:29:00.400719,
REQ511999,/api/kyc/verify,563.0,429,2026-07-20 09:46:23.261368,
REQ512000,/api/balance,675.6,200,2026-08-11 14:48:47.405671,
REQ512001,/api/beneficiary,421.0,200,2026-04-16 11:23:35.772688,
REQ512002,/api/transfer,98.5,200,2026-04-27 11:49:14.583204,
REQ512003,/api/login,105.2,400,2026-07-30 23:42:25.821424,
REQ512004,/api/statement,138.8,500,2026-06-05 00:16:12.238786,
REQ512005,/api/balance,375.7,200,2026-05-10 17:24:14.966131,
REQ512006,/api/balance,222.8,200,2026-07-17 23:34:08.154594,
REQ512007,/api/transfer,89.2,200,2026-05-30 22:51:10.930093,
REQ512008,/api/statement,374.1,200,2026-05-03 18:27:47.332717,
REQ512009,/api/statement,688.8,200,2026-06-27 16:56:01.777797,
REQ512010,/api/beneficiary,319.7,200,2026-03-30 11:05:43.147914,
REQ512011,/api/transfer,186.4,200,2026-04-16 09:22:45.204474,
REQ512012,/api/balance,167.4,200,2026-06-15 19:59:40.238303,
REQ512013,/api/statement,417.7,502,2026-05-09 06:44:40.333004,INC408667
REQ512014,/api/balance,296.1,200,2026-03-03 22:15:50.228080,
REQ512015,/api/kyc/verify,31.9,200,2026-03-25 20:26:29.464629,
REQ512016,/api/beneficiary,420.2,200,2026-02-26 15:17:43.434265,
REQ512017,/api/beneficiary,266.2,200,2026-07-08 06:59:23.134635,
REQ512018,/api/login,863.3,200,2026-06-21 14:29:57.888996,
REQ512019,/api/transfer,722.7,200,2026-08-11 21:44:56.956070,
REQ512020,/api/beneficiary,140.6,200,2026-04-27 01:12:14.333727,
REQ512021,/api/balance,93.2,200,2026-05-09 16:38:42.977667,
REQ512022,/api/statement,414.8,200,2026-04-07 02:59:05.470557,
REQ512023,/api/balance,262.3,503,2026-03-21 05:35:37.295203,
REQ512024,/api/login,143.8,200,2026-07-22 18:21:25.155975,
REQ512025,/api/login,528.6,200,2026-06-01 16:15:02.537096,
REQ512026,/api/beneficiary,229.3,429,2026-07-12 06:34:25.736237,
REQ512027,/api/kyc/verify,405.0,429,2026-05-25 16:38:32.432809,
REQ512028,/api/login,622.7,200,2026-04-22 19:55:22.618791,
REQ512029,/api/beneficiary,79.8,429,2026-07-02 01:59:29.237459,
REQ512030,/api/transfer,75.8,200,2026-03-11 14:39:36.569489,
REQ512031,/api/statement,150.9,200,2026-04-05 16:07:09.230472,
REQ512032,/api/transfer,435.0,200,2026-06-19 02:14:37.126302,
REQ512033,/api/statement,433.1,200,2026-03-31 18:06:52.181498,
REQ512034,/api/transfer,683.4,200,2026-08-03 19:29:05.642850,
REQ512035,/api/kyc/verify,393.7,200,2026-06-28 00:30:32.312420,
REQ512036,/api/balance,354.2,200,2026-05-06 12:30:35.347934,
REQ512037,/api/statement,400.0,200,2026-08-07 15:29:44.052903,
REQ512038,/api/statement,309.1,504,2026-05-26 09:47:54.774607,
REQ512039,/api/statement,263.0,200,2026-04-13 08:41:32.810068,
REQ512040,/api/transfer,325.7,429,2026-08-15 00:35:42.127693,
REQ512041,/api/login,211.5,200,2026-08-06 05:23:13.874043,
REQ512042,/api/statement,22.9,200,2026-04-30 07:58:01.355477,
REQ512043,/api/kyc/verify,578.4,200,2026-07-18 09:27:08.284810,
REQ512044,/api/kyc/verify,332.4,401,2026-08-08 18:02:46.185248,
REQ512045,/api/transfer,480.7,200,2026-05-10 05:01:51.712385,
REQ512046,/api/balance,342.2,200,2026-07-08 12:49:52.876793,
REQ512047,/api/beneficiary,88.4,200,2026-07-27 09:45:15.218831,
REQ512048,/api/balance,1007.8,200,2026-02-25 08:11:13.303958,
REQ512049,/api/balance,548.7,200,2026-07-09 22:20:56.115396,
REQ512050,/api/kyc/verify,282.5,200,2026-06-28 14:19:48.540205,
REQ512051,/api/kyc/verify,325.7,200,2026-06-09 10:10:24.778483,
REQ512052,/api/transfer,323.4,200,2026-08-03 23:28:10.342839,
REQ512053,/api/statement,427.8,200,2026-08-19 19:23:40.888328,
REQ512054,/api/transfer,502.2,200,2026-05-20 01:56:05.510582,
REQ512055,/api/transfer,107.1,200,2026-06-05 06:06:11.799052,
REQ512056,/api/statement,137.0,200,2026-07-25 19:59:40.613445,
REQ512057,/api/balance,168.6,200,2026-05-16 20:44:40.571154,
REQ512058,/api/transfer,44.7,200,2026-04-07 13:32:22.154571,
REQ512059,/api/beneficiary,245.4,200,2026-02-28 04:41:57.345532,
REQ512060,/api/login,114.0,200,2026-04-14 14:24:40.801282,
REQ512061,/api/login,128.1,200,2026-06-14 00:16:51.980141,
REQ512062,/api/balance,7314.2,200,2026-07-24 13:47:15.914965,
REQ512063,/api/transfer,515.1,200,2026-04-14 03:12:33.854790,
REQ512064,/api/beneficiary,252.9,200,2026-06-30 09:34:02.465417,
REQ512065,/api/balance,469.7,200,2026-04-13 23:26:30.593733,
REQ512066,/api/transfer,322.9,200,2026-08-01 02:12:55.188653,
REQ512067,/api/beneficiary,449.3,200,2026-07-28 16:34:13.787952,
REQ512068,/api/balance,52.5,401,2026-06-10 21:00:11.768722,
REQ512069,/api/login,645.2,200,2026-03-30 00:41:49.856285,
REQ512070,/api/beneficiary,203.1,200,2026-06-18 21:11:24.793497,
REQ512071,/api/transfer,377.3,200,2026-06-16 02:46:23.883787,
REQ512072,/api/login,207.5,200,2026-04-26 23:08:37.578975,
REQ512073,/api/balance,232.3,200,2026-05-23 11:35:16.675054,
REQ512074,/api/beneficiary,147.0,200,2026-07-29 05:45:13.105032,
REQ512075,/api/balance,144.0,200,2026-07-31 01:27:00.119878,
REQ512076,/api/statement,233.5,200,2026-06-09 20:19:52.382620,
REQ512077,/api/kyc/verify,566.3,200,2026-04-14 06:14:12.357600,
REQ512078,/api/statement,246.3,200,2026-03-24 18:32:59.544670,
REQ512079,/api/balance,592.7,200,2026-07-05 12:48:39.565537,
REQ512080,/api/transfer,151.0,200,2026-04-28 00:10:21.193806,
REQ512081,/api/kyc/verify,455.5,400,2026-07-29 15:46:36.663457,
REQ512082,/api/transfer,432.8,200,2026-07-14 10:02:58.995991,
REQ512083,/api/beneficiary,455.8,200,2026-05-19 21:45:53.028154,
REQ512084,/api/beneficiary,130.1,503,2026-03-24 06:07:39.338489,INC402234
REQ512085,/api/login,432.3,200,2026-04-10 16:51:49.828545,
REQ512086,/api/statement,759.5,429,2026-06-14 11:36:21.363420,
REQ512087,/api/balance,282.0,200,2026-03-24 02:43:25.909298,
REQ512088,/api/beneficiary,174.4,400,2026-03-21 16:17:50.113752,
REQ512089,/api/beneficiary,256.0,200,2026-05-10 16:05:06.742862,
REQ512090,/api/statement,179.1,200,2026-03-25 20:52:37.030893,
REQ512091,/api/kyc/verify,302.6,400,2026-03-16 02:15:19.223413,
REQ512092,/api/kyc/verify,455.2,200,2026-04-18 09:44:26.805916,
REQ512093,/api/statement,99.1,200,2026-08-19 06:14:11.620550,
REQ512094,/api/beneficiary,399.1,200,2026-06-12 15:41:21.376593,
REQ512095,/api/balance,225.3,200,2026-04-08 05:48:04.620717,
REQ512096,/api/login,119.8,200,2026-04-10 07:02:48.729901,
REQ512097,/api/balance,283.0,200,2026-06-26 08:00:59.470973,
REQ512098,/api/statement,78.1,200,2026-07-10 15:30:21.867823,
REQ512099,/api/transfer,68.5,200,2026-03-19 18:24:11.916438,
REQ512100,/api/transfer,156.3,401,2026-03-02 15:41:54.840496,
REQ512101,/api/statement,151.3,500,2026-06-10 07:53:09.555490,
REQ512102,/api/beneficiary,68.1,200,2026-02-24 13:24:23.180933,
REQ512103,/api/statement,120.7,200,2026-06-12 12:26:30.386249,
REQ512104,/api/login,140.6,200,2026-05-25 01:34:04.923293,
REQ512105,/api/balance,282.3,200,2026-07-01 03:04:18.247442,
REQ512106,/api/balance,275.4,201,2026-06-18 18:42:53.660480,
REQ512107,/api/transfer,677.8,200,2026-04-21 13:55:33.055548,
REQ512108,/api/balance,189.2,200,2026-04-10 18:42:45.708505,
REQ512109,/api/beneficiary,600.2,200,2026-06-22 07:21:29.791905,
REQ512110,/api/balance,105.0,200,2026-02-28 23:16:41.579106,
REQ512111,/api/kyc/verify,157.0,200,2026-05-20 15:56:31.353522,
REQ512112,/api/kyc/verify,6889.9,200,2026-05-28 17:48:19.544613,
REQ512113,/api/statement,45.7,200,2026-02-25 07:10:54.109574,
REQ512114,/api/login,82.1,200,2026-06-26 12:33:01.445157,
REQ512115,/api/transfer,115.5,200,2026-04-26 19:22:07.390597,
REQ512116,/api/beneficiary,5244.4,200,2026-07-13 10:27:46.301014,
REQ512117,/api/statement,124.5,200,2026-03-11 23:26:36.576130,
REQ512118,/api/balance,144.6,200,2026-08-10 01:42:35.501469,
REQ512119,/api/kyc/verify,235.9,200,2026-07-23 08:06:03.270892,
REQ512120,/api/transfer,119.6,200,2026-02-21 11:08:27.485979,
REQ512121,/api/login,122.4,200,2026-07-01 03:30:43.166257,
REQ512122,/api/statement,190.9,200,2026-04-11 23:32:02.994537,
REQ512123,/api/login,483.3,200,2026-06-17 12:17:08.708672,
REQ512124,/api/login,175.0,200,2026-08-08 21:43:55.506455,
REQ512125,/api/beneficiary,404.4,200,2026-04-25 22:32:50.006480,
REQ512126,/api/statement,443.6,200,2026-08-10 08:28:31.925026,
REQ512127,/api/statement,251.8,200,2026-02-28 11:28:52.800801,
REQ512128,/api/login,99.0,200,2026-03-13 01:49:42.077281,
REQ512129,/api/login,284.3,503,2026-05-14 07:44:59.078722,
REQ512130,/api/statement,46.5,200,2026-05-17 04:32:20.228483,
REQ512131,/api/login,562.4,200,2026-04-20 06:11:28.268346,
REQ512132,/api/beneficiary,229.3,200,2026-08-13 13:19:12.811162,
REQ512133,/api/transfer,49.3,200,2026-03-07 03:20:25.852618,
REQ512134,/api/login,523.7,502,2026-07-14 19:11:14.877704,INC409790
REQ512135,/api/balance,312.2,200,2026-06-13 23:06:50.081092,
REQ512136,/api/beneficiary,25.8,200,2026-08-04 04:22:04.596080,
REQ512137,/api/kyc/verify,589.5,200,2026-08-04 08:30:19.354380,
REQ512138,/api/statement,414.9,200,2026-05-21 15:42:03.331148,
REQ512139,/api/login,453.7,200,2026-05-01 18:29:33.789629,
REQ512140,/api/kyc/verify,652.7,201,2026-05-27 04:13:07.475042,
REQ512141,/api/beneficiary,23.9,200,2026-05-07 13:17:51.922280,
REQ512142,/api/transfer,394.8,200,2026-03-05 03:17:27.837170,
REQ512143,/api/login,154.4,200,2026-08-06 12:41:16.051252,
REQ512144,/api/statement,236.5,201,2026-03-20 06:14:30.713517,
REQ512145,/api/statement,111.8,200,2026-06-26 01:53:36.497301,
REQ512146,/api/beneficiary,323.7,200,2026-05-29 01:24:42.055529,
REQ512147,/api/statement,566.2,200,2026-02-22 20:05:58.339824,
REQ512148,/api/kyc/verify,56.3,200,2026-03-11 17:48:05.615599,
REQ512149,/api/beneficiary,331.1,200,2026-03-26 21:18:54.002261,
REQ512150,/api/statement,451.5,200,2026-04-16 09:04:59.005559,
REQ512151,/api/beneficiary,296.9,200,2026-08-03 16:42:35.563093,
REQ512152,/api/transfer,22.5,200,2026-06-04 12:11:46.343185,
REQ512153,/api/beneficiary,100.6,200,2026-03-17 08:22:45.693605,
REQ512154,/api/beneficiary,222.1,200,2026-06-12 22:28:56.910891,
REQ512155,/api/beneficiary,413.0,200,2026-02-22 10:40:27.113549,
REQ512156,/api/login,4890.7,200,2026-06-28 19:23:42.209763,
REQ512157,/api/balance,193.0,200,2026-06-15 17:05:22.011102,
REQ512158,/api/login,684.2,200,2026-05-07 21:14:42.370261,
REQ512159,/api/balance,393.9,200,2026-03-01 01:04:07.485638,
REQ512160,/api/transfer,64.2,200,2026-04-14 03:34:36.466796,
REQ512161,/api/kyc/verify,142.3,200,2026-05-02 19:23:04.227714,
REQ512162,/api/login,228.5,200,2026-04-03 01:11:24.083786,
REQ512163,/api/statement,41.7,200,2026-03-24 19:00:13.325809,
REQ512164,/api/balance,404.9,200,2026-06-16 00:04:32.748546,
REQ512165,/api/kyc/verify,480.1,200,2026-08-03 23:57:02.297250,
REQ512166,/api/statement,234.0,502,2026-03-01 07:02:15.672718,
REQ512167,/api/login,308.9,200,2026-06-28 23:53:00.566403,
REQ512168,/api/statement,148.6,200,2026-03-16 22:49:47.164179,
REQ512169,/api/statement,61.7,500,2026-05-19 21:25:35.118440,INC407683
REQ512170,/api/statement,363.7,200,2026-03-30 00:25:17.866302,
REQ512171,/api/transfer,200.9,200,2026-07-22 02:49:28.148184,
REQ512172,/api/beneficiary,666.8,200,2026-03-09 03:52:00.305705,
REQ512173,/api/statement,162.7,200,2026-06-01 01:22:05.705476,
REQ512174,/api/login,243.8,400,2026-05-16 02:40:25.404874,
REQ512175,/api/balance,537.4,200,2026-07-11 16:12:54.856621,
REQ512176,/api/login,222.9,200,2026-07-20 07:13:43.036038,
REQ512177,/api/balance,95.3,200,2026-06-20 16:38:06.063801,
REQ512178,/api/beneficiary,86.9,200,2026-03-18 12:56:45.901051,
REQ512179,/api/beneficiary,245.3,200,2026-04-21 03:21:01.316165,
REQ512180,/api/balance,207.6,200,2026-03-03 16:57:51.393122,
REQ512181,/api/beneficiary,79.9,200,2026-06-17 22:10:31.525363,
REQ512182,/api/login,6098.6,200,2026-06-21 06:46:33.622982,
REQ512183,/api/transfer,314.4,200,2026-04-24 21:52:53.901908,
REQ512184,/api/statement,127.0,200,2026-06-24 19:32:30.915233,
REQ512185,/api/kyc/verify,79.6,200,2026-04-21 17:06:20.079890,
REQ512186,/api/statement,285.7,200,2026-03-11 04:13:21.771830,
REQ512187,/api/statement,42.1,200,2026-07-26 07:22:27.326094,
REQ512188,/api/balance,555.7,400,2026-06-08 18:33:01.639488,
REQ512189,/api/balance,147.8,200,2026-05-16 11:43:11.653107,
REQ512190,/api/balance,173.2,503,2026-07-12 07:04:18.137679,
REQ512191,/api/statement,203.3,200,2026-05-09 22:25:07.003968,
REQ512192,/api/balance,96.9,200,2026-04-21 19:16:58.640896,
REQ512193,/api/beneficiary,345.0,200,2026-05-12 21:50:36.802830,
REQ512194,/api/statement,157.2,200,2026-03-07 15:28:12.339424,
REQ512195,/api/beneficiary,133.2,200,2026-06-01 01:12:22.640911,
REQ512196,/api/beneficiary,58.5,200,2026-02-21 17:53:27.153649,
REQ512197,/api/login,225.9,200,2026-04-12 01:09:44.182011,
REQ512198,/api/transfer,35.4,200,2026-06-12 16:56:31.235095,
REQ512199,/api/kyc/verify,98.1,429,2026-07-09 21:59:13.051837,
REQ512200,/api/login,134.2,200,2026-03-21 17:28:13.406315,
REQ512201,/api/transfer,246.7,500,2026-02-28 00:43:58.504333,INC401981
REQ512202,/api/statement,209.1,200,2026-04-05 06:37:48.351135,
REQ512203,/api/transfer,331.1,200,2026-04-02 02:50:50.842905,
REQ512204,/api/login,394.1,200,2026-06-04 22:37:43.803755,
REQ512205,/api/statement,377.3,200,2026-07-01 22:27:31.999910,
REQ512206,/api/beneficiary,192.4,200,2026-07-18 05:07:41.413101,
REQ512207,/api/login,45.0,502,2026-02-26 06:01:14.024486,INC404017
REQ512208,/api/balance,537.3,200,2026-08-11 12:25:52.050548,
REQ512209,/api/kyc/verify,356.9,200,2026-05-11 21:02:39.715488,
REQ512210,/api/transfer,153.3,200,2026-03-26 10:48:24.667931,
REQ512211,/api/login,87.8,201,2026-08-17 18:55:19.449376,
REQ512212,/api/beneficiary,161.4,200,2026-06-05 21:21:32.368100,
REQ512213,/api/kyc/verify,149.1,200,2026-05-01 23:33:43.351089,
REQ512214,/api/balance,218.7,200,2026-04-19 04:50:58.273031,
REQ512215,/api/login,334.1,200,2026-05-17 05:08:55.157333,
REQ512216,/api/transfer,104.9,400,2026-03-11 13:32:01.532554,
REQ512217,/api/balance,157.4,200,2026-07-07 11:24:30.072157,
REQ512218,/api/login,289.7,200,2026-05-20 21:45:09.384847,
REQ512219,/api/beneficiary,30.6,200,2026-04-14 20:02:48.903916,
REQ512220,/api/login,329.9,201,2026-08-14 12:38:53.165100,
REQ512221,/api/transfer,51.9,200,2026-03-05 03:02:12.442476,
REQ512222,/api/transfer,502.5,200,2026-04-27 15:09:50.323617,
REQ512223,/api/beneficiary,3399.6,200,2026-07-09 05:30:13.053946,
REQ512224,/api/transfer,33.4,200,2026-06-12 11:35:40.798542,
REQ512225,/api/beneficiary,21.6,401,2026-03-15 03:58:47.790292,
REQ512226,/api/statement,57.0,200,2026-06-16 06:08:51.566448,
REQ512227,/api/transfer,192.3,502,2026-05-04 10:31:52.479984,INC402554
REQ512228,/api/kyc/verify,775.1,502,2026-07-10 10:40:11.443865,INC403886
REQ512229,/api/transfer,267.8,200,2026-04-15 15:56:50.879726,
REQ512230,/api/statement,397.5,200,2026-04-23 08:57:17.536773,
REQ512231,/api/login,701.3,200,2026-06-22 04:45:11.252287,
REQ512232,/api/kyc/verify,124.8,401,2026-05-13 06:33:08.263778,
REQ512233,/api/beneficiary,303.8,200,2026-06-29 06:31:15.037620,
REQ512234,/api/kyc/verify,40.2,200,2026-06-29 04:33:18.326010,
REQ512235,/api/beneficiary,372.2,200,2026-04-27 01:02:06.321726,
REQ512236,/api/kyc/verify,257.2,200,2026-07-10 23:34:37.987286,
REQ512237,/api/kyc/verify,213.6,200,2026-08-06 03:20:33.255076,
REQ512238,/api/beneficiary,444.8,200,2026-05-29 15:11:46.063999,
REQ512239,/api/statement,645.0,201,2026-03-20 02:24:38.589704,
REQ512240,/api/balance,159.2,200,2026-05-22 15:42:20.385000,
REQ512241,/api/transfer,1152.4,200,2026-07-30 17:46:17.835881,
REQ512242,/api/statement,481.4,200,2026-04-14 15:34:49.795693,
REQ512243,/api/statement,714.9,200,2026-03-11 16:47:09.536284,
REQ512244,/api/balance,103.5,401,2026-08-17 09:24:45.248487,
REQ512245,/api/balance,230.4,200,2026-03-23 10:21:05.433510,
REQ512246,/api/kyc/verify,143.4,200,2026-08-02 23:50:13.354917,
REQ512247,/api/login,194.4,200,2026-05-20 15:47:48.354169,
REQ512248,/api/beneficiary,396.7,200,2026-07-19 15:46:00.070599,
REQ512249,/api/transfer,340.5,200,2026-06-28 13:47:29.503596,
REQ512250,/api/kyc/verify,630.8,200,2026-04-21 22:45:05.010806,
REQ512251,/api/statement,612.8,200,2026-03-07 00:17:17.464608,
REQ512252,/api/kyc/verify,251.5,503,2026-06-05 00:58:44.410199,
REQ512253,/api/kyc/verify,147.5,200,2026-04-02 22:16:01.317353,
REQ512254,/api/transfer,85.3,500,2026-03-28 11:07:06.388515,
REQ512255,/api/balance,181.2,429,2026-07-21 19:56:48.698608,
REQ512256,/api/beneficiary,143.7,200,2026-04-20 01:39:26.495017,
REQ512257,/api/login,216.6,200,2026-08-10 05:17:15.345177,
REQ512258,/api/login,59.1,200,2026-06-18 08:37:58.625059,
REQ512259,/api/balance,7727.0,200,2026-03-05 04:13:50.584276,
REQ512260,/api/beneficiary,201.0,200,2026-05-31 17:14:56.922992,
REQ512261,/api/statement,283.7,503,2026-06-02 13:46:46.423974,INC403942
REQ512262,/api/transfer,359.0,401,2026-07-30 21:47:05.743467,
REQ512263,/api/statement,57.4,200,2026-05-08 14:21:50.646876,
REQ512264,/api/login,352.7,200,2026-05-13 23:02:18.779619,
REQ512265,/api/transfer,181.3,200,2026-04-23 19:07:14.784791,
REQ512266,/api/statement,265.2,200,2026-04-06 05:10:03.485917,
REQ512267,/api/kyc/verify,466.7,200,2026-05-31 10:34:22.389280,
REQ512268,/api/balance,18.8,200,2026-02-24 12:58:51.026285,
REQ512269,/api/kyc/verify,134.9,200,2026-04-30 11:52:56.933014,
REQ512270,/api/statement,764.7,200,2026-02-21 09:57:31.855434,
REQ512271,/api/statement,185.9,200,2026-08-05 23:22:06.037829,
REQ512272,/api/statement,352.5,200,2026-05-24 09:05:00.527053,
REQ512273,/api/balance,42.9,200,2026-08-06 00:12:20.590086,
REQ512274,/api/transfer,329.0,200,2026-04-04 16:01:45.551347,
REQ512275,/api/kyc/verify,316.1,200,2026-03-24 06:09:22.532804,
REQ512276,/api/statement,1077.0,200,2026-05-13 02:25:26.363854,
REQ512277,/api/balance,407.8,200,2026-02-23 17:40:01.646309,
REQ512278,/api/kyc/verify,107.9,200,2026-05-28 05:09:33.848228,
REQ512279,/api/balance,429.4,200,2026-04-03 13:32:42.179009,
REQ512280,/api/kyc/verify,434.8,200,2026-08-14 00:38:23.301261,
REQ512281,/api/statement,215.2,503,2026-06-16 16:16:38.637471,INC409844
REQ512282,/api/statement,1161.1,200,2026-05-16 17:30:52.594794,
REQ512283,/api/kyc/verify,151.2,200,2026-08-01 20:02:31.544349,
REQ512284,/api/balance,116.2,401,2026-05-22 11:11:09.244204,
REQ512285,/api/login,641.9,200,2026-05-21 14:06:45.760759,
REQ512286,/api/kyc/verify,3639.1,502,2026-03-30 01:03:18.718432,INC405542
REQ512287,/api/statement,591.5,200,2026-06-21 22:01:54.314490,
REQ512288,/api/kyc/verify,156.9,200,2026-04-29 22:45:08.076556,
REQ512289,/api/transfer,207.8,200,2026-04-08 18:03:16.295297,
REQ512290,/api/statement,534.9,200,2026-07-21 11:52:06.601199,
REQ512291,/api/beneficiary,194.8,200,2026-02-26 15:35:59.312357,
REQ512292,/api/beneficiary,269.9,200,2026-03-14 19:11:56.759723,
REQ512293,/api/beneficiary,12.2,200,2026-04-03 22:53:51.920163,
REQ512294,/api/transfer,67.0,502,2026-05-31 06:07:59.888374,INC408110
REQ512295,/api/statement,349.8,504,2026-07-12 16:27:11.135748,INC406210
REQ512296,/api/statement,291.9,200,2026-03-19 05:46:39.388841,
REQ512297,/api/beneficiary,422.8,200,2026-03-19 09:14:47.125430,
REQ512298,/api/balance,472.5,200,2026-03-01 16:15:24.956007,
REQ512299,/api/kyc/verify,322.7,200,2026-02-23 09:55:17.106045,
REQ512300,/api/beneficiary,621.6,200,2026-05-19 12:35:32.856982,
REQ512301,/api/kyc/verify,424.9,200,2026-04-22 15:23:53.202608,
REQ512302,/api/statement,252.9,500,2026-08-13 22:31:46.370701,INC409407
REQ512303,/api/kyc/verify,88.5,400,2026-03-20 22:16:33.714732,
REQ512304,/api/statement,408.0,429,2026-04-07 00:34:04.549228,
REQ512305,/api/beneficiary,350.8,200,2026-02-25 06:33:24.707543,
REQ512306,/api/beneficiary,513.6,200,2026-06-11 21:46:20.379556,
REQ512307,/api/login,82.5,200,2026-05-13 10:53:12.728178,
REQ512308,/api/beneficiary,507.6,200,2026-04-10 14:48:15.636655,
REQ512309,/api/login,460.4,200,2026-04-04 13:33:34.768303,
REQ512310,/api/statement,249.0,200,2026-06-13 06:51:08.327425,
REQ512311,/api/login,198.3,200,2026-04-07 04:20:24.272355,
REQ512312,/api/login,374.8,200,2026-05-30 11:20:36.032016,
REQ512313,/api/beneficiary,784.1,200,2026-03-12 12:45:59.936891,
REQ512314,/api/balance,86.9,200,2026-04-20 00:02:23.614007,
REQ512315,/api/transfer,319.5,200,2026-03-06 10:58:31.401623,
REQ512316,/api/kyc/verify,585.6,503,2026-07-22 00:09:25.438904,
REQ512317,/api/transfer,96.9,201,2026-05-13 13:40:41.637507,
REQ512318,/api/kyc/verify,245.7,200,2026-06-01 02:09:06.067184,
REQ512319,/api/transfer,321.4,500,2026-04-24 21:20:18.056053,
REQ512320,/api/transfer,355.9,200,2026-04-23 19:02:15.541709,
REQ512321,/api/statement,204.7,503,2026-03-23 16:20:03.584192,INC409564
REQ512322,/api/beneficiary,217.5,200,2026-03-09 18:30:17.499752,
REQ512323,/api/statement,206.1,200,2026-08-08 11:05:34.117747,
REQ512324,/api/transfer,128.8,200,2026-08-19 11:34:54.164314,
REQ512325,/api/kyc/verify,118.3,503,2026-06-28 13:18:34.916539,INC409155
REQ512326,/api/balance,710.4,200,2026-04-02 20:53:47.830011,
REQ512327,/api/balance,349.7,200,2026-05-06 17:36:16.919751,
REQ512328,/api/balance,463.2,200,2026-08-10 00:58:41.284776,
REQ512329,/api/beneficiary,152.3,200,2026-03-08 18:54:06.704371,
REQ512330,/api/beneficiary,164.7,200,2026-03-29 08:50:55.131786,
REQ512331,/api/transfer,945.1,200,2026-06-18 23:39:36.574250,
REQ512332,/api/kyc/verify,123.0,200,2026-05-19 16:48:32.459598,
REQ512333,/api/login,136.4,400,2026-06-10 13:22:31.621739,
REQ512334,/api/kyc/verify,560.2,200,2026-07-25 23:18:16.403537,
REQ512335,/api/beneficiary,58.1,200,2026-06-28 12:30:11.156206,
REQ512336,/api/kyc/verify,83.9,200,2026-04-05 12:10:02.865968,
REQ512337,/api/transfer,170.1,200,2026-07-16 15:27:19.677922,
REQ512338,/api/statement,203.8,200,2026-03-22 05:49:33.711521,
REQ512339,/api/kyc/verify,160.4,200,2026-04-20 07:49:18.024720,
REQ512340,/api/transfer,271.0,200,2026-05-19 17:32:56.788662,
REQ512341,/api/balance,193.3,200,2026-05-03 20:31:00.057368,
REQ512342,/api/beneficiary,410.4,200,2026-03-31 16:14:40.765100,
REQ512343,/api/statement,743.1,200,2026-08-08 23:54:14.394084,
REQ512344,/api/beneficiary,301.6,200,2026-06-01 21:36:40.243273,
REQ512345,/api/login,220.8,200,2026-03-18 17:02:51.387135,
REQ512346,/api/transfer,135.5,200,2026-06-13 20:49:41.926934,
REQ512347,/api/statement,243.7,401,2026-05-03 18:55:54.493376,
REQ512348,/api/login,278.4,200,2026-06-16 05:01:01.589801,
REQ512349,/api/login,120.4,200,2026-03-06 17:00:33.609009,
REQ512350,/api/beneficiary,107.9,200,2026-04-27 02:54:45.672535,
REQ512351,/api/balance,283.1,200,2026-07-14 23:55:37.669762,
REQ512352,/api/beneficiary,6620.8,429,2026-03-17 21:01:38.876226,
REQ512353,/api/statement,88.3,200,2026-06-08 15:53:30.962411,
REQ512354,/api/transfer,6208.3,200,2026-03-18 05:46:11.064316,
REQ512355,/api/login,254.6,200,2026-03-07 21:02:44.689651,
REQ512356,/api/transfer,358.1,200,2026-06-03 07:09:24.732166,
REQ512357,/api/statement,146.3,200,2026-04-30 05:11:23.633141,
REQ512358,/api/balance,28.8,200,2026-05-12 07:17:52.094543,
REQ512359,/api/statement,130.6,200,2026-03-24 07:06:33.063633,
REQ512360,/api/kyc/verify,27.1,200,2026-05-14 02:50:17.131004,
REQ512361,/api/balance,266.7,200,2026-04-30 05:17:37.236016,
REQ512362,/api/beneficiary,187.7,200,2026-04-20 17:46:05.924867,
REQ512363,/api/kyc/verify,357.0,200,2026-08-02 03:19:54.589210,
REQ512364,/api/statement,284.9,200,2026-04-12 01:30:22.767281,
REQ512365,/api/balance,395.3,503,2026-07-28 04:01:05.756362,INC404928
REQ512366,/api/transfer,216.8,200,2026-02-27 08:15:03.403267,
REQ512367,/api/transfer,180.9,200,2026-04-11 23:37:11.918936,
REQ512368,/api/transfer,127.0,400,2026-06-15 23:59:28.059797,
REQ512369,/api/login,373.0,200,2026-07-24 15:17:52.324179,
REQ512370,/api/kyc/verify,206.3,201,2026-03-26 14:58:06.039603,
REQ512371,/api/beneficiary,352.4,200,2026-06-04 10:28:07.904783,
REQ512372,/api/statement,229.4,200,2026-06-07 00:41:40.302439,
REQ512373,/api/balance,108.5,200,2026-05-16 03:19:06.741264,
REQ512374,/api/kyc/verify,179.8,500,2026-08-02 16:57:35.429668,
REQ512375,/api/transfer,258.8,200,2026-03-09 18:07:58.202278,
REQ512376,/api/login,435.2,200,2026-04-14 02:02:11.601645,
REQ512377,/api/kyc/verify,163.0,200,2026-08-02 23:19:30.571721,
REQ512378,/api/kyc/verify,200.1,200,2026-05-22 22:00:14.177154,
REQ512379,/api/beneficiary,53.1,200,2026-03-03 18:32:36.986905,
REQ512380,/api/transfer,65.3,200,2026-02-28 03:04:17.396892,
REQ512381,/api/transfer,79.2,200,2026-03-19 10:25:37.744073,
REQ512382,/api/statement,137.9,200,2026-03-01 22:18:31.384763,
REQ512383,/api/login,258.7,201,2026-06-09 12:10:52.009523,
REQ512384,/api/beneficiary,289.1,200,2026-06-04 18:30:26.887677,
REQ512385,/api/login,158.4,200,2026-08-08 21:05:33.891452,
REQ512386,/api/kyc/verify,190.9,200,2026-06-12 17:41:25.207669,
REQ512387,/api/beneficiary,501.7,200,2026-06-15 23:03:57.397645,
REQ512388,/api/balance,327.6,200,2026-06-29 06:03:58.696541,
REQ512389,/api/transfer,191.0,200,2026-04-22 20:06:45.512008,
REQ512390,/api/balance,277.9,429,2026-07-29 08:38:54.389009,
REQ512391,/api/kyc/verify,177.6,200,2026-06-25 13:42:27.224591,
REQ512392,/api/balance,184.1,401,2026-03-31 09:55:16.282810,
REQ512393,/api/kyc/verify,891.6,401,2026-08-18 10:49:44.394088,
REQ512394,/api/statement,289.1,401,2026-05-17 23:47:47.057182,
REQ512395,/api/login,333.9,401,2026-06-04 06:07:47.968096,
REQ512396,/api/transfer,472.5,200,2026-05-09 15:40:38.243442,
REQ512397,/api/statement,581.7,200,2026-07-04 02:46:57.581381,
REQ512398,/api/statement,265.4,200,2026-05-21 22:39:42.895937,
REQ512399,/api/transfer,255.2,200,2026-07-14 03:14:37.347689,
REQ512400,/api/beneficiary,77.4,200,2026-07-24 00:16:38.161139,
REQ512401,/api/statement,117.9,200,2026-02-28 07:53:35.693068,
REQ512402,/api/login,289.0,200,2026-04-13 10:41:09.666830,
REQ512403,/api/beneficiary,37.2,200,2026-06-17 17:36:15.546726,
REQ512404,/api/login,209.8,200,2026-07-16 14:24:10.870489,
REQ512405,/api/transfer,1112.8,200,2026-06-07 22:57:29.880223,
REQ512406,/api/login,378.8,200,2026-08-01 05:25:23.788327,
REQ512407,/api/transfer,551.8,200,2026-03-23 19:27:43.731918,
REQ512408,/api/kyc/verify,97.7,200,2026-04-18 23:27:49.267268,
REQ512409,/api/balance,217.4,200,2026-07-04 00:48:08.025915,
REQ512410,/api/login,212.3,200,2026-03-14 13:26:18.160029,
REQ512411,/api/login,681.6,200,2026-04-22 10:04:32.643907,
REQ512412,/api/transfer,34.5,200,2026-04-02 23:43:44.627071,
REQ512413,/api/balance,186.1,200,2026-05-04 17:12:15.247868,
REQ512414,/api/balance,83.6,500,2026-07-31 13:07:13.511995,INC405484
REQ512415,/api/transfer,116.4,200,2026-04-13 22:23:42.228197,
REQ512416,/api/kyc/verify,534.3,400,2026-03-07 14:39:15.831241,
REQ512417,/api/kyc/verify,619.4,200,2026-05-07 21:20:47.033008,
REQ512418,/api/kyc/verify,5208.5,200,2026-04-20 16:58:41.697360,
REQ512419,/api/beneficiary,252.5,401,2026-06-21 07:05:11.632241,
REQ512420,/api/kyc/verify,163.9,200,2026-04-20 11:57:16.735169,
REQ512421,/api/balance,379.2,200,2026-05-30 03:26:13.642579,
REQ512422,/api/transfer,323.8,200,2026-03-06 22:37:09.030871,
REQ512423,/api/beneficiary,256.7,200,2026-04-26 03:17:39.783387,
REQ512424,/api/balance,183.2,200,2026-03-13 04:32:15.856394,
REQ512425,/api/beneficiary,332.8,200,2026-05-01 02:30:47.607578,
REQ512426,/api/balance,321.3,200,2026-03-19 07:29:03.627700,
REQ512427,/api/kyc/verify,50.4,200,2026-04-24 23:05:11.544510,
REQ512428,/api/kyc/verify,768.3,200,2026-03-25 11:05:40.547746,
REQ512429,/api/kyc/verify,131.5,200,2026-02-25 13:44:57.787597,
REQ512430,/api/balance,444.0,200,2026-04-02 09:02:17.986803,
REQ512431,/api/login,154.0,500,2026-04-13 04:07:41.286279,
REQ512432,/api/kyc/verify,107.0,500,2026-04-20 02:11:45.106317,INC403906
REQ512433,/api/statement,130.5,200,2026-05-14 22:56:06.687139,
REQ512434,/api/beneficiary,433.8,502,2026-07-28 20:38:24.822191,
REQ512435,/api/transfer,612.9,200,2026-05-20 10:38:06.634181,
REQ512436,/api/kyc/verify,95.2,200,2026-03-09 21:59:49.794739,
REQ512437,/api/kyc/verify,293.4,200,2026-06-23 21:15:35.282857,
REQ512438,/api/login,324.3,400,2026-05-11 06:23:20.955890,
REQ512439,/api/beneficiary,80.6,500,2026-05-14 14:56:43.097283,
REQ512440,/api/balance,478.2,200,2026-08-03 14:31:19.219331,
REQ512441,/api/statement,141.4,500,2026-08-19 18:38:54.195794,INC407592
REQ512442,/api/beneficiary,89.2,200,2026-04-05 22:21:19.450171,
REQ512443,/api/kyc/verify,377.6,200,2026-08-10 22:37:46.485946,
REQ512444,/api/statement,362.1,200,2026-03-23 17:13:16.682462,
REQ512445,/api/statement,114.8,200,2026-02-27 08:05:18.177199,
REQ512446,/api/transfer,8503.2,200,2026-05-03 20:53:08.892955,
REQ512447,/api/kyc/verify,192.0,200,2026-02-25 01:31:07.060539,
REQ512448,/api/kyc/verify,118.2,200,2026-08-06 07:39:04.490005,
REQ512449,/api/beneficiary,491.0,200,2026-08-16 20:40:06.643510,
REQ512450,/api/kyc/verify,30.0,200,2026-08-06 07:31:15.825609,
REQ512451,/api/statement,317.2,201,2026-06-02 12:30:37.640430,
REQ512452,/api/kyc/verify,313.3,200,2026-07-21 05:44:53.279026,
REQ512453,/api/statement,308.3,200,2026-08-04 10:56:26.568343,
REQ512454,/api/statement,254.3,503,2026-03-05 15:13:43.363595,
REQ512455,/api/kyc/verify,298.8,200,2026-02-24 19:07:02.528687,
REQ512456,/api/beneficiary,133.7,200,2026-04-26 18:03:13.459723,
REQ512457,/api/beneficiary,546.6,500,2026-06-24 23:10:52.512181,INC404288
REQ512458,/api/login,679.0,200,2026-05-06 04:06:25.183248,
REQ512459,/api/kyc/verify,300.3,200,2026-06-06 03:37:39.545308,
REQ512460,/api/login,588.3,200,2026-04-25 03:12:01.799472,
REQ512461,/api/transfer,292.9,200,2026-05-27 17:50:06.802191,
REQ512462,/api/login,3.5,200,2026-05-03 20:47:26.909331,
REQ512463,/api/kyc/verify,127.4,400,2026-03-08 17:24:08.527299,
REQ512464,/api/login,420.2,200,2026-07-13 06:57:27.802786,
REQ512465,/api/transfer,133.2,200,2026-05-10 17:21:23.776881,
REQ512466,/api/transfer,751.9,200,2026-04-04 09:03:30.390580,
REQ512467,/api/statement,1427.3,200,2026-06-22 14:32:24.433923,
REQ512468,/api/transfer,6722.2,200,2026-05-25 08:01:06.838538,
REQ512469,/api/beneficiary,100.7,200,2026-03-16 05:09:39.375083,
REQ512470,/api/login,63.1,200,2026-05-27 03:44:15.675424,
REQ512471,/api/transfer,97.3,200,2026-03-08 12:14:43.270442,
REQ512472,/api/statement,68.1,429,2026-08-16 20:15:49.758349,
REQ512473,/api/login,245.4,200,2026-06-25 02:10:06.406502,
REQ512474,/api/transfer,85.5,200,2026-07-27 13:50:07.315208,
REQ512475,/api/beneficiary,139.4,200,2026-07-09 06:50:14.750015,
REQ512476,/api/balance,484.7,200,2026-03-28 05:03:19.435924,
REQ512477,/api/beneficiary,24.6,200,2026-07-09 15:52:59.308327,
REQ512478,/api/kyc/verify,366.0,200,2026-07-14 02:02:46.771655,
REQ512479,/api/beneficiary,268.7,400,2026-03-20 00:51:11.516697,
REQ512480,/api/login,233.6,502,2026-04-19 07:55:51.638674,INC407622
REQ512481,/api/balance,169.2,200,2026-07-21 10:02:27.968450,
REQ512482,/api/balance,31.6,401,2026-07-23 17:29:16.248719,
REQ512483,/api/transfer,337.7,200,2026-06-09 22:49:45.612225,
REQ512484,/api/login,203.9,429,2026-06-14 20:06:08.624064,
REQ512485,/api/transfer,294.8,200,2026-06-25 21:04:28.839306,
REQ512486,/api/beneficiary,507.8,200,2026-05-29 01:28:24.636264,
REQ512487,/api/transfer,124.0,200,2026-08-06 18:41:19.765890,
REQ512488,/api/beneficiary,107.0,500,2026-08-07 17:06:28.145812,INC403946
REQ512489,/api/login,113.6,200,2026-06-02 08:23:09.311468,
REQ512490,/api/beneficiary,557.9,502,2026-07-18 11:18:19.673256,INC407623
REQ512491,/api/beneficiary,139.6,200,2026-07-08 13:22:35.179853,
REQ512492,/api/balance,478.9,200,2026-08-15 22:57:42.082112,
REQ512493,/api/transfer,198.6,200,2026-05-22 00:22:03.020785,
REQ512494,/api/kyc/verify,375.6,200,2026-03-11 20:02:02.634649,
REQ512495,/api/balance,684.8,200,2026-03-27 16:03:34.094353,
REQ512496,/api/beneficiary,220.2,200,2026-03-22 22:01:20.230187,
REQ512497,/api/transfer,379.5,200,2026-07-22 11:42:58.196151,
REQ512498,/api/transfer,215.6,200,2026-05-12 19:08:22.482239,
REQ512499,/api/kyc/verify,410.0,200,2026-05-01 05:54:40.745379,
REQ512500,/api/kyc/verify,35.9,504,2026-05-14 11:54:07.427503,INC400041
REQ512501,/api/balance,321.2,200,2026-06-04 19:40:43.368322,
REQ512502,/api/statement,147.2,500,2026-07-29 08:17:09.330819,
REQ512503,/api/beneficiary,347.5,200,2026-08-07 01:40:45.588867,
REQ512504,/api/login,178.0,200,2026-04-07 21:35:41.333571,
REQ512505,/api/login,96.2,200,2026-03-21 05:05:13.847778,
REQ512506,/api/balance,1103.3,200,2026-05-02 16:59:02.915589,
REQ512507,/api/login,632.3,200,2026-05-12 05:38:01.691336,
REQ512508,/api/balance,324.8,429,2026-03-19 01:22:02.666608,
REQ512509,/api/transfer,219.6,200,2026-05-09 02:56:25.316373,
REQ512510,/api/transfer,472.9,200,2026-05-06 13:26:21.328916,
REQ512511,/api/statement,84.7,200,2026-04-09 03:15:13.277675,
REQ512512,/api/kyc/verify,140.7,502,2026-07-19 14:58:07.924649,INC408718
REQ512513,/api/balance,118.5,200,2026-02-27 04:57:39.413999,
REQ512514,/api/balance,181.8,201,2026-05-11 20:54:48.239775,
REQ512515,/api/statement,100.7,200,2026-04-26 11:12:20.146120,
REQ512516,/api/kyc/verify,329.4,504,2026-05-03 22:03:05.061619,INC408147
REQ512517,/api/transfer,331.1,200,2026-03-08 02:08:15.138044,
REQ512518,/api/statement,114.1,200,2026-04-17 02:32:08.561236,
REQ512519,/api/login,170.5,200,2026-07-16 16:13:23.361111,
REQ512520,/api/transfer,311.5,500,2026-07-01 15:54:36.073570,INC406968
REQ512521,/api/login,123.3,200,2026-03-12 05:40:33.289974,
REQ512522,/api/beneficiary,48.1,200,2026-03-15 08:31:25.031164,
REQ512523,/api/beneficiary,277.6,200,2026-05-12 23:25:36.103487,
REQ512524,/api/balance,10.5,200,2026-04-20 01:08:25.036889,
REQ512525,/api/beneficiary,165.9,201,2026-05-29 04:33:18.999595,
REQ512526,/api/beneficiary,180.0,200,2026-03-03 22:08:13.882489,
REQ512527,/api/login,402.4,200,2026-06-24 12:14:31.984810,
REQ512528,/api/balance,296.3,200,2026-06-06 07:47:12.044053,
REQ512529,/api/statement,337.4,200,2026-06-27 15:22:34.931916,
REQ512530,/api/kyc/verify,71.0,200,2026-07-01 14:23:04.160966,
REQ512531,/api/transfer,5741.4,200,2026-03-15 09:46:35.174719,
REQ512532,/api/beneficiary,25.5,200,2026-08-13 13:36:35.694774,
REQ512533,/api/beneficiary,286.5,200,2026-07-07 22:14:18.494025,
REQ512534,/api/login,340.1,200,2026-03-10 13:15:21.478268,
REQ512535,/api/balance,558.7,200,2026-05-07 00:59:31.860146,
REQ512536,/api/transfer,314.2,200,2026-02-26 15:21:57.606835,
REQ512537,/api/kyc/verify,299.7,200,2026-05-27 16:39:16.445592,
REQ512538,/api/balance,93.0,200,2026-08-07 23:31:06.400215,
REQ512539,/api/beneficiary,182.5,200,2026-08-10 14:16:53.051809,
REQ512540,/api/login,120.5,502,2026-03-28 04:02:41.774041,
REQ512541,/api/beneficiary,164.7,201,2026-03-20 04:20:50.250533,
REQ512542,/api/balance,299.6,200,2026-06-02 22:03:24.606492,
REQ512543,/api/balance,334.0,201,2026-03-30 23:59:59.466421,
REQ512544,/api/login,83.5,200,2026-06-21 06:10:55.362710,
REQ512545,/api/balance,122.5,200,2026-05-06 00:36:38.286495,
REQ512546,/api/kyc/verify,466.7,502,2026-05-26 08:17:39.854459,INC402038
REQ512547,/api/balance,518.8,200,2026-04-29 00:08:49.114651,
REQ512548,/api/beneficiary,452.3,200,2026-07-23 10:41:05.180704,
REQ512549,/api/statement,149.7,200,2026-08-12 13:00:49.210156,
REQ512550,/api/transfer,543.4,200,2026-02-26 11:53:49.989282,
REQ512551,/api/kyc/verify,274.6,200,2026-07-09 23:18:49.503694,
REQ512552,/api/beneficiary,395.3,504,2026-03-26 03:19:22.094477,
REQ512553,/api/login,224.2,200,2026-02-27 12:10:46.197326,
REQ512554,/api/beneficiary,367.4,200,2026-07-26 17:39:05.925135,
REQ512555,/api/beneficiary,91.6,200,2026-03-12 00:55:35.615844,
REQ512556,/api/login,76.5,200,2026-04-19 18:35:47.197078,
REQ512557,/api/login,337.9,200,2026-02-26 03:24:42.490843,
REQ512558,/api/balance,128.8,200,2026-04-06 12:47:35.843398,
REQ512559,/api/login,47.5,200,2026-07-27 18:21:45.763613,
REQ512560,/api/balance,482.9,200,2026-07-13 08:39:18.646156,
REQ512561,/api/balance,172.9,200,2026-02-27 02:39:46.343544,
REQ512562,/api/transfer,220.4,200,2026-05-11 17:54:29.934831,
REQ512563,/api/login,163.6,201,2026-04-16 20:11:54.140589,
REQ512564,/api/statement,490.1,500,2026-06-27 05:02:05.290206,
REQ512565,/api/balance,271.2,200,2026-02-22 09:46:07.612245,
REQ512566,/api/login,1301.8,200,2026-06-16 00:57:40.197815,
REQ512567,/api/transfer,351.0,200,2026-02-21 15:33:33.713118,
REQ512568,/api/transfer,456.7,200,2026-07-13 00:25:48.560426,
REQ512569,/api/statement,378.5,200,2026-05-14 10:35:38.642081,
REQ512570,/api/transfer,146.3,400,2026-04-08 20:54:37.966365,
REQ512571,/api/transfer,600.9,200,2026-08-01 10:17:32.733446,
REQ512572,/api/login,877.9,200,2026-03-23 07:39:30.943438,
REQ512573,/api/statement,393.6,200,2026-04-15 22:48:46.989837,
REQ512574,/api/transfer,196.8,200,2026-02-28 02:44:09.224094,
REQ512575,/api/balance,206.3,200,2026-03-01 15:43:36.083304,
REQ512576,/api/kyc/verify,236.1,200,2026-04-08 00:42:36.049721,
REQ512577,/api/transfer,41.4,200,2026-08-16 11:50:49.055429,
REQ512578,/api/beneficiary,552.2,200,2026-07-31 20:34:43.542413,
REQ512579,/api/kyc/verify,138.4,200,2026-04-03 21:59:22.232245,
REQ512580,/api/kyc/verify,412.6,200,2026-06-05 01:06:27.734724,
REQ512581,/api/beneficiary,74.1,401,2026-07-05 17:36:45.297935,
REQ512582,/api/login,126.6,200,2026-03-14 15:37:59.087287,
REQ512583,/api/kyc/verify,194.1,500,2026-06-26 11:11:49.514594,INC400846
REQ512584,/api/balance,107.7,200,2026-03-13 23:59:13.555067,
REQ512585,/api/balance,330.2,400,2026-07-25 03:28:19.282671,
REQ512586,/api/beneficiary,399.5,200,2026-08-01 15:15:27.780976,
REQ512587,/api/transfer,109.4,200,2026-06-19 09:26:17.018703,
REQ512588,/api/statement,89.8,200,2026-05-19 17:51:35.916434,
REQ512589,/api/balance,179.5,200,2026-04-23 06:39:58.115079,
REQ512590,/api/balance,228.1,200,2026-06-07 11:36:07.116165,
REQ512591,/api/login,415.8,200,2026-04-28 08:11:39.477100,
REQ512592,/api/transfer,434.2,200,2026-02-23 20:27:47.980420,
REQ512593,/api/login,180.2,200,2026-03-12 20:49:11.360280,
REQ512594,/api/balance,397.0,200,2026-07-28 09:44:31.156639,
REQ512595,/api/statement,372.5,200,2026-07-16 12:10:02.908139,
REQ512596,/api/statement,230.5,200,2026-04-15 03:09:27.398567,
REQ512597,/api/kyc/verify,193.6,200,2026-04-27 17:07:25.658158,
REQ512598,/api/kyc/verify,123.0,201,2026-07-13 15:30:47.873199,
REQ512599,/api/login,411.5,200,2026-05-01 17:17:02.450905,
REQ512600,/api/statement,345.3,400,2026-06-18 03:59:50.338581,
REQ512601,/api/login,100.0,200,2026-07-20 11:30:57.084789,
REQ512602,/api/beneficiary,116.0,200,2026-05-25 07:39:14.772944,
REQ512603,/api/statement,279.0,200,2026-05-17 09:49:34.423289,
REQ512604,/api/beneficiary,501.5,200,2026-05-24 16:13:57.006143,
REQ512605,/api/statement,213.4,200,2026-03-21 10:53:16.145513,
REQ512606,/api/transfer,228.5,200,2026-06-01 11:00:32.103945,
REQ512607,/api/beneficiary,125.6,200,2026-02-25 04:20:02.546948,
REQ512608,/api/kyc/verify,264.2,500,2026-07-20 11:24:06.590357,INC408868
REQ512609,/api/balance,503.3,200,2026-03-23 01:30:26.154178,
REQ512610,/api/beneficiary,114.3,504,2026-05-23 10:48:46.755223,
REQ512611,/api/transfer,87.9,200,2026-03-19 12:59:28.572798,
REQ512612,/api/login,128.5,200,2026-03-06 21:09:33.451417,
REQ512613,/api/kyc/verify,391.7,200,2026-07-23 12:09:51.135784,
REQ512614,/api/balance,607.6,200,2026-06-23 18:13:28.795679,
REQ512615,/api/transfer,28.2,200,2026-07-12 03:24:42.158612,
REQ512616,/api/kyc/verify,133.2,500,2026-08-05 16:49:49.845833,INC409152
REQ512617,/api/login,404.4,200,2026-05-15 13:50:29.671239,
REQ512618,/api/login,650.7,200,2026-06-10 21:57:04.375499,
REQ512619,/api/beneficiary,449.1,500,2026-03-17 20:08:05.697134,INC405907
REQ512620,/api/login,278.1,401,2026-07-25 21:58:13.868387,
REQ512621,/api/kyc/verify,241.4,200,2026-03-08 19:22:07.890544,
REQ512622,/api/balance,74.5,401,2026-07-27 18:20:03.143692,
REQ512623,/api/login,97.0,200,2026-03-13 14:43:46.121052,
REQ512624,/api/transfer,840.8,200,2026-08-14 14:59:42.382599,
REQ512625,/api/kyc/verify,426.8,200,2026-06-13 18:36:11.772405,
REQ512626,/api/beneficiary,22.8,200,2026-03-10 21:56:54.646046,
REQ512627,/api/beneficiary,313.3,200,2026-03-22 11:37:39.016984,
REQ512628,/api/balance,410.1,200,2026-07-07 12:31:59.398235,
REQ512629,/api/transfer,289.9,500,2026-04-30 02:53:55.279245,
REQ512630,/api/kyc/verify,42.0,200,2026-03-13 06:47:06.923595,
REQ512631,/api/transfer,154.7,200,2026-04-26 15:09:32.210809,
REQ512632,/api/login,337.1,200,2026-03-24 11:29:32.321327,
REQ512633,/api/transfer,196.8,200,2026-07-29 23:09:34.069798,
REQ512634,/api/kyc/verify,307.1,200,2026-06-17 12:04:51.817994,
REQ512635,/api/statement,64.0,200,2026-02-22 19:05:02.574576,
REQ512636,/api/login,211.9,200,2026-02-24 15:57:22.242928,
REQ512637,/api/login,7499.9,200,2026-04-28 19:51:09.095675,
REQ512638,/api/statement,121.7,200,2026-05-28 09:44:34.677468,
REQ512639,/api/kyc/verify,128.4,200,2026-07-22 19:20:33.037409,
REQ512640,/api/transfer,119.7,503,2026-07-25 18:00:41.027756,
REQ512641,/api/login,349.8,200,2026-06-19 07:31:13.492438,
REQ512642,/api/statement,740.4,200,2026-05-26 21:46:37.669369,
REQ512643,/api/transfer,345.5,200,2026-03-01 09:14:54.775462,
REQ512644,/api/statement,66.7,400,2026-03-09 14:21:25.634643,
REQ512645,/api/transfer,343.8,200,2026-03-03 21:25:48.009178,
REQ512646,/api/transfer,57.1,200,2026-05-30 19:41:12.873415,
REQ512647,/api/beneficiary,6550.0,200,2026-05-20 07:23:43.279870,
REQ512648,/api/statement,1131.7,201,2026-08-13 00:26:14.837607,
REQ512649,/api/kyc/verify,751.2,200,2026-07-07 04:52:28.925694,
REQ512650,/api/statement,277.1,200,2026-06-27 22:35:04.977623,
REQ512651,/api/kyc/verify,287.5,200,2026-06-29 16:23:36.998808,
REQ512652,/api/beneficiary,799.5,502,2026-06-06 21:01:21.365472,INC408818
REQ512653,/api/beneficiary,521.9,200,2026-08-13 12:46:10.316838,
REQ512654,/api/login,83.1,200,2026-05-08 09:16:03.948567,
REQ512655,/api/login,68.5,200,2026-06-11 02:26:28.888423,
REQ512656,/api/balance,115.9,200,2026-06-22 00:28:24.704104,
REQ512657,/api/beneficiary,557.0,200,2026-08-04 13:57:14.554167,
REQ512658,/api/statement,412.8,200,2026-04-29 06:48:04.093751,
REQ512659,/api/beneficiary,455.5,200,2026-04-27 00:28:42.692455,
REQ512660,/api/login,348.8,200,2026-05-02 03:08:04.416404,
REQ512661,/api/login,105.5,200,2026-04-28 14:52:56.768577,
REQ512662,/api/login,291.9,200,2026-06-02 11:27:10.091364,
REQ512663,/api/login,139.2,200,2026-02-24 16:02:55.132794,
REQ512664,/api/kyc/verify,235.8,200,2026-08-01 15:38:10.784128,
REQ512665,/api/transfer,4388.8,503,2026-05-02 09:37:51.328600,
REQ512666,/api/beneficiary,227.4,200,2026-05-25 10:54:47.577400,
REQ512667,/api/balance,553.2,200,2026-08-06 01:51:45.064232,
REQ512668,/api/balance,187.7,200,2026-06-17 02:45:24.158508,
REQ512669,/api/beneficiary,313.8,200,2026-05-03 14:01:55.576108,
REQ512670,/api/transfer,267.4,200,2026-03-10 03:17:26.532846,
REQ512671,/api/kyc/verify,329.1,201,2026-05-27 05:01:30.894597,
REQ512672,/api/statement,525.1,200,2026-04-29 01:14:03.972366,
REQ512673,/api/beneficiary,438.8,200,2026-06-06 18:53:40.488112,
REQ512674,/api/balance,13.1,200,2026-07-22 06:18:05.253280,
REQ512675,/api/kyc/verify,221.0,200,2026-04-14 11:56:51.747794,
REQ512676,/api/beneficiary,88.3,200,2026-05-06 16:26:05.337563,
REQ512677,/api/kyc/verify,407.3,200,2026-03-04 22:06:05.181436,
REQ512678,/api/balance,1247.3,200,2026-03-09 12:35:49.779343,
REQ512679,/api/login,616.7,200,2026-04-01 22:01:01.804529,
REQ512680,/api/statement,278.1,200,2026-08-18 01:07:28.725218,
REQ512681,/api/balance,624.5,200,2026-05-08 21:42:35.748058,
REQ512682,/api/beneficiary,313.9,200,2026-05-07 22:47:28.487052,
REQ512683,/api/login,587.3,201,2026-06-26 18:19:42.029080,
REQ512684,/api/beneficiary,166.5,200,2026-06-11 07:48:48.886830,
REQ512685,/api/transfer,7277.5,200,2026-04-02 17:22:16.697707,
REQ512686,/api/statement,549.3,200,2026-07-17 11:45:02.813622,
REQ512687,/api/kyc/verify,185.3,200,2026-06-01 20:19:05.976972,
REQ512688,/api/beneficiary,653.2,200,2026-06-16 10:43:51.777085,
REQ512689,/api/transfer,280.9,200,2026-08-12 18:49:58.964048,
REQ512690,/api/transfer,238.6,500,2026-05-22 05:26:50.114610,INC408838
REQ512691,/api/login,359.5,200,2026-03-01 11:16:38.538309,
REQ512692,/api/login,430.5,200,2026-08-15 18:22:29.217454,
REQ512693,/api/beneficiary,216.0,200,2026-03-02 19:54:32.591730,
REQ512694,/api/transfer,300.3,200,2026-03-13 09:02:12.325485,
REQ512695,/api/transfer,557.5,200,2026-08-04 15:48:48.499565,
REQ512696,/api/login,281.9,200,2026-07-28 07:41:06.630363,
REQ512697,/api/kyc/verify,28.6,200,2026-07-18 02:17:47.361907,
REQ512698,/api/kyc/verify,446.4,504,2026-03-06 00:33:22.305380,INC407013
REQ512699,/api/kyc/verify,314.2,200,2026-03-20 15:15:16.940309,
REQ512700,/api/kyc/verify,169.1,200,2026-03-15 01:36:49.580354,
REQ512701,/api/balance,165.3,200,2026-08-10 23:46:22.344385,
REQ512702,/api/kyc/verify,23.9,200,2026-07-25 21:02:45.529812,
REQ512703,/api/kyc/verify,1152.1,200,2026-03-09 15:45:31.284414,
REQ512704,/api/kyc/verify,160.1,200,2026-03-07 12:33:40.272141,
REQ512705,/api/transfer,21.6,200,2026-04-04 02:19:39.459181,
REQ512706,/api/transfer,637.0,200,2026-04-29 08:06:49.564353,
REQ512707,/api/transfer,148.4,200,2026-05-01 03:16:19.452400,
REQ512708,/api/beneficiary,92.2,200,2026-07-04 14:30:48.807344,
REQ512709,/api/balance,392.5,200,2026-05-05 10:14:17.526637,
REQ512710,/api/balance,268.5,200,2026-04-07 18:07:39.204974,
REQ512711,/api/login,317.0,200,2026-05-19 15:32:16.314129,
REQ512712,/api/balance,264.5,200,2026-04-22 16:14:11.666793,
REQ512713,/api/beneficiary,167.1,200,2026-07-03 05:32:02.757374,
REQ512714,/api/beneficiary,240.2,200,2026-05-11 09:45:08.855130,
REQ512715,/api/kyc/verify,216.9,200,2026-06-01 05:55:31.658430,
REQ512716,/api/transfer,251.5,200,2026-06-01 20:27:06.942978,
REQ512717,/api/kyc/verify,530.2,200,2026-06-22 12:13:14.407042,
REQ512718,/api/transfer,12.9,200,2026-08-08 04:19:42.527503,
REQ512719,/api/kyc/verify,450.0,200,2026-05-27 00:45:29.690306,
REQ512720,/api/login,413.7,200,2026-04-27 09:00:15.695822,
REQ512721,/api/statement,210.4,200,2026-05-05 16:16:52.631879,
REQ512722,/api/login,306.5,200,2026-03-21 09:48:43.282210,
REQ512723,/api/statement,175.3,502,2026-03-22 23:36:48.117917,INC400260
REQ512724,/api/balance,510.6,200,2026-08-02 10:32:16.277649,
REQ512725,/api/beneficiary,364.9,200,2026-07-23 01:32:22.574308,
REQ512726,/api/transfer,61.0,200,2026-04-22 16:24:52.408446,
REQ512727,/api/balance,380.0,200,2026-06-09 09:47:04.455917,
REQ512728,/api/login,47.7,200,2026-08-04 20:35:26.493433,
REQ512729,/api/statement,88.7,200,2026-06-08 04:25:53.354902,
REQ512730,/api/login,7576.5,429,2026-04-23 02:01:16.697775,
REQ512731,/api/login,238.1,200,2026-06-15 01:47:56.867615,
REQ512732,/api/kyc/verify,511.9,200,2026-07-14 15:51:32.694900,
REQ512733,/api/login,103.0,200,2026-03-10 02:41:16.138076,
REQ512734,/api/balance,69.5,200,2026-03-18 04:19:34.451609,
REQ512735,/api/beneficiary,155.1,200,2026-06-04 10:40:22.943601,
REQ512736,/api/beneficiary,220.2,200,2026-06-14 01:52:37.839878,
REQ512737,/api/kyc/verify,356.9,503,2026-04-23 10:12:54.267254,INC400520
REQ512738,/api/statement,143.8,200,2026-02-25 20:12:19.305143,
REQ512739,/api/beneficiary,281.3,200,2026-04-07 06:24:29.647220,
REQ512740,/api/kyc/verify,378.6,200,2026-04-28 06:00:59.272037,
REQ512741,/api/balance,197.8,200,2026-04-13 22:07:55.047554,
REQ512742,/api/kyc/verify,412.5,200,2026-07-14 05:34:23.890951,
REQ512743,/api/transfer,83.5,200,2026-05-19 05:56:29.304120,
REQ512744,/api/statement,177.0,200,2026-04-03 15:11:34.370068,
REQ512745,/api/login,513.3,200,2026-06-05 13:09:24.171818,
REQ512746,/api/kyc/verify,117.8,200,2026-07-20 04:02:15.195592,
REQ512747,/api/login,141.2,200,2026-07-14 17:53:18.721638,
REQ512748,/api/transfer,604.8,200,2026-04-19 05:03:22.231809,
REQ512749,/api/statement,757.8,200,2026-07-16 07:03:38.730092,
REQ512750,/api/beneficiary,52.2,400,2026-06-02 05:13:27.731668,
REQ512751,/api/login,91.7,200,2026-03-31 13:12:42.632553,
REQ512752,/api/statement,586.2,200,2026-07-01 07:51:01.377851,
REQ512753,/api/transfer,48.3,200,2026-05-27 22:29:36.660666,
REQ512754,/api/balance,975.9,201,2026-02-25 07:56:10.608561,
REQ512755,/api/statement,211.9,200,2026-06-22 14:24:52.704511,
REQ512756,/api/beneficiary,25.6,200,2026-05-16 22:33:29.370490,
REQ512757,/api/beneficiary,376.0,200,2026-04-19 13:35:28.860452,
REQ512758,/api/balance,39.2,200,2026-03-23 09:47:42.219733,
REQ512759,/api/login,191.8,200,2026-05-11 10:54:31.696273,
REQ512760,/api/kyc/verify,235.1,200,2026-06-07 05:55:32.972274,
REQ512761,/api/beneficiary,147.8,200,2026-07-17 20:42:08.704055,
REQ512762,/api/transfer,224.1,200,2026-03-26 08:09:24.730349,
REQ512763,/api/login,323.2,200,2026-05-05 18:35:46.146190,
REQ512764,/api/transfer,464.0,200,2026-07-31 00:00:59.591258,
REQ512765,/api/beneficiary,73.1,200,2026-04-08 19:01:37.494481,
REQ512766,/api/login,266.9,500,2026-05-30 17:16:12.437264,
REQ512767,/api/kyc/verify,268.5,200,2026-04-12 08:18:15.166487,
REQ512768,/api/beneficiary,436.9,503,2026-03-15 16:03:11.480682,INC404386
REQ512769,/api/login,110.5,200,2026-03-13 08:58:39.873277,
REQ512770,/api/beneficiary,27.9,200,2026-07-07 07:54:26.216845,
REQ512771,/api/beneficiary,157.4,200,2026-02-28 21:35:50.016341,
REQ512772,/api/balance,414.8,201,2026-06-04 07:46:09.090043,
REQ512773,/api/beneficiary,256.7,200,2026-03-22 12:45:31.329293,
REQ512774,/api/login,225.5,200,2026-05-06 15:17:13.658536,
REQ512775,/api/transfer,243.2,500,2026-05-18 02:42:14.854568,INC405419
REQ512776,/api/transfer,701.9,200,2026-04-18 01:08:47.164031,
REQ512777,/api/balance,253.6,200,2026-06-15 11:14:29.524528,
REQ512778,/api/login,413.5,200,2026-06-03 18:24:33.230844,
REQ512779,/api/transfer,382.4,201,2026-04-14 01:12:47.006931,
REQ512780,/api/beneficiary,126.2,200,2026-06-04 10:35:22.371023,
REQ512781,/api/kyc/verify,71.8,400,2026-06-08 01:05:01.758205,
REQ512782,/api/transfer,1060.2,200,2026-07-13 04:23:56.803191,
REQ512783,/api/transfer,74.6,200,2026-06-27 15:17:15.543391,
REQ512784,/api/statement,688.2,400,2026-06-19 21:30:43.647335,
REQ512785,/api/statement,251.5,200,2026-05-26 05:37:53.728975,
REQ512786,/api/login,208.9,200,2026-03-26 23:47:21.016345,
REQ512787,/api/kyc/verify,124.7,200,2026-03-10 10:10:21.947935,
REQ512788,/api/balance,566.9,200,2026-07-24 11:40:58.461304,
REQ512789,/api/balance,336.9,429,2026-05-01 12:25:04.629146,
REQ512790,/api/balance,386.4,200,2026-04-28 16:54:51.171948,
REQ512791,/api/balance,222.5,200,2026-05-09 01:51:21.055135,
REQ512792,/api/balance,441.9,201,2026-07-17 09:46:41.702831,
REQ512793,/api/statement,361.2,200,2026-05-19 10:04:45.672122,
REQ512794,/api/statement,338.2,429,2026-07-24 09:51:01.685090,
REQ512795,/api/kyc/verify,456.0,400,2026-02-24 10:31:43.308707,
REQ512796,/api/transfer,94.2,200,2026-05-07 08:05:05.929993,
REQ512797,/api/balance,319.5,200,2026-05-08 06:35:49.658343,
REQ512798,/api/login,306.9,200,2026-03-28 09:13:04.572037,
REQ512799,/api/transfer,333.1,200,2026-08-06 13:14:53.139500,
REQ512800,/api/balance,431.4,503,2026-04-24 19:48:03.617056,INC403167
REQ512801,/api/balance,264.5,200,2026-07-01 22:09:09.886812,
REQ512802,/api/transfer,188.8,200,2026-07-06 01:41:38.630315,
REQ512803,/api/statement,131.8,200,2026-05-15 10:26:44.052864,
REQ512804,/api/beneficiary,4226.5,200,2026-05-05 21:51:51.317509,
REQ512805,/api/transfer,366.3,400,2026-04-12 19:13:24.342436,
REQ512806,/api/login,143.1,200,2026-03-15 13:18:29.761266,
REQ512807,/api/statement,1103.1,200,2026-04-09 13:17:11.316628,
REQ512808,/api/statement,115.0,200,2026-07-30 06:23:30.816901,
REQ512809,/api/transfer,197.3,200,2026-04-14 04:34:58.417178,
REQ512810,/api/beneficiary,314.8,503,2026-05-11 11:38:27.079726,
REQ512811,/api/balance,467.0,200,2026-04-19 10:54:10.374794,
REQ512812,/api/kyc/verify,476.7,200,2026-04-09 12:41:15.133138,
REQ512813,/api/kyc/verify,502.8,200,2026-05-11 10:50:48.807618,
REQ512814,/api/statement,487.6,200,2026-05-27 03:32:52.606900,
REQ512815,/api/balance,469.6,200,2026-05-29 01:56:32.492575,
REQ512816,/api/kyc/verify,380.1,200,2026-07-16 15:57:30.373790,
REQ512817,/api/balance,46.1,200,2026-05-05 08:06:14.970633,
REQ512818,/api/transfer,97.4,200,2026-05-14 08:06:20.951896,
REQ512819,/api/statement,327.8,400,2026-05-20 14:57:38.922780,
REQ512820,/api/kyc/verify,766.0,200,2026-05-11 20:08:57.579300,
REQ512821,/api/balance,549.7,503,2026-06-17 03:29:31.526943,
REQ512822,/api/kyc/verify,208.9,200,2026-04-19 18:25:50.229005,
REQ512823,/api/login,237.5,200,2026-03-20 23:53:14.333709,
REQ512824,/api/balance,321.9,500,2026-06-21 12:37:16.547602,
REQ512825,/api/login,11.1,200,2026-07-19 05:51:04.726985,
REQ512826,/api/login,253.9,200,2026-03-28 05:21:50.128138,
REQ512827,/api/balance,146.6,200,2026-05-28 18:22:17.962916,
REQ512828,/api/login,235.4,200,2026-04-08 20:45:46.357580,
REQ512829,/api/balance,746.3,200,2026-04-26 21:11:06.320823,
REQ512830,/api/beneficiary,246.1,200,2026-03-06 05:56:39.294676,
REQ512831,/api/login,40.8,200,2026-06-24 23:00:06.277397,
REQ512832,/api/balance,708.8,201,2026-04-06 13:41:26.137951,
REQ512833,/api/login,414.8,400,2026-08-17 14:50:58.558003,
REQ512834,/api/statement,437.4,200,2026-05-17 12:53:49.603143,
REQ512835,/api/transfer,198.2,200,2026-08-07 00:42:11.515451,
REQ512836,/api/kyc/verify,428.0,429,2026-05-14 21:59:00.188299,
REQ512837,/api/login,74.5,200,2026-06-14 15:47:46.306231,
REQ512838,/api/login,410.3,200,2026-07-26 18:03:23.545735,
REQ512839,/api/statement,128.3,200,2026-04-25 22:46:19.258425,
REQ512840,/api/kyc/verify,230.3,200,2026-08-14 11:19:21.229641,
REQ512841,/api/kyc/verify,331.4,200,2026-08-18 02:10:23.519962,
REQ512842,/api/login,530.3,200,2026-08-11 03:20:54.368915,
REQ512843,/api/balance,489.6,200,2026-07-06 02:07:18.715981,
REQ512844,/api/transfer,123.5,200,2026-06-09 14:24:58.090892,
REQ512845,/api/balance,419.4,200,2026-07-30 05:03:14.992409,
REQ512846,/api/balance,45.8,200,2026-05-16 20:14:54.983592,
REQ512847,/api/login,251.3,503,2026-08-06 05:33:42.097171,INC402457
REQ512848,/api/balance,237.8,200,2026-06-17 10:47:26.577558,
REQ512849,/api/transfer,330.4,200,2026-03-21 22:23:17.310887,
REQ512850,/api/balance,471.3,502,2026-08-17 05:19:25.075666,INC403875
REQ512851,/api/kyc/verify,348.5,401,2026-08-09 09:47:53.575662,
REQ512852,/api/balance,939.7,200,2026-08-13 00:15:07.682178,
REQ512853,/api/login,126.6,200,2026-08-18 02:29:47.293653,
REQ512854,/api/transfer,465.8,200,2026-07-26 20:42:58.782494,
REQ512855,/api/balance,204.2,429,2026-06-29 14:35:46.163458,
REQ512856,/api/beneficiary,222.9,200,2026-05-31 06:50:27.769036,
REQ512857,/api/balance,907.6,200,2026-05-02 13:46:06.469769,
REQ512858,/api/transfer,25.0,502,2026-04-16 07:58:42.586879,
REQ512859,/api/balance,447.8,200,2026-05-01 15:35:51.821151,
REQ512860,/api/login,879.5,200,2026-03-19 00:44:34.736240,
REQ512861,/api/balance,134.7,401,2026-06-05 23:18:12.552702,
REQ512862,/api/balance,237.1,401,2026-05-21 10:47:25.634359,
REQ512863,/api/beneficiary,541.1,500,2026-06-01 08:51:57.576634,INC408179
REQ512864,/api/balance,414.9,200,2026-04-04 00:55:03.611203,
REQ512865,/api/transfer,50.3,200,2026-02-25 15:11:54.693365,
REQ512866,/api/beneficiary,74.7,200,2026-06-29 09:54:49.515927,
REQ512867,/api/beneficiary,93.3,200,2026-06-17 01:08:18.245480,
REQ512868,/api/kyc/verify,842.7,200,2026-07-26 11:08:17.712367,
REQ512869,/api/login,671.2,200,2026-04-12 11:39:22.500655,
REQ512870,/api/kyc/verify,114.8,200,2026-08-15 20:24:14.171339,
REQ512871,/api/statement,139.6,200,2026-06-27 13:30:22.232447,
REQ512872,/api/login,211.7,200,2026-05-05 04:53:35.145200,
REQ512873,/api/statement,84.4,200,2026-06-22 01:11:36.993314,
REQ512874,/api/statement,218.7,200,2026-07-28 04:38:11.407501,
REQ512875,/api/statement,181.0,200,2026-07-25 04:59:37.274916,
REQ512876,/api/statement,414.6,200,2026-04-11 05:39:00.902165,
REQ512877,/api/transfer,72.1,400,2026-07-19 04:09:56.842044,
REQ512878,/api/balance,273.0,200,2026-04-22 20:43:06.116616,
REQ512879,/api/beneficiary,549.8,200,2026-07-22 15:52:07.247892,
REQ512880,/api/balance,116.9,200,2026-04-27 17:19:01.763249,
REQ512881,/api/transfer,377.1,200,2026-08-19 03:33:16.236109,
REQ512882,/api/kyc/verify,148.0,200,2026-07-05 02:05:28.754353,
REQ512883,/api/login,300.3,503,2026-05-23 00:42:43.734987,
REQ512884,/api/balance,259.9,200,2026-05-20 14:52:52.180756,
REQ512885,/api/statement,287.3,200,2026-05-15 13:06:36.229285,
REQ512886,/api/kyc/verify,86.2,200,2026-06-26 20:51:19.678410,
REQ512887,/api/login,265.8,200,2026-07-24 23:13:19.027209,
REQ512888,/api/transfer,502.3,201,2026-04-07 19:10:12.193147,
REQ512889,/api/statement,190.6,200,2026-05-30 02:00:56.917664,
REQ512890,/api/transfer,62.7,200,2026-05-24 20:07:42.678413,
REQ512891,/api/statement,171.3,200,2026-08-15 05:39:18.486238,
REQ512892,/api/balance,114.8,200,2026-03-19 00:05:41.939021,
REQ512893,/api/kyc/verify,466.7,200,2026-07-20 19:38:13.867993,
REQ512894,/api/balance,137.7,200,2026-05-18 23:10:56.849024,
REQ512895,/api/kyc/verify,208.5,200,2026-05-11 19:46:48.759823,
REQ512896,/api/balance,231.4,200,2026-05-26 01:00:05.719035,
REQ512897,/api/transfer,409.9,200,2026-04-19 18:16:22.223538,
REQ512898,/api/beneficiary,476.8,200,2026-03-19 10:22:34.332055,
REQ512899,/api/kyc/verify,439.5,200,2026-02-28 13:49:58.192889,
REQ512900,/api/kyc/verify,205.4,200,2026-05-03 22:13:32.118534,
REQ512901,/api/balance,637.9,200,2026-02-26 20:34:43.890282,
REQ512902,/api/statement,266.2,503,2026-05-09 02:49:13.594732,INC408456
REQ512903,/api/transfer,284.6,200,2026-06-02 20:36:57.001192,
REQ512904,/api/statement,272.2,400,2026-03-17 04:55:07.004720,
REQ512905,/api/transfer,409.5,200,2026-06-01 14:28:04.285986,
REQ512906,/api/balance,43.8,502,2026-03-18 18:53:45.088049,INC403430
REQ512907,/api/balance,458.4,400,2026-05-27 00:05:55.365609,
REQ512908,/api/beneficiary,139.0,200,2026-04-30 08:19:10.357763,
REQ512909,/api/login,36.6,200,2026-07-03 11:12:12.455514,
REQ512910,/api/login,953.7,200,2026-05-21 17:30:34.984887,
REQ512911,/api/transfer,402.6,200,2026-04-06 16:08:27.380611,
REQ512912,/api/kyc/verify,268.5,400,2026-03-12 05:27:14.363063,
REQ512913,/api/kyc/verify,222.0,200,2026-03-23 10:57:26.755614,
REQ512914,/api/statement,468.0,200,2026-07-10 04:51:04.403624,
REQ512915,/api/statement,264.2,200,2026-05-12 10:20:04.068186,
REQ512916,/api/balance,1153.2,200,2026-04-08 06:05:25.155261,
REQ512917,/api/transfer,210.0,200,2026-03-19 12:30:25.403327,
REQ512918,/api/login,122.4,200,2026-07-28 14:56:43.139444,
REQ512919,/api/statement,789.6,401,2026-04-30 21:45:19.164645,
REQ512920,/api/transfer,415.2,200,2026-06-30 18:12:38.510484,
REQ512921,/api/login,78.1,200,2026-03-23 11:18:42.905628,
REQ512922,/api/transfer,448.4,200,2026-05-13 13:44:32.675502,
REQ512923,/api/beneficiary,445.8,504,2026-04-02 12:36:25.462862,
REQ512924,/api/statement,96.6,200,2026-05-20 14:18:56.231665,
REQ512925,/api/kyc/verify,650.1,200,2026-06-13 23:44:44.073143,
REQ512926,/api/balance,85.9,200,2026-03-04 04:13:58.249650,
REQ512927,/api/transfer,183.7,201,2026-06-01 03:51:08.483164,
REQ512928,/api/login,302.8,200,2026-02-24 22:19:15.921030,
REQ512929,/api/balance,243.0,400,2026-03-18 01:39:20.249306,
REQ512930,/api/kyc/verify,292.6,200,2026-07-10 03:18:13.233568,
REQ512931,/api/kyc/verify,145.1,200,2026-07-12 04:26:37.257139,
REQ512932,/api/statement,359.1,200,2026-07-12 15:03:38.372972,
REQ512933,/api/beneficiary,363.2,200,2026-07-20 12:10:13.985550,
REQ512934,/api/balance,131.3,200,2026-05-06 20:14:39.710895,
REQ512935,/api/statement,222.6,200,2026-08-10 20:16:28.507218,
REQ512936,/api/statement,122.0,200,2026-06-29 07:09:45.448844,
REQ512937,/api/login,133.1,200,2026-04-23 12:00:14.871843,
REQ512938,/api/login,236.4,200,2026-05-02 22:39:32.823417,
REQ512939,/api/kyc/verify,251.1,200,2026-05-11 14:34:10.030310,
REQ512940,/api/login,359.5,200,2026-08-14 17:54:04.322911,
REQ512941,/api/statement,320.3,200,2026-03-16 06:17:39.118664,
REQ512942,/api/balance,266.6,200,2026-04-02 21:39:17.449315,
REQ512943,/api/balance,223.4,200,2026-06-14 16:18:58.645199,
REQ512944,/api/login,270.4,200,2026-08-11 20:36:30.425829,
REQ512945,/api/kyc/verify,144.0,200,2026-07-21 04:22:02.239002,
REQ512946,/api/balance,647.1,200,2026-03-17 10:34:48.873487,
REQ512947,/api/kyc/verify,54.0,200,2026-04-28 06:43:56.674372,
REQ512948,/api/balance,207.3,200,2026-05-28 00:50:29.282362,
REQ512949,/api/login,26.5,401,2026-03-01 20:01:07.987383,
REQ512950,/api/beneficiary,613.8,200,2026-06-01 22:22:42.612716,
REQ512951,/api/statement,466.9,200,2026-08-19 17:51:49.336778,
REQ512952,/api/balance,869.9,200,2026-06-25 18:19:15.286353,
REQ512953,/api/beneficiary,45.3,503,2026-04-26 09:00:58.724134,
REQ512954,/api/kyc/verify,534.3,200,2026-08-03 19:57:48.247903,
REQ512955,/api/statement,377.9,200,2026-05-08 14:06:40.804390,
REQ512956,/api/kyc/verify,100.1,200,2026-03-24 02:30:02.115787,
REQ512957,/api/statement,129.8,200,2026-03-16 04:36:32.406657,
REQ512958,/api/kyc/verify,155.6,201,2026-07-25 07:50:16.762032,
REQ512959,/api/statement,39.5,200,2026-05-29 23:55:43.958137,
REQ512960,/api/balance,51.1,200,2026-06-07 17:28:54.804900,
REQ512961,/api/balance,396.9,200,2026-03-12 04:01:04.316863,
REQ512962,/api/beneficiary,164.0,200,2026-04-05 16:44:44.274803,
REQ512963,/api/beneficiary,464.8,200,2026-02-28 17:40:22.188009,
REQ512964,/api/login,199.5,200,2026-06-02 19:59:37.342465,
REQ512965,/api/beneficiary,351.6,200,2026-03-06 00:24:52.558680,
REQ512966,/api/balance,360.6,200,2026-07-18 14:05:50.668277,
REQ512967,/api/beneficiary,675.2,200,2026-04-30 21:54:17.849920,
REQ512968,/api/transfer,147.6,200,2026-07-18 08:25:10.650875,
REQ512969,/api/beneficiary,285.7,200,2026-04-01 01:43:47.185013,
REQ512970,/api/kyc/verify,26.4,200,2026-04-22 08:06:45.246307,
REQ512971,/api/balance,155.3,200,2026-07-31 13:20:59.652294,
REQ512972,/api/kyc/verify,262.3,200,2026-07-15 02:47:08.498631,
REQ512973,/api/balance,69.3,200,2026-03-30 07:35:24.428973,
REQ512974,/api/transfer,432.6,200,2026-03-30 00:32:36.553696,
REQ512975,/api/kyc/verify,541.7,200,2026-05-10 09:12:29.455793,
REQ512976,/api/login,191.2,200,2026-06-08 10:56:11.398512,
REQ512977,/api/kyc/verify,69.0,200,2026-07-17 00:33:34.747125,
REQ512978,/api/balance,239.5,200,2026-04-07 13:40:28.369315,
REQ512979,/api/balance,357.5,200,2026-03-19 06:56:15.745496,
REQ512980,/api/balance,4761.7,200,2026-05-19 21:44:03.368591,
REQ512981,/api/transfer,219.0,200,2026-02-25 01:06:54.168029,
REQ512982,/api/transfer,335.9,200,2026-04-06 07:40:26.026721,
REQ512983,/api/kyc/verify,312.5,200,2026-04-15 04:41:18.490933,
REQ512984,/api/login,59.1,401,2026-05-09 16:28:27.201635,
REQ512985,/api/balance,280.5,429,2026-08-07 03:13:08.948430,
REQ512986,/api/transfer,25.9,200,2026-06-10 05:15:15.544277,
REQ512987,/api/balance,204.2,200,2026-04-07 22:52:39.160144,
REQ512988,/api/login,633.0,200,2026-04-10 10:46:06.512797,
REQ512989,/api/kyc/verify,183.0,200,2026-04-11 18:33:17.628636,
REQ512990,/api/balance,313.2,200,2026-05-22 12:22:38.464385,
REQ512991,/api/beneficiary,3698.1,200,2026-06-06 23:09:19.077257,
REQ512992,/api/statement,249.6,200,2026-07-06 07:54:27.242109,
REQ512993,/api/login,219.8,502,2026-03-13 07:40:57.288501,
REQ512994,/api/transfer,201.0,200,2026-03-29 03:33:15.369506,
REQ512995,/api/kyc/verify,357.3,200,2026-02-23 01:25:11.237171,
REQ512996,/api/kyc/verify,390.1,200,2026-03-25 20:08:54.165051,
REQ512997,/api/transfer,87.0,200,2026-04-17 23:29:00.880787,
REQ512998,/api/transfer,744.7,200,2026-03-09 22:21:15.360366,
REQ512999,/api/beneficiary,217.6,200,2026-03-31 14:35:19.853088,
REQ513000,/api/beneficiary,400.7,200,2026-02-22 12:50:49.193242,
REQ513001,/api/login,266.0,200,2026-04-13 19:32:44.630719,
REQ513002,/api/statement,224.7,200,2026-04-03 08:33:38.526476,
REQ513003,/api/kyc/verify,163.8,502,2026-07-13 18:21:31.772700,
REQ513004,/api/balance,140.9,200,2026-03-19 12:06:31.499833,
REQ513005,/api/beneficiary,268.7,200,2026-03-26 20:43:07.426373,
REQ513006,/api/transfer,559.9,200,2026-05-17 23:14:53.330433,
REQ513007,/api/beneficiary,385.2,200,2026-08-01 09:28:01.956137,
REQ513008,/api/beneficiary,651.7,200,2026-07-17 06:07:12.308690,
REQ513009,/api/statement,201.0,200,2026-06-30 20:26:24.340956,
REQ513010,/api/kyc/verify,439.2,200,2026-05-07 12:05:18.574989,
REQ513011,/api/balance,50.5,200,2026-07-01 11:51:12.264726,
REQ513012,/api/kyc/verify,328.8,200,2026-06-06 05:49:46.006653,
REQ513013,/api/beneficiary,343.9,200,2026-07-19 11:39:12.596238,
REQ513014,/api/login,50.9,200,2026-04-18 20:20:11.657834,
REQ513015,/api/kyc/verify,168.1,200,2026-04-14 20:02:12.795944,
REQ513016,/api/statement,418.3,200,2026-03-14 08:23:34.277095,
REQ513017,/api/statement,228.8,200,2026-05-18 01:38:32.429542,
REQ513018,/api/login,531.3,200,2026-03-01 16:37:59.688353,
REQ513019,/api/statement,364.4,200,2026-06-11 15:41:54.500187,
REQ513020,/api/transfer,304.6,200,2026-07-23 05:02:46.011288,
REQ513021,/api/beneficiary,302.8,429,2026-06-14 21:41:14.855916,
REQ513022,/api/transfer,215.3,200,2026-08-02 15:34:17.728815,
REQ513023,/api/kyc/verify,377.6,200,2026-04-04 10:40:06.028601,
REQ513024,/api/statement,199.4,200,2026-03-01 03:17:49.246485,
REQ513025,/api/login,423.7,200,2026-06-19 03:12:19.493892,
REQ513026,/api/statement,475.6,200,2026-04-24 18:33:54.424696,
REQ513027,/api/login,130.8,201,2026-06-16 07:54:28.111886,
REQ513028,/api/beneficiary,445.9,200,2026-02-21 18:22:49.769704,
REQ513029,/api/login,244.5,200,2026-07-10 07:19:53.403289,
REQ513030,/api/transfer,155.4,500,2026-06-25 15:18:35.026263,INC406835
REQ513031,/api/transfer,441.7,200,2026-06-19 14:35:29.936667,
REQ513032,/api/kyc/verify,141.1,500,2026-05-13 09:36:43.940024,INC409857
REQ513033,/api/balance,525.3,200,2026-02-21 23:49:58.779646,
REQ513034,/api/login,489.0,200,2026-02-27 21:57:37.487999,
REQ513035,/api/login,77.9,200,2026-03-27 11:59:17.072308,
REQ513036,/api/kyc/verify,138.3,200,2026-05-05 07:17:13.601480,
REQ513037,/api/login,594.2,200,2026-07-09 18:11:35.520852,
REQ513038,/api/balance,68.1,200,2026-08-15 11:29:25.278258,
REQ513039,/api/transfer,46.6,200,2026-08-11 20:48:33.833504,
REQ513040,/api/login,483.4,200,2026-05-15 16:16:48.184730,
REQ513041,/api/balance,131.5,200,2026-06-21 03:19:04.527268,
REQ513042,/api/balance,312.0,200,2026-04-08 06:54:26.388977,
REQ513043,/api/beneficiary,414.1,200,2026-03-14 10:12:25.400509,
REQ513044,/api/transfer,372.3,200,2026-06-04 02:28:16.242093,
REQ513045,/api/transfer,574.7,200,2026-04-30 20:54:56.157887,
REQ513046,/api/transfer,584.0,200,2026-02-26 04:37:57.740183,
REQ513047,/api/balance,185.3,429,2026-03-05 16:07:44.020631,
REQ513048,/api/beneficiary,133.0,201,2026-07-07 10:59:24.626358,
REQ513049,/api/balance,419.6,200,2026-07-12 15:57:57.004617,
REQ513050,/api/beneficiary,438.9,401,2026-04-03 02:34:56.066809,
REQ513051,/api/beneficiary,167.4,200,2026-05-12 09:43:31.100881,
REQ513052,/api/transfer,86.9,200,2026-03-20 03:17:01.392251,
REQ513053,/api/transfer,501.7,200,2026-07-20 21:30:35.041205,
REQ513054,/api/balance,340.7,200,2026-05-29 03:55:17.626003,
REQ513055,/api/login,159.1,200,2026-05-02 16:27:16.359686,
REQ513056,/api/login,348.6,200,2026-03-09 19:54:32.901073,
REQ513057,/api/balance,193.4,200,2026-03-18 19:33:07.091393,
REQ513058,/api/login,81.7,200,2026-04-29 16:03:50.764382,
REQ513059,/api/transfer,208.9,200,2026-08-13 07:41:21.374540,
REQ513060,/api/kyc/verify,799.3,200,2026-03-14 12:16:55.742189,
REQ513061,/api/balance,560.3,200,2026-07-15 19:52:22.028872,
REQ513062,/api/beneficiary,145.0,200,2026-05-06 18:20:33.476100,
REQ513063,/api/statement,220.6,200,2026-04-15 20:19:48.418277,
REQ513064,/api/kyc/verify,156.4,200,2026-05-26 09:42:40.492605,
REQ513065,/api/kyc/verify,7170.0,200,2026-04-29 01:51:17.880234,
REQ513066,/api/transfer,359.6,200,2026-03-19 17:28:47.514735,
REQ513067,/api/statement,115.5,200,2026-08-13 12:47:00.537612,
REQ513068,/api/beneficiary,316.9,200,2026-05-02 10:03:38.672718,
REQ513069,/api/kyc/verify,312.4,400,2026-04-01 07:09:21.793702,
REQ513070,/api/transfer,75.8,200,2026-07-01 01:10:21.103615,
REQ513071,/api/transfer,170.8,200,2026-07-25 22:57:37.722510,
REQ513072,/api/statement,128.9,200,2026-08-15 05:52:07.452721,
REQ513073,/api/statement,713.5,429,2026-03-07 03:03:09.029196,
REQ513074,/api/beneficiary,232.7,200,2026-06-26 14:14:58.185184,
REQ513075,/api/statement,528.9,200,2026-07-19 22:24:56.435104,
REQ513076,/api/transfer,186.7,401,2026-03-31 14:39:42.947355,
REQ513077,/api/statement,262.0,500,2026-06-10 06:18:21.633728,
REQ513078,/api/transfer,470.3,200,2026-03-31 01:12:10.534170,
REQ513079,/api/statement,163.0,200,2026-07-08 18:46:39.709026,
REQ513080,/api/statement,400.3,401,2026-04-19 11:11:36.479603,
REQ513081,/api/beneficiary,264.3,502,2026-03-17 02:59:06.688401,INC406551
REQ513082,/api/statement,215.1,200,2026-07-15 02:48:46.283132,
REQ513083,/api/kyc/verify,326.9,200,2026-04-20 20:40:34.497956,
REQ513084,/api/beneficiary,273.4,200,2026-06-07 09:18:43.859197,
REQ513085,/api/beneficiary,373.9,200,2026-03-22 04:13:18.866920,
REQ513086,/api/balance,181.1,200,2026-02-24 07:14:44.891490,
REQ513087,/api/login,546.2,200,2026-08-04 19:33:29.337280,
REQ513088,/api/beneficiary,358.9,200,2026-03-14 22:07:03.793038,
REQ513089,/api/balance,186.4,200,2026-05-10 23:47:34.879523,
REQ513090,/api/statement,172.0,200,2026-04-16 20:24:36.968429,
REQ513091,/api/login,154.1,201,2026-05-01 04:42:17.607155,
REQ513092,/api/transfer,136.1,200,2026-07-20 15:10:24.205124,
REQ513093,/api/beneficiary,219.7,200,2026-08-18 10:23:02.649334,
REQ513094,/api/transfer,431.5,200,2026-07-16 09:16:38.779958,
REQ513095,/api/kyc/verify,70.8,400,2026-06-23 19:23:54.204713,
REQ513096,/api/kyc/verify,389.5,200,2026-07-12 12:35:47.207913,
REQ513097,/api/balance,111.5,200,2026-08-11 10:02:23.728602,
REQ513098,/api/kyc/verify,429.1,200,2026-06-03 03:25:37.734033,
REQ513099,/api/transfer,293.5,200,2026-04-24 08:30:25.881707,
REQ513100,/api/transfer,272.8,200,2026-05-10 06:00:41.112841,
REQ513101,/api/balance,225.4,201,2026-06-18 11:07:52.080843,
REQ513102,/api/balance,466.8,200,2026-08-08 01:58:28.124296,
REQ513103,/api/beneficiary,450.4,200,2026-05-09 11:45:34.794288,
REQ513104,/api/balance,27.6,200,2026-03-04 07:51:02.320385,
REQ513105,/api/kyc/verify,881.0,200,2026-06-02 03:30:24.740545,
REQ513106,/api/transfer,334.0,200,2026-04-07 23:02:18.621062,
REQ513107,/api/transfer,225.6,200,2026-07-10 17:40:14.314954,
REQ513108,/api/statement,183.5,200,2026-08-12 06:16:22.327998,
REQ513109,/api/balance,720.4,200,2026-04-17 14:46:20.237334,
REQ513110,/api/login,198.5,504,2026-06-06 07:22:02.385510,INC404153
REQ513111,/api/kyc/verify,365.0,201,2026-08-02 00:27:03.572841,
REQ513112,/api/kyc/verify,958.7,200,2026-05-05 23:46:57.447690,
REQ513113,/api/beneficiary,762.1,200,2026-04-21 01:36:41.052637,
REQ513114,/api/transfer,70.9,200,2026-05-12 19:09:21.240620,
REQ513115,/api/balance,185.0,200,2026-06-15 07:39:20.394855,
REQ513116,/api/statement,103.6,200,2026-08-14 09:14:43.676264,
REQ513117,/api/balance,169.0,200,2026-04-15 21:37:40.283844,
REQ513118,/api/login,168.1,200,2026-04-20 04:27:22.906454,
REQ513119,/api/balance,386.7,200,2026-06-26 01:18:15.548513,
REQ513120,/api/balance,20.9,504,2026-04-16 21:42:34.932190,INC409211
REQ513121,/api/balance,190.2,200,2026-04-12 04:39:46.117196,
REQ513122,/api/beneficiary,286.3,200,2026-04-21 06:50:17.429656,
REQ513123,/api/statement,243.5,200,2026-06-24 03:32:42.049329,
REQ513124,/api/statement,181.5,200,2026-04-05 00:45:27.195113,
REQ513125,/api/login,466.6,200,2026-03-10 03:38:40.011329,
REQ513126,/api/kyc/verify,610.0,200,2026-05-11 23:21:44.307963,
REQ513127,/api/login,320.5,429,2026-05-06 12:47:07.440613,
REQ513128,/api/login,378.6,201,2026-08-16 06:36:09.112586,
REQ513129,/api/statement,243.8,200,2026-06-10 13:50:46.328449,
REQ513130,/api/login,34.7,500,2026-03-17 15:30:10.418239,
REQ513131,/api/login,28.3,200,2026-06-17 06:38:36.535483,
REQ513132,/api/balance,55.1,200,2026-03-19 12:25:15.759837,
REQ513133,/api/statement,143.9,200,2026-05-07 08:28:39.629891,
REQ513134,/api/balance,569.5,400,2026-05-23 04:48:24.005491,
REQ513135,/api/kyc/verify,416.9,200,2026-05-20 13:24:03.533555,
REQ513136,/api/statement,163.5,200,2026-05-05 07:44:13.044327,
REQ513137,/api/transfer,172.7,200,2026-08-09 11:45:33.059032,
REQ513138,/api/balance,326.1,400,2026-08-07 15:05:12.736129,
REQ513139,/api/transfer,323.2,200,2026-05-15 14:58:28.959670,
REQ513140,/api/beneficiary,116.8,200,2026-04-21 02:29:58.913949,
REQ513141,/api/kyc/verify,361.5,200,2026-02-23 11:22:50.761654,
REQ513142,/api/login,236.4,500,2026-03-07 18:49:04.011027,
REQ513143,/api/statement,696.3,200,2026-04-23 14:11:35.555232,
REQ513144,/api/statement,182.3,200,2026-02-27 21:17:27.240956,
REQ513145,/api/transfer,480.3,200,2026-03-06 17:48:13.545949,
REQ513146,/api/kyc/verify,242.2,200,2026-03-11 05:34:24.839181,
REQ513147,/api/transfer,146.7,200,2026-04-22 16:09:40.923044,
REQ513148,/api/beneficiary,254.5,201,2026-02-24 19:18:43.360767,
REQ513149,/api/kyc/verify,79.7,200,2026-02-24 13:51:35.715464,
REQ513150,/api/balance,154.4,200,2026-07-19 08:09:47.647810,
REQ513151,/api/beneficiary,250.2,200,2026-05-09 03:52:52.697184,
REQ513152,/api/transfer,89.5,401,2026-03-22 23:04:40.559228,
REQ513153,/api/transfer,450.3,200,2026-06-25 04:03:41.351343,
REQ513154,/api/login,68.5,200,2026-05-13 17:06:28.529059,
REQ513155,/api/login,4165.4,429,2026-04-21 09:04:36.455869,
REQ513156,/api/balance,382.7,200,2026-06-19 02:45:14.369982,
REQ513157,/api/balance,404.4,502,2026-06-14 09:05:05.555309,INC400042
REQ513158,/api/login,122.8,200,2026-05-24 15:40:19.860679,
REQ513159,/api/transfer,227.4,200,2026-08-17 15:12:03.997383,
REQ513160,/api/balance,91.0,200,2026-05-31 17:18:40.139046,
REQ513161,/api/transfer,277.0,200,2026-04-05 22:01:44.702360,
REQ513162,/api/beneficiary,219.0,502,2026-04-04 15:17:20.678039,
REQ513163,/api/beneficiary,77.1,502,2026-06-16 05:05:22.537937,INC407221
REQ513164,/api/balance,357.8,200,2026-07-27 16:51:05.915854,
REQ513165,/api/statement,300.5,200,2026-05-17 19:57:23.385009,
REQ513166,/api/balance,265.8,400,2026-05-26 22:20:34.936893,
REQ513167,/api/kyc/verify,192.2,200,2026-06-23 21:08:48.171813,
REQ513168,/api/balance,174.2,200,2026-04-10 21:36:44.434908,
REQ513169,/api/balance,137.9,200,2026-05-06 07:17:21.243557,
REQ513170,/api/kyc/verify,99.0,200,2026-03-09 19:39:22.628274,
REQ513171,/api/beneficiary,48.9,200,2026-04-17 03:04:59.277593,
REQ513172,/api/statement,165.0,200,2026-04-30 10:52:29.913506,
REQ513173,/api/login,404.1,200,2026-06-06 12:01:11.915345,
REQ513174,/api/balance,115.3,504,2026-07-25 21:54:00.697050,
REQ513175,/api/transfer,179.1,200,2026-03-14 13:37:40.553124,
REQ513176,/api/balance,117.9,200,2026-06-27 16:12:54.152020,
REQ513177,/api/kyc/verify,100.1,200,2026-06-14 09:15:49.387534,
REQ513178,/api/kyc/verify,368.3,200,2026-05-12 14:37:44.740380,
REQ513179,/api/transfer,171.1,200,2026-05-28 17:48:38.279936,
REQ513180,/api/login,600.5,200,2026-07-25 15:05:40.149467,
REQ513181,/api/login,244.0,200,2026-08-09 19:22:33.747636,
REQ513182,/api/kyc/verify,93.0,200,2026-07-28 03:43:34.060242,
REQ513183,/api/transfer,303.5,200,2026-03-16 09:10:12.564704,
REQ513184,/api/balance,54.5,200,2026-04-18 14:39:23.626660,
REQ513185,/api/transfer,467.4,200,2026-03-13 11:53:29.949325,
REQ513186,/api/statement,154.0,200,2026-04-24 00:18:17.511591,
REQ513187,/api/kyc/verify,111.0,200,2026-08-13 09:07:42.968188,
REQ513188,/api/balance,282.4,200,2026-07-12 10:48:18.345914,
REQ513189,/api/beneficiary,123.5,200,2026-03-25 08:03:08.010631,
REQ513190,/api/login,196.7,429,2026-06-11 14:51:54.569115,
REQ513191,/api/beneficiary,106.3,200,2026-06-17 06:21:58.238113,
REQ513192,/api/transfer,329.8,200,2026-02-24 11:55:28.481307,
REQ513193,/api/login,411.7,200,2026-07-02 19:49:05.156781,
REQ513194,/api/kyc/verify,556.1,200,2026-05-03 10:21:28.803228,
REQ513195,/api/login,123.0,200,2026-05-30 02:53:07.743752,
REQ513196,/api/transfer,241.5,401,2026-07-17 10:48:08.784439,
REQ513197,/api/kyc/verify,192.0,200,2026-05-28 01:42:18.730592,
REQ513198,/api/beneficiary,125.4,200,2026-03-21 07:55:02.064179,
REQ513199,/api/transfer,260.6,200,2026-06-07 12:08:14.097910,
REQ513200,/api/login,288.6,201,2026-06-13 02:33:11.807575,
REQ513201,/api/kyc/verify,148.2,200,2026-02-25 01:32:28.725230,
REQ513202,/api/statement,485.1,200,2026-04-09 10:22:30.918050,
REQ513203,/api/login,502.2,200,2026-03-26 09:32:15.479010,
REQ513204,/api/balance,119.4,200,2026-07-29 09:12:40.523718,
REQ513205,/api/balance,1070.9,200,2026-03-27 00:20:27.148137,
REQ513206,/api/statement,8423.2,200,2026-05-12 09:36:08.963166,
REQ513207,/api/transfer,561.3,200,2026-08-04 05:56:11.892421,
REQ513208,/api/kyc/verify,463.2,500,2026-05-17 12:34:34.565996,
REQ513209,/api/beneficiary,200.9,200,2026-08-02 09:34:00.356646,
REQ513210,/api/kyc/verify,417.8,502,2026-05-08 08:06:07.709678,INC401863
REQ513211,/api/beneficiary,1538.4,200,2026-07-07 23:15:22.258706,
REQ513212,/api/beneficiary,147.5,200,2026-08-08 07:29:56.699583,
REQ513213,/api/transfer,223.5,200,2026-04-01 23:27:56.662459,
REQ513214,/api/statement,306.0,500,2026-08-04 15:57:01.749760,INC408844
REQ513215,/api/transfer,948.0,200,2026-04-07 01:00:47.533407,
REQ513216,/api/login,588.5,200,2026-03-28 16:10:46.929842,
REQ513217,/api/balance,92.7,200,2026-04-22 17:32:02.950473,
REQ513218,/api/beneficiary,241.9,200,2026-07-11 18:30:51.990529,
REQ513219,/api/kyc/verify,155.2,200,2026-06-24 21:54:19.063455,
REQ513220,/api/statement,190.5,200,2026-04-01 04:08:30.379834,
REQ513221,/api/login,291.2,201,2026-06-26 13:39:35.602368,
REQ513222,/api/login,450.5,200,2026-02-28 23:03:11.763758,
REQ513223,/api/transfer,699.2,200,2026-07-08 13:04:17.286657,
REQ513224,/api/transfer,287.8,200,2026-05-04 08:00:24.778743,
REQ513225,/api/transfer,278.5,200,2026-03-22 20:27:12.759764,
REQ513226,/api/transfer,182.2,200,2026-05-31 17:51:41.949268,
REQ513227,/api/statement,247.2,200,2026-07-28 05:16:06.710034,
REQ513228,/api/kyc/verify,77.6,200,2026-03-24 06:08:17.210745,
REQ513229,/api/beneficiary,1105.7,200,2026-08-18 11:16:55.089263,
REQ513230,/api/transfer,22.7,503,2026-05-30 01:06:36.178879,
REQ513231,/api/login,217.8,200,2026-07-30 17:26:46.558653,
REQ513232,/api/kyc/verify,263.7,200,2026-06-11 05:10:02.339267,
REQ513233,/api/transfer,391.9,200,2026-05-17 19:38:13.819234,
REQ513234,/api/transfer,192.6,200,2026-06-19 03:16:40.681906,
REQ513235,/api/statement,58.9,502,2026-06-03 04:35:41.946395,INC401108
REQ513236,/api/kyc/verify,296.8,200,2026-05-13 12:16:41.270320,
REQ513237,/api/beneficiary,670.7,502,2026-03-14 08:34:21.666328,INC405441
REQ513238,/api/kyc/verify,820.2,200,2026-07-10 13:50:22.456743,
REQ513239,/api/transfer,416.6,200,2026-02-21 15:05:19.681395,
REQ513240,/api/statement,291.9,200,2026-02-22 14:59:08.058444,
REQ513241,/api/balance,381.1,200,2026-04-30 05:34:47.725298,
REQ513242,/api/transfer,61.1,503,2026-04-28 18:22:30.924733,INC402846
REQ513243,/api/balance,377.8,200,2026-06-25 23:53:23.909750,
REQ513244,/api/statement,233.4,200,2026-04-14 18:39:42.178227,
REQ513245,/api/statement,93.7,200,2026-07-15 17:30:11.522884,
REQ513246,/api/beneficiary,244.3,200,2026-05-15 23:25:09.391692,
REQ513247,/api/beneficiary,185.0,200,2026-07-28 18:38:04.410118,
REQ513248,/api/transfer,21.2,200,2026-04-11 19:21:58.939083,
REQ513249,/api/statement,500.2,200,2026-07-06 04:58:00.394605,
REQ513250,/api/beneficiary,165.4,200,2026-07-29 22:54:34.233055,
REQ513251,/api/transfer,138.8,200,2026-04-29 21:18:05.125667,
REQ513252,/api/login,112.5,201,2026-06-22 09:29:01.271640,
REQ513253,/api/balance,382.0,504,2026-04-29 17:45:15.169923,INC405534
REQ513254,/api/login,240.0,200,2026-08-16 10:49:20.423487,
REQ513255,/api/statement,72.1,200,2026-05-23 11:40:36.586442,
REQ513256,/api/transfer,339.3,200,2026-03-13 05:12:43.897914,
REQ513257,/api/balance,595.6,200,2026-04-27 09:29:59.378578,
REQ513258,/api/kyc/verify,247.4,200,2026-04-25 16:58:45.628499,
REQ513259,/api/statement,128.8,200,2026-03-22 12:26:47.748713,
REQ513260,/api/login,810.4,200,2026-05-13 23:48:30.603442,
REQ513261,/api/login,194.1,200,2026-05-14 10:06:01.281723,
REQ513262,/api/statement,80.7,200,2026-06-03 07:55:41.293202,
REQ513263,/api/balance,362.5,200,2026-07-31 16:40:10.059643,
REQ513264,/api/login,145.1,200,2026-08-05 04:08:35.214558,
REQ513265,/api/balance,280.5,200,2026-03-22 00:22:45.930930,
REQ513266,/api/balance,327.1,200,2026-04-02 20:45:12.640582,
REQ513267,/api/balance,84.0,200,2026-05-31 11:09:53.236978,
REQ513268,/api/beneficiary,297.4,200,2026-04-25 11:38:58.279503,
REQ513269,/api/balance,91.1,200,2026-03-03 14:52:38.007382,
REQ513270,/api/beneficiary,176.0,200,2026-02-27 20:58:26.233574,
REQ513271,/api/balance,168.9,200,2026-08-05 15:51:04.003103,
REQ513272,/api/login,141.9,200,2026-06-07 17:47:06.299910,
REQ513273,/api/balance,408.7,200,2026-05-13 07:30:53.313000,
REQ513274,/api/kyc/verify,770.5,200,2026-06-18 17:13:14.964587,
REQ513275,/api/beneficiary,113.7,200,2026-07-27 17:48:30.307712,
REQ513276,/api/login,257.2,401,2026-02-24 21:03:50.313653,
REQ513277,/api/login,64.0,502,2026-07-30 06:01:18.103479,
REQ513278,/api/login,235.7,400,2026-03-14 15:53:24.085211,
REQ513279,/api/login,116.9,200,2026-02-24 18:55:04.283494,
REQ513280,/api/login,645.4,200,2026-03-11 02:09:19.547656,
REQ513281,/api/statement,534.0,200,2026-07-16 19:16:55.858132,
REQ513282,/api/login,64.6,200,2026-04-08 21:58:48.189354,
REQ513283,/api/login,241.4,200,2026-08-16 11:31:49.737864,
REQ513284,/api/kyc/verify,422.1,200,2026-04-01 06:58:48.393977,
REQ513285,/api/transfer,211.3,200,2026-08-01 11:08:25.747845,
REQ513286,/api/balance,511.2,200,2026-04-24 01:15:31.829749,
REQ513287,/api/beneficiary,483.2,200,2026-03-26 02:07:29.580077,
REQ513288,/api/kyc/verify,269.3,200,2026-05-19 19:46:22.088187,
REQ513289,/api/statement,300.4,200,2026-07-13 23:02:32.202068,
REQ513290,/api/balance,197.4,200,2026-06-05 01:29:29.645173,
REQ513291,/api/login,556.3,200,2026-03-26 07:12:18.073368,
REQ513292,/api/transfer,150.6,200,2026-03-01 14:36:56.038965,
REQ513293,/api/kyc/verify,122.1,200,2026-05-05 22:29:15.008128,
REQ513294,/api/balance,201.4,200,2026-07-06 20:53:41.112105,
REQ513295,/api/statement,323.7,200,2026-04-11 01:41:03.817323,
REQ513296,/api/beneficiary,362.6,200,2026-07-03 06:51:04.250291,
REQ513297,/api/transfer,74.0,200,2026-03-30 16:01:28.989090,
REQ513298,/api/kyc/verify,197.9,200,2026-06-14 10:42:05.467403,
REQ513299,/api/balance,246.6,201,2026-07-11 04:25:25.911009,
REQ513300,/api/kyc/verify,119.5,200,2026-05-22 14:16:45.285428,
REQ513301,/api/kyc/verify,455.9,200,2026-05-13 20:40:09.317799,
REQ513302,/api/transfer,972.1,200,2026-04-26 23:00:09.876569,
REQ513303,/api/login,105.9,200,2026-05-23 11:20:36.591525,
REQ513304,/api/kyc/verify,199.5,200,2026-07-07 04:02:08.641104,
REQ513305,/api/beneficiary,213.1,200,2026-03-09 07:23:01.467087,
REQ513306,/api/transfer,549.9,200,2026-05-14 03:14:57.237210,
REQ513307,/api/transfer,29.7,504,2026-07-28 22:17:16.681665,
REQ513308,/api/transfer,251.5,200,2026-08-17 05:34:51.619965,
REQ513309,/api/transfer,254.0,429,2026-03-12 14:12:05.977321,
REQ513310,/api/balance,905.3,200,2026-07-10 06:36:27.209005,
REQ513311,/api/beneficiary,186.0,200,2026-07-23 15:31:43.619354,
REQ513312,/api/beneficiary,559.4,200,2026-03-17 03:26:50.462691,
REQ513313,/api/beneficiary,696.8,200,2026-03-21 07:32:28.399705,
REQ513314,/api/login,392.6,200,2026-06-15 00:41:43.415506,
REQ513315,/api/beneficiary,88.5,200,2026-06-21 18:22:32.394291,
REQ513316,/api/balance,531.5,200,2026-05-28 20:16:07.039350,
REQ513317,/api/transfer,434.4,200,2026-07-18 09:33:39.799622,
REQ513318,/api/transfer,101.5,200,2026-05-17 15:09:40.297048,
REQ513319,/api/beneficiary,396.4,200,2026-07-13 06:00:26.817990,
REQ513320,/api/statement,116.8,200,2026-03-17 15:00:42.171604,
REQ513321,/api/login,257.7,200,2026-06-07 18:45:27.301181,
REQ513322,/api/statement,1196.9,200,2026-05-11 16:29:20.472800,
REQ513323,/api/login,304.2,500,2026-03-22 02:33:03.247257,INC406565
REQ513324,/api/statement,59.3,200,2026-05-30 23:53:15.684464,
REQ513325,/api/kyc/verify,546.3,200,2026-03-27 12:54:18.600758,
REQ513326,/api/balance,878.8,504,2026-05-19 10:06:28.424990,
REQ513327,/api/balance,613.2,201,2026-06-17 19:32:34.746198,
REQ513328,/api/statement,121.4,200,2026-03-10 23:45:52.734410,
REQ513329,/api/balance,167.4,200,2026-07-21 23:20:06.417893,
REQ513330,/api/beneficiary,8239.7,200,2026-03-03 01:52:25.071099,
REQ513331,/api/kyc/verify,949.3,502,2026-02-28 04:03:32.087299,INC407248
REQ513332,/api/balance,256.1,503,2026-08-09 04:12:27.946722,
REQ513333,/api/balance,80.7,200,2026-05-22 06:59:47.939674,
REQ513334,/api/balance,98.4,504,2026-04-09 19:23:03.076053,INC409355
REQ513335,/api/balance,570.2,200,2026-04-10 09:08:01.314978,
REQ513336,/api/beneficiary,3035.3,200,2026-07-09 06:13:39.629281,
REQ513337,/api/login,317.1,200,2026-08-09 11:02:08.046768,
REQ513338,/api/balance,293.9,200,2026-03-26 16:36:20.625169,
REQ513339,/api/login,161.9,200,2026-08-19 23:56:13.747132,
REQ513340,/api/login,209.9,200,2026-06-22 06:51:49.598242,
REQ513341,/api/login,128.9,401,2026-07-09 01:36:49.926208,
REQ513342,/api/balance,166.4,200,2026-08-06 20:49:52.969713,
REQ513343,/api/kyc/verify,128.7,200,2026-06-12 21:30:56.956156,
REQ513344,/api/statement,148.7,200,2026-07-28 06:59:38.807412,
REQ513345,/api/balance,77.3,200,2026-05-31 08:07:22.508907,
REQ513346,/api/statement,127.7,200,2026-04-24 14:45:14.250907,
REQ513347,/api/kyc/verify,130.9,200,2026-08-07 11:57:39.265387,
REQ513348,/api/transfer,3637.4,200,2026-03-28 13:37:11.433510,
REQ513349,/api/login,392.6,200,2026-04-04 16:11:25.375967,
REQ513350,/api/statement,223.1,200,2026-07-16 07:08:20.590883,
REQ513351,/api/beneficiary,189.5,200,2026-07-18 14:36:54.772295,
REQ513352,/api/transfer,266.3,201,2026-06-23 09:07:21.901452,
REQ513353,/api/kyc/verify,99.2,200,2026-08-09 04:57:35.201011,
REQ513354,/api/transfer,540.9,200,2026-07-03 10:21:59.249016,
REQ513355,/api/beneficiary,67.2,200,2026-08-09 15:28:12.108615,
REQ513356,/api/statement,129.6,200,2026-05-09 14:00:29.703236,
REQ513357,/api/kyc/verify,588.6,201,2026-03-19 19:57:41.343929,
REQ513358,/api/balance,54.1,200,2026-08-01 04:47:00.232104,
REQ513359,/api/login,103.2,200,2026-06-11 09:25:18.332878,
REQ513360,/api/transfer,428.9,401,2026-05-25 11:52:17.352224,
REQ513361,/api/beneficiary,203.8,200,2026-07-26 09:41:37.821166,
REQ513362,/api/statement,216.1,502,2026-03-24 13:24:06.289200,
REQ513363,/api/balance,273.1,200,2026-04-07 11:49:20.048862,
REQ513364,/api/kyc/verify,253.1,200,2026-05-21 19:09:19.718573,
REQ513365,/api/login,129.4,429,2026-02-24 23:10:39.033198,
REQ513366,/api/kyc/verify,167.1,200,2026-03-07 12:11:43.871515,
REQ513367,/api/beneficiary,210.9,200,2026-06-27 00:58:48.349911,
REQ513368,/api/kyc/verify,175.6,200,2026-05-18 03:27:52.227241,
REQ513369,/api/kyc/verify,120.8,504,2026-03-20 17:04:46.981448,INC407954
REQ513370,/api/transfer,265.5,502,2026-03-02 06:20:14.468280,INC409113
REQ513371,/api/login,644.4,200,2026-06-06 09:23:39.619375,
REQ513372,/api/kyc/verify,409.2,200,2026-02-26 23:20:41.277248,
REQ513373,/api/beneficiary,863.9,200,2026-08-04 06:57:21.215016,
REQ513374,/api/balance,542.3,200,2026-03-12 16:08:10.709442,
REQ513375,/api/beneficiary,359.8,200,2026-08-04 19:50:53.377739,
REQ513376,/api/login,148.6,200,2026-04-28 07:46:07.686398,
REQ513377,/api/kyc/verify,303.6,200,2026-06-30 23:05:36.695288,
REQ513378,/api/balance,598.9,200,2026-06-01 08:10:29.186733,
REQ513379,/api/beneficiary,92.0,200,2026-07-01 03:09:42.060900,
REQ513380,/api/transfer,318.2,200,2026-03-05 15:36:23.236607,
REQ513381,/api/login,131.2,200,2026-04-01 12:27:44.789252,
REQ513382,/api/balance,314.3,200,2026-05-07 15:12:16.338122,
REQ513383,/api/transfer,149.2,200,2026-07-01 20:18:59.074604,
REQ513384,/api/beneficiary,294.0,504,2026-03-02 04:16:23.605536,
REQ513385,/api/login,641.0,200,2026-05-23 02:52:03.434425,
REQ513386,/api/transfer,241.2,200,2026-05-26 18:52:36.531929,
REQ513387,/api/kyc/verify,255.5,500,2026-08-05 20:37:32.743002,
REQ513388,/api/login,133.7,401,2026-07-19 07:58:37.527415,
REQ513389,/api/kyc/verify,30.5,201,2026-07-20 16:47:18.949220,
REQ513390,/api/statement,69.1,200,2026-06-24 20:29:39.241905,
REQ513391,/api/balance,92.6,200,2026-06-23 06:31:44.900942,
REQ513392,/api/beneficiary,569.9,200,2026-07-12 21:52:37.438796,
REQ513393,/api/beneficiary,111.7,200,2026-07-23 16:03:38.666653,
REQ513394,/api/kyc/verify,188.2,200,2026-03-02 15:25:48.630345,
REQ513395,/api/beneficiary,4689.6,401,2026-03-24 14:36:06.032008,
REQ513396,/api/beneficiary,478.0,201,2026-04-20 11:56:00.807288,
REQ513397,/api/statement,193.4,200,2026-03-13 18:51:13.636685,
REQ513398,/api/login,70.1,200,2026-02-27 06:45:17.908251,
REQ513399,/api/statement,634.6,200,2026-04-20 07:53:36.809227,
REQ513400,/api/transfer,188.7,200,2026-05-09 02:37:38.661825,
REQ513401,/api/balance,59.0,200,2026-06-29 16:28:04.474544,
REQ513402,/api/transfer,705.9,200,2026-08-08 15:36:31.770999,
REQ513403,/api/beneficiary,18.9,200,2026-07-29 15:03:32.233188,
REQ513404,/api/statement,57.0,200,2026-08-05 00:55:32.969152,
REQ513405,/api/balance,272.4,200,2026-04-24 21:46:30.521201,
REQ513406,/api/transfer,69.0,200,2026-05-28 07:18:12.685888,
REQ513407,/api/login,71.5,500,2026-06-23 03:47:45.693977,INC403112
REQ513408,/api/beneficiary,86.4,200,2026-03-24 11:27:40.006340,
REQ513409,/api/statement,453.5,200,2026-08-19 22:14:46.575151,
REQ513410,/api/balance,317.9,200,2026-04-14 19:18:53.599397,
REQ513411,/api/statement,112.3,200,2026-07-14 09:08:47.739151,
REQ513412,/api/balance,172.0,200,2026-06-08 00:46:39.972697,
REQ513413,/api/beneficiary,42.9,200,2026-05-25 22:47:50.772698,
REQ513414,/api/kyc/verify,449.8,502,2026-03-26 14:36:58.759809,
REQ513415,/api/transfer,70.0,200,2026-05-08 06:11:40.803416,
REQ513416,/api/beneficiary,368.5,200,2026-04-21 08:09:33.354223,
REQ513417,/api/transfer,597.0,429,2026-06-24 07:15:41.445979,
REQ513418,/api/transfer,141.0,200,2026-03-16 15:11:53.832152,
REQ513419,/api/balance,165.8,200,2026-08-02 20:13:01.734728,
REQ513420,/api/statement,266.5,200,2026-04-10 16:53:49.582095,
REQ513421,/api/kyc/verify,473.7,201,2026-04-06 00:13:29.505508,
REQ513422,/api/transfer,107.6,200,2026-04-03 15:56:22.070007,
REQ513423,/api/login,322.0,200,2026-03-11 00:37:23.171373,
REQ513424,/api/login,551.1,200,2026-04-28 19:03:42.113962,
REQ513425,/api/login,321.4,504,2026-07-14 02:01:44.036783,
REQ513426,/api/statement,397.8,200,2026-07-10 07:04:08.757954,
REQ513427,/api/beneficiary,344.9,200,2026-03-12 06:38:27.033899,
REQ513428,/api/login,125.3,200,2026-03-15 06:21:25.175913,
REQ513429,/api/transfer,124.5,503,2026-06-12 19:41:52.745892,
REQ513430,/api/transfer,834.0,200,2026-02-24 10:04:29.201803,
REQ513431,/api/login,307.1,200,2026-02-23 02:32:35.065687,
REQ513432,/api/beneficiary,211.3,200,2026-03-09 19:19:18.353680,
REQ513433,/api/login,56.0,502,2026-06-20 20:35:22.490019,INC402801
REQ513434,/api/beneficiary,16.7,429,2026-07-07 20:33:53.744902,
REQ513435,/api/kyc/verify,138.1,200,2026-05-06 06:22:45.492187,
REQ513436,/api/login,292.1,200,2026-08-17 15:38:01.078459,
REQ513437,/api/login,184.4,200,2026-06-18 10:20:38.261779,
REQ513438,/api/balance,75.1,200,2026-02-22 01:03:41.541614,
REQ513439,/api/kyc/verify,148.1,500,2026-05-02 05:51:03.815869,INC406839
REQ513440,/api/balance,206.1,200,2026-06-21 19:15:30.269607,
REQ513441,/api/statement,213.4,503,2026-07-23 14:04:08.241808,
REQ513442,/api/beneficiary,223.1,200,2026-08-15 08:24:48.849253,
REQ513443,/api/transfer,261.9,200,2026-06-12 04:22:40.280532,
REQ513444,/api/login,738.9,200,2026-07-13 16:20:59.128472,
REQ513445,/api/statement,105.0,504,2026-04-06 09:11:40.745111,INC403134
REQ513446,/api/beneficiary,161.8,200,2026-06-11 22:53:08.911518,
REQ513447,/api/statement,194.4,200,2026-03-26 17:33:11.688048,
REQ513448,/api/balance,3598.7,200,2026-04-06 07:28:57.066209,
REQ513449,/api/kyc/verify,66.1,200,2026-07-23 14:18:59.323867,
REQ513450,/api/login,422.0,200,2026-03-04 19:35:27.436479,
REQ513451,/api/balance,241.4,200,2026-05-06 08:10:50.411526,
REQ513452,/api/balance,249.0,200,2026-04-13 08:05:24.409522,
REQ513453,/api/statement,92.7,200,2026-07-07 13:58:09.640030,
REQ513454,/api/statement,892.4,200,2026-03-24 17:42:28.899991,
REQ513455,/api/kyc/verify,302.6,200,2026-04-19 16:51:35.939435,
REQ513456,/api/login,287.9,200,2026-07-24 02:01:55.720701,
REQ513457,/api/login,48.7,200,2026-06-04 02:51:43.586924,
REQ513458,/api/transfer,619.6,200,2026-06-11 23:18:53.527113,
REQ513459,/api/balance,38.3,200,2026-05-11 05:17:50.324103,
REQ513460,/api/login,126.1,200,2026-08-18 17:38:29.707261,
REQ513461,/api/balance,292.3,200,2026-07-31 03:54:04.463639,
REQ513462,/api/beneficiary,202.1,200,2026-03-31 03:53:19.720764,
REQ513463,/api/kyc/verify,199.1,200,2026-04-15 08:07:17.315345,
REQ513464,/api/kyc/verify,778.5,200,2026-07-14 23:41:13.038529,
REQ513465,/api/login,63.1,200,2026-05-09 14:49:08.931884,
REQ513466,/api/transfer,452.0,200,2026-02-27 03:34:12.594901,
REQ513467,/api/kyc/verify,176.0,200,2026-05-04 08:33:29.121544,
REQ513468,/api/balance,226.3,200,2026-04-15 07:44:20.171596,
REQ513469,/api/balance,137.9,200,2026-07-01 22:57:49.377264,
REQ513470,/api/beneficiary,236.2,200,2026-07-18 09:14:42.576627,
REQ513471,/api/beneficiary,226.9,200,2026-06-02 16:08:47.682272,
REQ513472,/api/transfer,283.3,200,2026-03-02 16:53:50.865450,
REQ513473,/api/kyc/verify,135.5,200,2026-03-25 19:03:10.290622,
REQ513474,/api/transfer,877.1,200,2026-08-02 21:05:53.700388,
REQ513475,/api/beneficiary,315.9,200,2026-03-18 04:29:04.833730,
REQ513476,/api/balance,410.9,200,2026-03-30 02:00:55.497664,
REQ513477,/api/kyc/verify,1181.4,200,2026-06-13 08:47:03.804933,
REQ513478,/api/kyc/verify,628.6,200,2026-08-18 12:20:59.317172,
REQ513479,/api/statement,73.0,200,2026-04-06 17:05:49.931689,
REQ513480,/api/statement,3649.8,200,2026-06-12 07:28:13.705680,
REQ513481,/api/kyc/verify,352.5,200,2026-08-15 10:17:31.950756,
REQ513482,/api/login,416.0,504,2026-03-10 05:26:49.149985,INC406068
REQ513483,/api/kyc/verify,114.9,500,2026-08-10 12:41:01.898753,
REQ513484,/api/login,42.1,200,2026-05-22 15:58:17.403064,
REQ513485,/api/balance,203.8,200,2026-05-16 13:01:50.986627,
REQ513486,/api/kyc/verify,449.2,500,2026-03-01 23:13:36.325708,INC406416
REQ513487,/api/statement,42.0,200,2026-06-21 08:03:38.208094,
REQ513488,/api/transfer,86.9,200,2026-04-01 21:06:52.559767,
REQ513489,/api/statement,517.5,200,2026-03-27 10:29:48.412070,
REQ513490,/api/balance,231.5,200,2026-06-16 12:53:52.103025,
REQ513491,/api/login,594.0,200,2026-03-18 00:59:20.552501,
REQ513492,/api/statement,547.0,200,2026-08-11 09:06:52.957393,
REQ513493,/api/beneficiary,623.5,200,2026-08-17 15:54:52.080920,
REQ513494,/api/statement,143.5,200,2026-04-28 01:30:44.787381,
REQ513495,/api/balance,405.1,200,2026-05-21 01:48:09.577366,
REQ513496,/api/balance,255.4,200,2026-04-15 11:15:38.022329,
REQ513497,/api/transfer,195.1,201,2026-03-03 22:17:44.904984,
REQ513498,/api/balance,52.3,400,2026-05-05 08:14:51.309906,
REQ513499,/api/beneficiary,36.0,200,2026-07-11 12:35:43.441808,
REQ513500,/api/balance,157.7,200,2026-03-20 16:37:30.286353,
REQ513501,/api/balance,301.9,201,2026-08-05 12:19:47.639692,
REQ513502,/api/beneficiary,511.7,200,2026-03-27 04:46:09.318597,
REQ513503,/api/transfer,154.4,200,2026-02-24 22:43:21.584175,
REQ513504,/api/beneficiary,255.6,200,2026-07-20 01:55:09.855056,
REQ513505,/api/statement,32.5,200,2026-04-28 18:48:36.849590,
REQ513506,/api/login,569.8,200,2026-06-20 17:18:19.018868,
REQ513507,/api/balance,256.3,200,2026-02-22 05:04:52.190319,
REQ513508,/api/login,221.2,200,2026-07-10 16:12:45.702139,
REQ513509,/api/balance,105.2,201,2026-06-20 19:15:46.342034,
REQ513510,/api/beneficiary,485.0,200,2026-05-19 13:42:38.111235,
REQ513511,/api/kyc/verify,654.9,200,2026-04-13 22:37:45.557303,
REQ513512,/api/balance,421.0,200,2026-04-26 05:20:47.918286,
REQ513513,/api/login,330.3,400,2026-05-06 23:53:46.330543,
REQ513514,/api/transfer,624.1,401,2026-07-09 00:11:16.260118,
REQ513515,/api/login,153.7,503,2026-06-24 14:56:52.577484,INC402295
REQ513516,/api/login,581.7,200,2026-06-25 23:47:16.504391,
REQ513517,/api/balance,21.5,500,2026-04-01 19:31:36.195480,INC409578
REQ513518,/api/beneficiary,6940.5,400,2026-06-07 16:22:59.145177,
REQ513519,/api/login,684.8,200,2026-03-30 15:18:59.205020,
REQ513520,/api/transfer,534.5,200,2026-05-26 17:20:21.415970,
REQ513521,/api/beneficiary,295.1,200,2026-08-13 04:53:41.105134,
REQ513522,/api/statement,491.1,200,2026-08-11 23:53:37.265049,
REQ513523,/api/balance,35.4,200,2026-03-20 10:31:38.425112,
REQ513524,/api/transfer,281.5,200,2026-08-19 16:36:36.373366,
REQ513525,/api/transfer,175.7,200,2026-07-22 01:21:01.669893,
REQ513526,/api/statement,151.0,200,2026-03-14 13:30:19.588070,
REQ513527,/api/kyc/verify,409.3,200,2026-06-12 08:51:00.274653,
REQ513528,/api/transfer,346.6,200,2026-03-11 06:54:16.943145,
REQ513529,/api/balance,85.0,200,2026-05-21 05:39:44.477777,
REQ513530,/api/kyc/verify,119.4,200,2026-08-16 18:12:45.125093,
REQ513531,/api/kyc/verify,319.7,200,2026-08-07 13:36:32.656566,
REQ513532,/api/balance,133.3,200,2026-07-30 08:50:35.507593,
REQ513533,/api/beneficiary,47.4,200,2026-08-03 07:18:12.300204,
REQ513534,/api/login,167.1,429,2026-02-21 08:17:15.178368,
REQ513535,/api/beneficiary,94.7,500,2026-08-15 20:03:10.846651,
REQ513536,/api/statement,594.4,200,2026-07-15 20:12:53.151489,
REQ513537,/api/login,203.5,200,2026-05-22 09:32:58.135893,
REQ513538,/api/kyc/verify,82.4,200,2026-03-02 13:11:36.485395,
REQ513539,/api/beneficiary,262.4,200,2026-03-25 12:02:18.643336,
REQ513540,/api/beneficiary,301.3,200,2026-07-16 17:12:01.655471,
REQ513541,/api/beneficiary,148.2,200,2026-07-18 07:22:36.570055,
REQ513542,/api/statement,561.2,200,2026-06-16 10:53:28.656379,
REQ513543,/api/transfer,169.8,200,2026-08-06 14:30:10.962284,
REQ513544,/api/transfer,256.1,200,2026-04-19 12:13:20.991539,
REQ513545,/api/balance,153.7,200,2026-06-21 22:35:21.445613,
REQ513546,/api/login,104.6,200,2026-02-23 15:33:07.372887,
REQ513547,/api/transfer,79.0,429,2026-04-28 04:17:09.701644,
REQ513548,/api/transfer,184.1,200,2026-08-18 05:18:52.414293,
REQ513549,/api/transfer,554.3,200,2026-04-13 08:01:04.552775,
REQ513550,/api/beneficiary,193.6,200,2026-02-22 16:36:25.689558,
REQ513551,/api/statement,251.4,200,2026-03-01 12:34:37.564143,
REQ513552,/api/statement,373.3,200,2026-07-26 02:33:21.948945,
REQ513553,/api/login,329.3,200,2026-08-06 06:10:03.895763,
REQ513554,/api/statement,454.9,200,2026-06-24 14:52:11.294577,
REQ513555,/api/login,206.5,502,2026-05-14 05:16:01.116138,INC401181
REQ513556,/api/statement,243.9,200,2026-06-07 17:56:07.228123,
REQ513557,/api/transfer,338.4,200,2026-04-21 17:27:34.514782,
REQ513558,/api/login,95.9,200,2026-06-07 10:09:55.541940,
REQ513559,/api/beneficiary,118.7,200,2026-03-18 14:35:04.920160,
REQ513560,/api/login,1397.3,200,2026-07-07 15:16:50.854847,
REQ513561,/api/login,92.0,200,2026-04-14 10:56:01.237463,
REQ513562,/api/login,622.5,200,2026-04-21 11:10:08.993503,
REQ513563,/api/transfer,579.9,200,2026-04-14 01:55:17.921564,
REQ513564,/api/statement,61.2,200,2026-05-18 20:16:16.035942,
REQ513565,/api/kyc/verify,171.5,200,2026-03-29 12:02:30.053732,
REQ513566,/api/statement,314.3,502,2026-06-22 14:38:57.421202,
REQ513567,/api/login,346.1,200,2026-03-30 13:13:33.752189,
REQ513568,/api/statement,51.2,200,2026-04-10 23:28:09.246755,
REQ513569,/api/kyc/verify,286.7,200,2026-05-18 23:53:55.193282,
REQ513570,/api/statement,368.7,200,2026-04-05 09:50:55.789896,
REQ513571,/api/beneficiary,443.1,200,2026-07-05 02:28:40.333064,
REQ513572,/api/beneficiary,302.5,200,2026-05-07 12:53:00.322038,
REQ513573,/api/balance,708.3,200,2026-06-29 21:17:45.160441,
REQ513574,/api/statement,530.0,200,2026-05-29 09:28:22.326386,
REQ513575,/api/statement,136.3,502,2026-08-05 01:16:45.943710,
REQ513576,/api/beneficiary,123.3,200,2026-08-19 04:55:01.629032,
REQ513577,/api/login,558.0,200,2026-05-25 13:35:34.623342,
REQ513578,/api/login,779.8,200,2026-07-04 00:46:17.208636,
REQ513579,/api/balance,120.8,200,2026-05-21 00:37:58.583940,
REQ513580,/api/login,148.1,400,2026-08-13 01:17:20.510366,
REQ513581,/api/beneficiary,416.4,200,2026-06-24 09:08:55.368018,
REQ513582,/api/beneficiary,140.8,200,2026-06-29 11:11:26.634127,
REQ513583,/api/balance,578.1,200,2026-04-29 09:24:21.401376,
REQ513584,/api/login,377.0,200,2026-08-05 12:48:47.360497,
REQ513585,/api/kyc/verify,569.5,200,2026-03-20 04:07:03.220724,
REQ513586,/api/login,451.7,200,2026-04-13 15:36:08.976599,
REQ513587,/api/login,903.0,200,2026-06-16 05:26:33.781920,
REQ513588,/api/login,502.7,200,2026-04-02 21:10:52.035086,
REQ513589,/api/login,182.3,200,2026-07-29 15:59:17.777909,
REQ513590,/api/beneficiary,800.3,200,2026-05-13 20:35:15.235981,
REQ513591,/api/balance,359.0,200,2026-05-29 14:28:15.335243,
REQ513592,/api/kyc/verify,478.5,429,2026-04-10 11:18:53.021673,
REQ513593,/api/statement,357.1,200,2026-06-20 04:59:08.157551,
REQ513594,/api/balance,292.0,200,2026-07-27 19:20:37.492432,
REQ513595,/api/transfer,375.1,200,2026-06-30 12:24:26.888983,
REQ513596,/api/balance,228.1,200,2026-06-28 22:12:43.784111,
REQ513597,/api/transfer,243.7,200,2026-06-01 23:11:04.459042,
REQ513598,/api/statement,271.5,200,2026-03-11 14:31:05.276083,
REQ513599,/api/kyc/verify,636.5,200,2026-04-13 13:30:50.930124,
REQ513600,/api/kyc/verify,620.4,200,2026-07-26 08:14:24.743525,
REQ513601,/api/balance,260.3,200,2026-06-28 03:19:52.502899,
REQ513602,/api/kyc/verify,239.0,200,2026-07-19 18:09:25.592468,
REQ513603,/api/login,325.9,200,2026-04-25 00:15:04.205649,
REQ513604,/api/balance,525.5,200,2026-04-11 11:06:42.943457,
REQ513605,/api/beneficiary,133.8,200,2026-05-23 06:01:01.560876,
REQ513606,/api/statement,111.8,200,2026-08-06 01:22:12.118486,
REQ513607,/api/beneficiary,143.0,200,2026-04-30 17:23:01.659364,
REQ513608,/api/balance,142.8,400,2026-05-27 03:34:57.067746,
REQ513609,/api/beneficiary,217.3,200,2026-05-08 03:41:39.453066,
REQ513610,/api/login,573.4,200,2026-05-01 22:58:13.902446,
REQ513611,/api/balance,333.7,200,2026-04-03 11:00:04.359515,
REQ513612,/api/statement,239.7,504,2026-05-16 10:13:41.586427,INC402230
REQ513613,/api/balance,697.9,200,2026-06-27 15:53:02.748524,
REQ513614,/api/login,699.7,200,2026-05-31 16:08:51.334489,
REQ513615,/api/kyc/verify,291.6,200,2026-03-17 01:39:02.008332,
REQ513616,/api/beneficiary,477.1,200,2026-03-22 00:28:40.710401,
REQ513617,/api/transfer,255.7,201,2026-08-04 07:22:22.132484,
REQ513618,/api/balance,367.9,200,2026-07-13 15:45:24.676800,
REQ513619,/api/statement,334.0,200,2026-04-15 15:35:14.358127,
REQ513620,/api/transfer,274.6,200,2026-07-25 21:57:47.830196,
REQ513621,/api/statement,171.8,200,2026-04-03 06:26:37.277227,
REQ513622,/api/beneficiary,304.6,200,2026-07-27 23:54:24.970057,
REQ513623,/api/balance,351.9,200,2026-07-09 03:28:21.415833,
REQ513624,/api/balance,308.2,200,2026-04-16 12:47:36.054993,
REQ513625,/api/kyc/verify,650.8,200,2026-06-17 13:11:42.852878,
REQ513626,/api/balance,258.2,500,2026-06-12 16:41:23.929800,INC403660
REQ513627,/api/balance,268.1,200,2026-04-27 16:17:18.886557,
REQ513628,/api/statement,71.9,200,2026-08-06 21:00:53.058802,
REQ513629,/api/balance,285.2,503,2026-06-27 19:36:15.357823,INC405255
REQ513630,/api/statement,203.5,200,2026-06-17 18:14:23.370201,
REQ513631,/api/statement,238.3,200,2026-04-18 10:25:09.826820,
REQ513632,/api/transfer,598.4,200,2026-02-24 12:03:13.043607,
REQ513633,/api/statement,255.0,401,2026-06-21 09:25:44.812386,
REQ513634,/api/login,294.7,200,2026-08-15 13:57:27.279551,
REQ513635,/api/beneficiary,127.7,200,2026-08-11 15:18:44.542060,
REQ513636,/api/balance,441.5,200,2026-03-01 01:08:56.791789,
REQ513637,/api/login,46.7,200,2026-07-25 06:36:54.829146,
REQ513638,/api/transfer,191.1,200,2026-07-29 07:48:56.099579,
REQ513639,/api/beneficiary,1159.4,200,2026-03-31 01:22:19.385927,
REQ513640,/api/login,452.9,200,2026-05-09 19:52:25.555118,
REQ513641,/api/beneficiary,386.6,200,2026-08-06 12:19:02.252507,
REQ513642,/api/login,18.1,200,2026-03-12 04:21:58.647546,
REQ513643,/api/login,305.2,200,2026-07-12 00:39:36.317249,
REQ513644,/api/login,322.5,200,2026-07-21 02:55:58.610790,
REQ513645,/api/kyc/verify,514.2,200,2026-04-25 19:15:41.047549,
REQ513646,/api/transfer,155.6,200,2026-02-23 18:54:02.493596,
REQ513647,/api/transfer,114.9,500,2026-06-12 20:11:59.986464,INC404902
REQ513648,/api/transfer,6205.6,200,2026-06-14 22:25:09.717946,
REQ513649,/api/login,603.8,503,2026-05-20 17:26:01.873784,INC402689
REQ513650,/api/transfer,368.8,400,2026-06-18 04:43:46.696993,
REQ513651,/api/transfer,44.7,200,2026-05-20 04:22:28.699145,
REQ513652,/api/beneficiary,217.3,200,2026-06-20 11:35:28.478693,
REQ513653,/api/transfer,804.2,429,2026-03-22 23:11:22.953911,
REQ513654,/api/login,97.0,500,2026-07-12 08:10:34.496723,INC401437
REQ513655,/api/kyc/verify,757.0,200,2026-06-17 11:40:10.649099,
REQ513656,/api/statement,237.2,201,2026-07-03 01:23:28.749613,
REQ513657,/api/kyc/verify,388.6,200,2026-06-06 11:44:38.937693,
REQ513658,/api/beneficiary,73.1,200,2026-04-24 02:25:52.884404,
REQ513659,/api/login,647.8,400,2026-05-06 15:48:44.340456,
REQ513660,/api/balance,21.6,200,2026-07-13 10:58:27.100318,
REQ513661,/api/login,226.7,200,2026-06-21 22:44:29.336713,
REQ513662,/api/beneficiary,220.0,200,2026-03-11 17:55:02.094621,
REQ513663,/api/login,74.8,200,2026-07-29 20:30:04.974137,
REQ513664,/api/login,491.6,200,2026-07-11 23:29:38.475612,
REQ513665,/api/balance,134.0,200,2026-07-17 21:20:30.410689,
REQ513666,/api/beneficiary,408.1,200,2026-06-09 23:50:03.528583,
REQ513667,/api/transfer,158.0,200,2026-03-05 10:15:29.434449,
REQ513668,/api/statement,366.9,429,2026-06-20 02:58:46.945835,
REQ513669,/api/statement,321.9,200,2026-03-09 12:56:03.144415,
REQ513670,/api/transfer,410.8,401,2026-03-24 09:50:35.546072,
REQ513671,/api/login,127.6,200,2026-04-16 01:36:41.110109,
REQ513672,/api/kyc/verify,287.9,200,2026-02-21 08:18:20.205358,
REQ513673,/api/kyc/verify,267.2,500,2026-06-26 11:19:03.997751,
REQ513674,/api/transfer,569.2,200,2026-07-25 04:56:09.046032,
REQ513675,/api/transfer,230.2,200,2026-07-11 06:05:14.996605,
REQ513676,/api/balance,725.9,200,2026-04-07 00:54:17.147223,
REQ513677,/api/transfer,530.3,200,2026-08-02 22:01:48.176291,
REQ513678,/api/statement,81.0,200,2026-03-12 02:24:12.926795,
REQ513679,/api/kyc/verify,218.5,200,2026-06-06 10:08:58.870856,
REQ513680,/api/statement,211.3,200,2026-05-12 08:22:39.811027,
REQ513681,/api/balance,44.4,200,2026-03-10 22:11:19.311712,
REQ513682,/api/statement,443.4,200,2026-05-23 14:30:33.887135,
REQ513683,/api/kyc/verify,317.9,400,2026-07-01 05:51:29.533896,
REQ513684,/api/login,132.1,200,2026-04-08 11:20:45.256911,
REQ513685,/api/kyc/verify,98.8,200,2026-06-13 17:57:27.832864,
REQ513686,/api/beneficiary,547.5,200,2026-08-07 22:47:02.028434,
REQ513687,/api/statement,119.5,200,2026-06-29 04:29:36.197955,
REQ513688,/api/balance,54.0,200,2026-03-17 11:43:43.727973,
REQ513689,/api/transfer,356.6,200,2026-03-05 09:02:25.656333,
REQ513690,/api/beneficiary,425.9,200,2026-04-27 10:11:32.060735,
REQ513691,/api/transfer,189.4,200,2026-04-14 20:39:53.304378,
REQ513692,/api/statement,596.9,201,2026-05-25 08:29:01.903769,
REQ513693,/api/statement,247.3,200,2026-02-22 05:06:15.791116,
REQ513694,/api/statement,254.7,200,2026-03-01 22:53:01.318785,
REQ513695,/api/statement,523.4,200,2026-05-04 03:32:30.115655,
REQ513696,/api/transfer,93.7,200,2026-05-04 06:10:21.054724,
REQ513697,/api/transfer,861.5,200,2026-02-23 19:58:53.732335,
REQ513698,/api/beneficiary,233.7,201,2026-06-04 04:28:38.138173,
REQ513699,/api/login,567.1,502,2026-03-10 03:16:42.376466,
REQ513700,/api/balance,92.3,200,2026-08-13 17:47:56.867709,
REQ513701,/api/balance,423.3,200,2026-07-09 02:01:44.633677,
REQ513702,/api/transfer,350.2,200,2026-05-17 11:23:30.339911,
REQ513703,/api/statement,911.4,200,2026-05-12 14:09:01.514686,
REQ513704,/api/beneficiary,441.1,201,2026-03-08 15:57:25.167816,
REQ513705,/api/kyc/verify,187.5,503,2026-03-11 18:54:42.023703,INC402594
REQ513706,/api/login,370.3,200,2026-06-10 04:51:02.445328,
REQ513707,/api/balance,38.2,500,2026-04-28 04:34:33.295085,INC408928
REQ513708,/api/statement,55.7,200,2026-04-30 07:04:43.764851,
REQ513709,/api/kyc/verify,265.1,401,2026-04-03 10:51:48.662104,
REQ513710,/api/transfer,231.9,200,2026-03-27 10:21:42.621215,
REQ513711,/api/login,195.7,200,2026-08-17 03:06:42.589139,
REQ513712,/api/transfer,168.3,200,2026-04-03 13:02:34.214703,
REQ513713,/api/transfer,354.5,200,2026-04-12 00:36:02.102662,
REQ513714,/api/login,143.3,200,2026-03-30 09:21:30.728128,
REQ513715,/api/kyc/verify,65.7,200,2026-05-20 21:17:50.467107,
REQ513716,/api/login,183.9,200,2026-07-16 15:08:38.517747,
REQ513717,/api/transfer,606.9,200,2026-07-06 05:42:37.832389,
REQ513718,/api/statement,266.6,503,2026-05-20 02:46:26.059794,INC409914
REQ513719,/api/balance,277.7,200,2026-02-25 16:12:20.266014,
REQ513720,/api/statement,108.0,200,2026-07-20 02:45:52.411538,
REQ513721,/api/balance,376.6,200,2026-06-29 13:57:35.614355,
REQ513722,/api/login,792.5,200,2026-04-23 03:59:09.069560,
REQ513723,/api/statement,383.3,502,2026-05-03 03:49:02.464997,
REQ513724,/api/statement,69.8,200,2026-06-01 17:45:04.731838,
REQ513725,/api/balance,78.6,200,2026-05-23 23:14:45.980693,
REQ513726,/api/login,130.4,200,2026-05-13 04:49:55.885488,
REQ513727,/api/balance,183.8,200,2026-05-28 13:11:40.257469,
REQ513728,/api/transfer,158.9,200,2026-07-18 22:19:59.529571,
REQ513729,/api/transfer,393.6,200,2026-08-13 09:41:14.379512,
REQ513730,/api/transfer,99.9,200,2026-03-23 15:35:59.158818,
REQ513731,/api/balance,355.8,200,2026-08-13 09:31:12.413139,
REQ513732,/api/beneficiary,651.5,200,2026-08-14 04:00:11.128855,
REQ513733,/api/transfer,311.5,200,2026-08-14 00:28:29.836578,
REQ513734,/api/beneficiary,702.3,200,2026-04-27 14:00:07.161075,
REQ513735,/api/statement,147.1,503,2026-06-09 09:11:51.564716,
REQ513736,/api/balance,465.1,200,2026-06-22 08:25:38.917913,
REQ513737,/api/login,4921.1,200,2026-03-28 12:19:08.808224,
REQ513738,/api/balance,57.3,201,2026-06-26 19:20:30.832559,
REQ513739,/api/transfer,111.7,200,2026-05-16 06:59:57.799967,
REQ513740,/api/login,572.3,201,2026-08-14 13:43:30.519166,
REQ513741,/api/transfer,175.5,201,2026-03-23 05:15:20.923198,
REQ513742,/api/statement,158.8,200,2026-05-18 07:36:05.440090,
REQ513743,/api/login,126.2,200,2026-07-30 08:28:17.208476,
REQ513744,/api/kyc/verify,165.8,200,2026-04-18 08:56:11.556031,
REQ513745,/api/beneficiary,503.3,200,2026-02-24 03:49:55.599569,
REQ513746,/api/balance,69.1,200,2026-05-29 20:29:11.781309,
REQ513747,/api/beneficiary,82.0,200,2026-06-06 06:12:05.328560,
REQ513748,/api/transfer,141.7,200,2026-03-22 15:01:19.993479,
REQ513749,/api/balance,378.0,201,2026-03-27 04:34:15.783930,
REQ513750,/api/beneficiary,303.1,200,2026-05-19 04:04:50.959503,
REQ513751,/api/transfer,81.6,502,2026-03-03 07:37:39.111555,INC400317
REQ513752,/api/statement,510.5,200,2026-07-19 07:12:16.685112,
REQ513753,/api/statement,887.8,200,2026-05-11 02:07:57.792385,
REQ513754,/api/transfer,280.6,200,2026-07-25 14:22:52.783280,
REQ513755,/api/transfer,246.6,200,2026-03-02 16:23:19.436723,
REQ513756,/api/kyc/verify,68.1,200,2026-03-22 23:55:47.084969,
REQ513757,/api/transfer,317.3,200,2026-04-06 21:35:52.583505,
REQ513758,/api/login,248.9,200,2026-05-12 15:32:26.730180,
REQ513759,/api/kyc/verify,394.1,200,2026-05-27 09:48:54.579762,
REQ513760,/api/transfer,208.5,200,2026-05-28 18:18:36.023800,
REQ513761,/api/statement,157.4,200,2026-06-13 03:33:56.047132,
REQ513762,/api/beneficiary,198.4,200,2026-08-07 02:49:23.244845,
REQ513763,/api/kyc/verify,684.3,200,2026-08-07 15:24:13.115127,
REQ513764,/api/login,275.2,200,2026-05-17 10:25:00.143892,
REQ513765,/api/statement,278.8,200,2026-02-27 02:49:35.300992,
REQ513766,/api/statement,187.4,200,2026-06-17 05:30:29.080511,
REQ513767,/api/transfer,52.1,200,2026-07-13 21:44:58.174324,
REQ513768,/api/kyc/verify,162.0,401,2026-07-07 21:55:15.587339,
REQ513769,/api/kyc/verify,173.3,200,2026-07-28 18:53:59.432086,
REQ513770,/api/statement,574.9,200,2026-04-03 17:24:25.038058,
REQ513771,/api/transfer,222.8,200,2026-05-21 17:52:03.169644,
REQ513772,/api/beneficiary,166.6,200,2026-05-17 19:53:20.407442,
REQ513773,/api/transfer,170.6,200,2026-05-01 09:12:41.400278,
REQ513774,/api/beneficiary,458.9,200,2026-08-19 18:28:41.797575,
REQ513775,/api/login,169.3,200,2026-08-11 06:55:44.299802,
REQ513776,/api/balance,179.9,200,2026-04-24 11:35:40.226375,
REQ513777,/api/transfer,369.1,200,2026-06-17 20:04:23.216131,
REQ513778,/api/balance,831.5,503,2026-07-27 19:38:10.593875,
REQ513779,/api/login,275.9,200,2026-03-12 02:07:44.633241,
REQ513780,/api/login,239.5,200,2026-07-16 14:22:53.606833,
REQ513781,/api/beneficiary,257.8,200,2026-06-04 01:01:04.765695,
REQ513782,/api/kyc/verify,258.0,200,2026-05-12 09:54:54.309091,
REQ513783,/api/transfer,573.7,200,2026-04-17 21:41:52.529074,
REQ513784,/api/statement,57.7,200,2026-04-16 09:57:08.716096,
REQ513785,/api/beneficiary,679.8,200,2026-03-30 20:54:17.065796,
REQ513786,/api/statement,1088.7,200,2026-04-11 07:19:35.106689,
REQ513787,/api/transfer,187.5,200,2026-06-21 03:55:29.974322,
REQ513788,/api/login,204.7,200,2026-06-18 10:43:40.130757,
REQ513789,/api/beneficiary,185.5,200,2026-07-28 18:15:22.886911,
REQ513790,/api/transfer,534.5,200,2026-08-08 12:19:52.438035,
REQ513791,/api/balance,559.8,200,2026-04-20 02:48:08.890438,
REQ513792,/api/beneficiary,131.8,200,2026-05-10 05:58:40.912741,
REQ513793,/api/beneficiary,40.8,200,2026-08-16 16:10:30.318458,
REQ513794,/api/login,222.1,200,2026-04-13 17:17:21.681732,
REQ513795,/api/kyc/verify,287.1,200,2026-03-24 01:12:16.045061,
REQ513796,/api/kyc/verify,133.8,200,2026-05-30 19:29:13.276005,
REQ513797,/api/transfer,603.3,200,2026-06-23 21:51:53.429323,
REQ513798,/api/login,31.5,429,2026-03-20 03:18:21.722785,
REQ513799,/api/statement,154.7,200,2026-06-29 00:50:11.976209,
REQ513800,/api/login,640.8,200,2026-03-08 08:03:02.707007,
REQ513801,/api/transfer,451.0,200,2026-06-23 07:25:01.453645,
REQ513802,/api/statement,238.5,200,2026-04-30 21:38:26.526520,
REQ513803,/api/statement,204.8,200,2026-03-01 05:55:56.424379,
REQ513804,/api/balance,122.4,200,2026-04-14 10:04:35.136623,
REQ513805,/api/beneficiary,474.0,200,2026-02-21 23:51:01.500944,
REQ513806,/api/transfer,97.4,200,2026-07-24 05:23:47.990295,
REQ513807,/api/statement,731.1,200,2026-05-29 14:57:38.057516,
REQ513808,/api/balance,347.1,200,2026-04-07 08:26:23.161674,
REQ513809,/api/beneficiary,269.8,200,2026-04-13 17:51:10.995529,
REQ513810,/api/statement,417.1,503,2026-07-02 20:46:50.261681,INC405285
REQ513811,/api/beneficiary,591.7,500,2026-05-14 13:16:21.154479,INC402850
REQ513812,/api/beneficiary,894.7,200,2026-07-11 10:37:58.679917,
REQ513813,/api/login,334.4,200,2026-06-10 17:29:19.568719,
REQ513814,/api/beneficiary,63.6,200,2026-04-22 18:52:10.024969,
REQ513815,/api/login,102.4,200,2026-03-28 05:05:48.806189,
REQ513816,/api/transfer,233.4,502,2026-04-17 14:17:59.602107,INC408159
REQ513817,/api/login,44.0,200,2026-06-11 16:01:45.203246,
REQ513818,/api/transfer,198.9,429,2026-04-24 20:01:38.196813,
REQ513819,/api/beneficiary,795.6,200,2026-06-28 03:43:18.339878,
REQ513820,/api/kyc/verify,141.7,201,2026-03-19 17:13:13.436963,
REQ513821,/api/statement,298.8,200,2026-08-17 02:42:39.866522,
REQ513822,/api/beneficiary,43.0,200,2026-06-23 04:56:32.235172,
REQ513823,/api/balance,132.6,502,2026-03-01 13:52:28.443831,INC400316
REQ513824,/api/beneficiary,363.2,200,2026-06-13 18:39:51.522610,
REQ513825,/api/beneficiary,517.1,200,2026-04-08 05:47:19.921605,
REQ513826,/api/login,347.8,200,2026-05-27 05:46:13.272126,
REQ513827,/api/transfer,294.9,200,2026-06-16 13:51:23.943609,
REQ513828,/api/statement,299.6,200,2026-02-23 21:25:39.347567,
REQ513829,/api/kyc/verify,199.1,200,2026-06-03 06:46:35.255637,
REQ513830,/api/login,397.0,200,2026-03-13 13:13:33.842401,
REQ513831,/api/beneficiary,573.8,401,2026-08-03 11:03:38.110623,
REQ513832,/api/balance,64.2,200,2026-04-18 06:40:35.917640,
REQ513833,/api/statement,340.1,200,2026-02-21 13:57:08.981695,
REQ513834,/api/beneficiary,451.5,500,2026-06-14 07:44:26.830760,INC407319
REQ513835,/api/kyc/verify,39.2,200,2026-02-22 02:26:20.834618,
REQ513836,/api/login,46.4,200,2026-05-18 15:20:00.313524,
REQ513837,/api/statement,294.7,200,2026-04-03 00:35:31.398630,
REQ513838,/api/kyc/verify,1102.7,200,2026-07-19 00:53:27.332761,
REQ513839,/api/transfer,191.6,200,2026-05-04 16:03:48.726620,
REQ513840,/api/balance,130.8,200,2026-05-27 02:15:37.785748,
REQ513841,/api/balance,89.5,200,2026-06-04 09:03:12.697048,
REQ513842,/api/transfer,385.9,201,2026-04-23 04:58:16.234983,
REQ513843,/api/transfer,222.1,200,2026-07-04 12:05:26.224980,
REQ513844,/api/statement,32.8,200,2026-06-23 15:19:26.916484,
REQ513845,/api/balance,406.2,200,2026-07-01 11:36:55.156250,
REQ513846,/api/kyc/verify,102.5,200,2026-04-21 23:41:23.862846,
REQ513847,/api/statement,177.6,200,2026-05-12 08:15:06.088240,
REQ513848,/api/login,901.5,200,2026-03-26 09:24:20.750547,
REQ513849,/api/statement,491.3,200,2026-04-16 14:01:39.664377,
REQ513850,/api/balance,103.5,429,2026-04-21 02:37:06.373780,
REQ513851,/api/balance,414.2,200,2026-05-08 06:20:30.372417,
REQ513852,/api/login,312.5,200,2026-05-13 10:00:41.518714,
REQ513853,/api/login,313.5,200,2026-04-02 02:05:38.575573,
REQ513854,/api/beneficiary,90.8,200,2026-03-25 11:33:12.730733,
REQ513855,/api/transfer,460.4,200,2026-05-03 14:36:38.799557,
REQ513856,/api/login,329.1,200,2026-04-18 00:21:39.991433,
REQ513857,/api/beneficiary,563.3,200,2026-05-22 14:58:04.215691,
REQ513858,/api/login,380.8,200,2026-04-03 04:27:45.516128,
REQ513859,/api/balance,163.2,429,2026-04-25 08:12:36.833857,
REQ513860,/api/beneficiary,882.5,200,2026-02-22 16:15:05.186473,
REQ513861,/api/beneficiary,321.2,200,2026-05-23 19:31:35.644835,
REQ513862,/api/kyc/verify,445.4,200,2026-06-10 21:24:12.742134,
REQ513863,/api/balance,31.8,200,2026-08-09 15:13:05.420352,
REQ513864,/api/transfer,194.9,200,2026-03-14 03:32:52.360759,
REQ513865,/api/balance,279.0,200,2026-03-28 12:29:12.375578,
REQ513866,/api/transfer,260.4,200,2026-04-25 23:48:10.915609,
REQ513867,/api/kyc/verify,714.4,200,2026-08-01 20:54:46.832897,
REQ513868,/api/kyc/verify,436.9,200,2026-07-11 05:35:35.639510,
REQ513869,/api/balance,358.8,200,2026-06-13 09:34:09.453634,
REQ513870,/api/kyc/verify,187.1,200,2026-04-16 17:14:11.176308,
REQ513871,/api/balance,891.5,200,2026-08-05 12:52:44.997775,
REQ513872,/api/login,328.1,200,2026-04-05 17:49:44.734047,
REQ513873,/api/statement,226.8,200,2026-06-14 16:20:32.495741,
REQ513874,/api/transfer,486.9,200,2026-04-10 20:22:34.395385,
REQ513875,/api/beneficiary,155.3,200,2026-06-04 09:46:55.865702,
REQ513876,/api/kyc/verify,195.6,200,2026-04-10 21:30:58.077772,
REQ513877,/api/balance,498.4,200,2026-06-19 13:21:18.853324,
REQ513878,/api/statement,648.0,502,2026-07-28 16:32:27.120796,
REQ513879,/api/balance,33.6,200,2026-06-02 09:38:18.855380,
REQ513880,/api/transfer,482.6,200,2026-07-24 20:33:39.211283,
REQ513881,/api/kyc/verify,658.7,200,2026-02-24 21:38:56.238398,
REQ513882,/api/kyc/verify,139.3,200,2026-07-13 05:22:00.492577,
REQ513883,/api/beneficiary,314.7,200,2026-04-09 05:59:08.450599,
REQ513884,/api/beneficiary,253.4,200,2026-07-31 14:58:42.691630,
REQ513885,/api/kyc/verify,506.2,200,2026-03-08 07:33:22.647176,
REQ513886,/api/transfer,97.2,200,2026-04-25 05:40:44.071807,
REQ513887,/api/beneficiary,344.4,200,2026-07-15 06:14:09.953552,
REQ513888,/api/login,324.0,200,2026-05-22 14:51:35.607894,
REQ513889,/api/beneficiary,54.4,200,2026-05-05 17:39:42.126705,
REQ513890,/api/statement,358.9,429,2026-06-26 23:27:49.641275,
REQ513891,/api/beneficiary,674.8,200,2026-04-20 02:23:06.733713,
REQ513892,/api/beneficiary,382.3,200,2026-05-24 00:26:02.897262,
REQ513893,/api/balance,109.0,200,2026-07-06 20:26:10.403584,
REQ513894,/api/kyc/verify,186.0,200,2026-03-22 13:43:14.973362,
REQ513895,/api/statement,761.5,500,2026-07-08 19:19:10.183632,INC401257
REQ513896,/api/beneficiary,1251.3,200,2026-06-05 20:28:55.762412,
REQ513897,/api/login,491.0,200,2026-07-10 01:45:54.813512,
REQ513898,/api/beneficiary,318.5,200,2026-03-09 13:32:16.900484,
REQ513899,/api/balance,8.6,200,2026-07-05 23:07:05.051913,
REQ513900,/api/login,614.0,200,2026-04-24 09:44:16.175069,
REQ513901,/api/statement,4064.6,200,2026-03-29 23:49:42.458733,
REQ513902,/api/beneficiary,226.1,200,2026-07-22 15:53:19.582255,
REQ513903,/api/beneficiary,473.7,502,2026-07-31 03:35:48.955558,INC401515
REQ513904,/api/kyc/verify,269.6,200,2026-08-05 22:22:12.058440,
REQ513905,/api/transfer,367.6,500,2026-04-06 04:24:03.813170,
REQ513906,/api/login,535.2,200,2026-05-26 01:39:31.815104,
REQ513907,/api/balance,20.2,200,2026-03-26 04:04:55.372862,
REQ513908,/api/balance,172.1,200,2026-07-06 00:27:01.266843,
REQ513909,/api/statement,207.6,200,2026-05-11 02:26:30.275364,
REQ513910,/api/transfer,320.3,200,2026-07-01 11:40:10.044843,
REQ513911,/api/balance,229.5,200,2026-05-17 00:03:06.239868,
REQ513912,/api/login,71.9,200,2026-03-14 10:58:55.928312,
REQ513913,/api/balance,35.4,200,2026-07-24 03:20:07.939786,
REQ513914,/api/kyc/verify,517.8,200,2026-05-23 12:27:11.677745,
REQ513915,/api/kyc/verify,269.9,200,2026-04-25 18:12:52.052272,
REQ513916,/api/kyc/verify,114.1,200,2026-07-09 17:09:49.288404,
REQ513917,/api/transfer,307.8,200,2026-05-20 23:39:23.798338,
REQ513918,/api/beneficiary,104.0,200,2026-05-14 12:24:54.381980,
REQ513919,/api/transfer,329.0,200,2026-06-07 09:04:23.832777,
REQ513920,/api/kyc/verify,395.6,200,2026-04-06 02:38:58.423153,
REQ513921,/api/balance,659.4,200,2026-06-14 06:08:40.886212,
REQ513922,/api/balance,324.5,200,2026-04-07 06:48:46.549914,
REQ513923,/api/balance,169.1,200,2026-05-21 08:53:00.112904,
REQ513924,/api/statement,151.5,200,2026-07-06 07:17:21.359524,
REQ513925,/api/login,410.7,200,2026-06-08 23:59:39.851563,
REQ513926,/api/login,367.7,504,2026-04-03 19:00:41.217066,INC401402
REQ513927,/api/login,93.3,200,2026-04-12 15:36:10.501750,
REQ513928,/api/statement,494.4,200,2026-06-03 15:13:48.152889,
REQ513929,/api/statement,223.6,503,2026-03-20 07:47:45.696654,INC407888
REQ513930,/api/beneficiary,72.0,200,2026-04-28 19:15:01.673411,
REQ513931,/api/beneficiary,338.8,200,2026-06-15 00:59:02.434593,
REQ513932,/api/beneficiary,220.1,200,2026-08-02 12:44:11.975034,
REQ513933,/api/statement,141.7,200,2026-08-18 12:01:08.349031,
REQ513934,/api/statement,342.8,401,2026-08-06 06:07:21.884224,
REQ513935,/api/login,129.1,200,2026-06-19 18:59:29.654215,
REQ513936,/api/balance,246.9,200,2026-06-05 23:04:20.127731,
REQ513937,/api/transfer,144.0,201,2026-02-28 13:09:46.506740,
REQ513938,/api/statement,183.1,200,2026-07-30 05:03:39.415188,
REQ513939,/api/kyc/verify,420.5,201,2026-08-06 17:15:01.677855,
REQ513940,/api/balance,418.0,200,2026-04-04 10:46:30.223106,
REQ513941,/api/beneficiary,262.6,200,2026-07-16 08:10:27.103115,
REQ513942,/api/login,8985.5,429,2026-03-09 21:54:29.157859,
REQ513943,/api/beneficiary,966.4,200,2026-06-29 13:59:26.242137,
REQ513944,/api/login,379.8,200,2026-05-29 02:53:31.110746,
REQ513945,/api/statement,373.5,200,2026-05-20 04:14:40.804322,
REQ513946,/api/balance,169.6,200,2026-03-09 03:32:48.772717,
REQ513947,/api/statement,70.7,401,2026-05-02 21:34:14.265180,
REQ513948,/api/statement,7630.3,200,2026-07-27 00:01:39.422991,
REQ513949,/api/login,122.7,200,2026-02-27 02:47:16.179350,
REQ513950,/api/kyc/verify,361.4,500,2026-04-07 10:25:11.752152,INC402495
REQ513951,/api/kyc/verify,671.7,200,2026-04-29 08:43:17.132896,
REQ513952,/api/beneficiary,293.9,201,2026-02-26 00:35:42.212591,
REQ513953,/api/statement,90.2,200,2026-03-18 06:45:16.405086,
REQ513954,/api/transfer,152.7,200,2026-07-12 12:44:16.558423,
REQ513955,/api/balance,267.2,400,2026-03-06 13:19:59.501218,
REQ513956,/api/statement,458.7,200,2026-04-08 20:10:15.518927,
REQ513957,/api/transfer,142.5,200,2026-03-22 14:56:17.869968,
REQ513958,/api/statement,854.9,200,2026-08-06 16:27:54.969843,
REQ513959,/api/statement,600.6,200,2026-02-21 02:47:59.324877,
REQ513960,/api/login,160.7,200,2026-04-18 17:39:14.397603,
REQ513961,/api/statement,321.9,200,2026-07-21 21:15:31.035393,
REQ513962,/api/balance,6.9,200,2026-08-06 11:46:01.744544,
REQ513963,/api/transfer,17.0,200,2026-06-17 01:42:43.290261,
REQ513964,/api/statement,251.1,200,2026-06-21 04:28:25.288554,
REQ513965,/api/balance,98.9,200,2026-05-20 12:50:28.953166,
REQ513966,/api/login,255.7,200,2026-06-14 00:16:44.075405,
REQ513967,/api/login,301.0,200,2026-07-06 02:20:22.468656,
REQ513968,/api/kyc/verify,494.7,200,2026-03-09 09:09:10.224782,
REQ513969,/api/balance,4425.6,200,2026-06-26 05:56:08.535373,
REQ513970,/api/transfer,292.3,200,2026-04-22 20:22:21.873720,
REQ513971,/api/kyc/verify,483.0,200,2026-06-08 09:26:10.621108,
REQ513972,/api/balance,6590.8,200,2026-04-15 13:58:13.406220,
REQ513973,/api/statement,145.7,429,2026-04-01 21:42:43.767247,
REQ513974,/api/transfer,67.4,200,2026-03-31 19:21:54.170574,
REQ513975,/api/login,463.1,200,2026-03-15 13:00:42.137995,
REQ513976,/api/transfer,160.5,200,2026-04-01 23:20:00.804145,
REQ513977,/api/beneficiary,137.4,200,2026-03-20 13:56:25.050069,
REQ513978,/api/balance,245.3,200,2026-04-09 17:42:21.946703,
REQ513979,/api/login,361.4,200,2026-06-11 06:37:56.954210,
REQ513980,/api/kyc/verify,226.9,200,2026-04-23 20:04:21.541986,
REQ513981,/api/kyc/verify,57.2,200,2026-05-15 02:50:41.248126,
REQ513982,/api/transfer,310.1,200,2026-05-05 15:35:52.505844,
REQ513983,/api/kyc/verify,366.9,200,2026-05-11 14:02:07.132791,
REQ513984,/api/beneficiary,311.7,200,2026-05-10 11:55:30.211463,
REQ513985,/api/transfer,142.4,504,2026-06-29 02:55:11.552590,INC408034
REQ513986,/api/beneficiary,165.7,200,2026-03-15 12:14:30.601953,
REQ513987,/api/transfer,163.4,200,2026-03-04 12:08:12.763944,
REQ513988,/api/login,276.5,200,2026-05-19 07:44:59.913535,
REQ513989,/api/kyc/verify,50.6,200,2026-05-22 10:19:52.620739,
REQ513990,/api/balance,33.9,200,2026-06-14 14:56:54.657350,
REQ513991,/api/kyc/verify,193.1,401,2026-07-23 15:27:55.250469,
REQ513992,/api/balance,187.2,200,2026-05-07 03:04:20.744672,
REQ513993,/api/kyc/verify,142.3,200,2026-02-23 04:37:30.617601,
REQ513994,/api/statement,285.9,200,2026-05-03 09:18:37.844618,
REQ513995,/api/balance,106.9,200,2026-06-10 13:30:05.045562,
REQ513996,/api/balance,1097.1,200,2026-08-16 14:19:31.501526,
REQ513997,/api/statement,143.1,200,2026-06-22 22:11:43.739150,
REQ513998,/api/kyc/verify,623.3,200,2026-04-26 10:15:16.873239,
REQ513999,/api/login,102.2,200,2026-02-28 13:56:05.946691,
REQ514000,/api/login,87.4,200,2026-05-20 21:33:00.179183,
REQ514001,/api/login,677.0,500,2026-05-22 03:45:36.552115,INC400572
REQ514002,/api/beneficiary,71.2,200,2026-06-11 08:00:37.361662,
REQ514003,/api/transfer,152.7,502,2026-06-27 15:47:23.099789,
REQ514004,/api/login,326.8,502,2026-04-10 19:52:48.746722,
REQ514005,/api/kyc/verify,162.2,200,2026-05-24 12:21:56.289745,
REQ514006,/api/kyc/verify,31.9,200,2026-04-12 09:58:48.345905,
REQ514007,/api/statement,617.6,200,2026-08-07 09:39:02.323671,
REQ514008,/api/transfer,368.4,200,2026-05-18 21:40:58.088479,
REQ514009,/api/login,607.9,200,2026-06-24 23:31:25.558803,
REQ514010,/api/beneficiary,158.7,200,2026-04-17 03:01:20.234965,
REQ514011,/api/login,282.8,201,2026-03-23 14:07:01.045089,
REQ514012,/api/login,247.2,200,2026-06-30 10:39:10.397176,
REQ514013,/api/beneficiary,196.7,200,2026-06-15 04:31:35.275782,
REQ514014,/api/balance,248.6,503,2026-06-29 22:22:07.897858,
REQ514015,/api/statement,160.6,200,2026-07-01 23:57:17.632018,
REQ514016,/api/transfer,366.6,429,2026-07-06 03:11:16.204554,
REQ514017,/api/balance,596.4,503,2026-05-14 03:08:45.588540,INC403536
REQ514018,/api/kyc/verify,102.3,200,2026-04-17 01:08:54.525495,
REQ514019,/api/balance,198.1,200,2026-04-29 08:05:34.951677,
REQ514020,/api/transfer,5216.3,200,2026-04-29 05:26:02.658037,
REQ514021,/api/balance,7726.7,200,2026-05-03 19:31:04.421207,
REQ514022,/api/transfer,147.0,200,2026-06-12 20:04:33.453096,
REQ514023,/api/statement,127.7,200,2026-08-02 18:49:35.829680,
REQ514024,/api/kyc/verify,538.3,200,2026-04-04 22:42:23.016431,
REQ514025,/api/kyc/verify,185.6,200,2026-07-13 01:08:45.046959,
REQ514026,/api/kyc/verify,153.0,200,2026-06-02 01:47:33.144699,
REQ514027,/api/kyc/verify,4613.0,200,2026-04-09 01:16:03.506567,
REQ514028,/api/statement,51.5,200,2026-05-19 10:40:10.300182,
REQ514029,/api/login,256.5,200,2026-03-17 07:38:17.125820,
REQ514030,/api/transfer,596.0,200,2026-05-30 14:26:15.283717,
REQ514031,/api/statement,171.8,200,2026-07-28 04:05:18.892873,
REQ514032,/api/beneficiary,122.0,200,2026-04-14 18:16:12.432095,
REQ514033,/api/balance,840.8,500,2026-03-21 13:32:11.794523,
REQ514034,/api/statement,669.4,200,2026-06-29 15:13:45.626722,
REQ514035,/api/beneficiary,419.8,401,2026-04-16 11:16:41.981378,
REQ514036,/api/statement,126.8,200,2026-08-09 20:44:14.020202,
REQ514037,/api/balance,54.4,200,2026-05-16 11:01:49.136622,
REQ514038,/api/balance,136.2,200,2026-07-29 00:00:04.680138,
REQ514039,/api/transfer,490.6,200,2026-07-21 16:55:04.281719,
REQ514040,/api/kyc/verify,374.2,200,2026-04-10 14:25:42.907856,
REQ514041,/api/balance,270.1,200,2026-03-16 08:26:28.204062,
REQ514042,/api/statement,227.4,200,2026-07-31 12:59:49.019114,
REQ514043,/api/beneficiary,94.2,200,2026-08-14 18:52:50.306215,
REQ514044,/api/beneficiary,307.7,200,2026-03-23 15:15:43.047625,
REQ514045,/api/beneficiary,265.7,200,2026-08-14 21:34:11.363370,
REQ514046,/api/transfer,275.6,200,2026-05-19 05:21:39.693779,
REQ514047,/api/kyc/verify,222.9,200,2026-04-16 18:49:10.319228,
REQ514048,/api/balance,304.9,200,2026-04-18 00:11:37.146925,
REQ514049,/api/balance,269.1,200,2026-07-05 11:58:37.518490,
REQ514050,/api/statement,162.4,500,2026-06-10 05:08:51.410498,INC402202
REQ514051,/api/statement,352.0,200,2026-07-26 18:39:01.269174,
REQ514052,/api/statement,309.6,200,2026-04-24 08:14:40.313261,
REQ514053,/api/balance,4237.2,200,2026-07-29 16:02:47.752802,
REQ514054,/api/statement,611.8,200,2026-04-08 06:14:30.645534,
REQ514055,/api/beneficiary,154.8,200,2026-03-19 13:17:49.006122,
REQ514056,/api/statement,844.2,200,2026-07-29 03:00:58.823410,
REQ514057,/api/login,359.4,200,2026-04-04 10:13:14.462816,
REQ514058,/api/transfer,262.4,503,2026-06-09 03:49:25.384978,INC404446
REQ514059,/api/login,355.7,200,2026-06-07 07:18:46.584022,
REQ514060,/api/kyc/verify,92.3,200,2026-03-14 13:15:48.150458,
REQ514061,/api/balance,459.0,200,2026-03-08 08:51:07.537635,
REQ514062,/api/transfer,354.9,200,2026-03-29 00:02:55.689709,
REQ514063,/api/kyc/verify,239.4,200,2026-07-24 07:03:37.582820,
REQ514064,/api/login,371.6,200,2026-03-27 06:12:39.513467,
REQ514065,/api/statement,392.8,429,2026-07-30 05:29:40.535062,
REQ514066,/api/statement,82.3,200,2026-04-29 23:25:10.439803,
REQ514067,/api/kyc/verify,561.6,200,2026-07-20 11:51:01.458975,
REQ514068,/api/login,333.3,200,2026-06-22 03:33:13.941543,
REQ514069,/api/statement,123.1,200,2026-04-10 07:38:27.259613,
REQ514070,/api/balance,544.0,400,2026-07-01 02:41:51.881548,
REQ514071,/api/beneficiary,112.6,200,2026-05-13 14:30:11.262938,
REQ514072,/api/statement,486.0,200,2026-08-09 13:37:27.436282,
REQ514073,/api/statement,49.2,200,2026-07-29 04:09:02.770054,
REQ514074,/api/balance,86.2,200,2026-08-15 23:14:16.310871,
REQ514075,/api/beneficiary,550.5,200,2026-06-26 22:33:22.264098,
REQ514076,/api/balance,299.5,200,2026-03-22 15:07:44.165765,
REQ514077,/api/kyc/verify,287.2,200,2026-06-23 15:18:13.999943,
REQ514078,/api/balance,195.3,200,2026-05-27 17:40:18.713837,
REQ514079,/api/kyc/verify,168.0,200,2026-06-10 15:24:55.872591,
REQ514080,/api/beneficiary,716.2,200,2026-06-20 13:35:35.885914,
REQ514081,/api/kyc/verify,4847.9,200,2026-05-11 15:23:56.798212,
REQ514082,/api/kyc/verify,23.8,200,2026-04-01 02:37:55.540863,
REQ514083,/api/kyc/verify,375.3,200,2026-05-26 17:39:27.290982,
REQ514084,/api/balance,360.7,200,2026-04-01 13:32:33.669873,
REQ514085,/api/statement,387.2,200,2026-04-12 04:50:14.408444,
REQ514086,/api/beneficiary,750.4,200,2026-06-02 05:53:19.243500,
REQ514087,/api/balance,338.2,200,2026-04-08 14:26:11.675010,
REQ514088,/api/login,270.4,200,2026-02-25 16:18:20.102755,
REQ514089,/api/balance,127.3,200,2026-03-22 12:33:07.441594,
REQ514090,/api/transfer,529.2,400,2026-03-18 03:47:10.712688,
REQ514091,/api/beneficiary,95.0,200,2026-04-20 02:04:40.284447,
REQ514092,/api/kyc/verify,79.7,200,2026-08-14 11:04:12.853965,
REQ514093,/api/kyc/verify,577.3,401,2026-04-21 21:36:20.421980,
REQ514094,/api/beneficiary,371.5,200,2026-04-01 17:33:00.553869,
REQ514095,/api/beneficiary,33.9,503,2026-04-21 13:53:03.326292,
REQ514096,/api/kyc/verify,120.1,200,2026-04-29 10:02:29.795161,
REQ514097,/api/kyc/verify,144.1,201,2026-05-12 00:33:25.626253,
REQ514098,/api/beneficiary,221.4,502,2026-05-07 19:49:35.145793,INC409374
REQ514099,/api/balance,341.3,200,2026-06-12 04:59:08.574976,
REQ514100,/api/statement,64.7,201,2026-05-07 18:43:50.851227,
REQ514101,/api/transfer,3663.9,200,2026-03-29 06:06:45.647199,
REQ514102,/api/login,119.6,200,2026-06-25 18:59:11.392425,
REQ514103,/api/beneficiary,934.3,200,2026-07-23 09:09:37.138735,
REQ514104,/api/kyc/verify,643.6,200,2026-04-27 19:35:40.571295,
REQ514105,/api/transfer,197.9,200,2026-06-06 12:40:23.651400,
REQ514106,/api/transfer,962.3,200,2026-06-23 10:31:32.610934,
REQ514107,/api/login,308.3,200,2026-06-18 02:45:11.316887,
REQ514108,/api/login,73.2,200,2026-06-18 10:06:31.712186,
REQ514109,/api/login,20.8,504,2026-07-09 03:49:46.438790,
REQ514110,/api/balance,244.9,200,2026-03-20 03:41:40.968513,
REQ514111,/api/beneficiary,167.3,200,2026-04-23 11:50:28.547246,
REQ514112,/api/beneficiary,171.8,400,2026-07-28 00:31:57.729398,
REQ514113,/api/statement,322.0,201,2026-05-18 05:40:30.057948,
REQ514114,/api/beneficiary,403.0,200,2026-04-02 15:15:59.142798,
REQ514115,/api/kyc/verify,261.1,200,2026-08-16 01:28:45.123602,
REQ514116,/api/transfer,449.1,502,2026-08-10 19:18:24.757082,
REQ514117,/api/beneficiary,228.4,200,2026-06-24 14:26:55.869677,
REQ514118,/api/balance,128.2,200,2026-07-25 10:51:34.063659,
REQ514119,/api/balance,42.2,200,2026-05-18 05:33:11.339213,
REQ514120,/api/transfer,145.6,200,2026-06-13 18:55:17.753617,
REQ514121,/api/transfer,171.3,200,2026-05-14 01:35:31.393895,
REQ514122,/api/transfer,219.9,200,2026-06-22 20:21:00.138929,
REQ514123,/api/login,586.7,200,2026-03-27 15:00:37.284459,
REQ514124,/api/balance,373.6,201,2026-03-12 00:36:08.512188,
REQ514125,/api/balance,11.7,200,2026-07-17 18:43:06.713249,
REQ514126,/api/beneficiary,364.6,200,2026-04-17 02:00:10.326088,
REQ514127,/api/statement,503.6,200,2026-06-12 11:21:29.693705,
REQ514128,/api/kyc/verify,434.4,504,2026-08-04 08:26:59.864051,INC404732
REQ514129,/api/transfer,1052.7,200,2026-08-02 07:16:48.186780,
REQ514130,/api/beneficiary,447.0,502,2026-07-27 02:25:47.391867,
REQ514131,/api/kyc/verify,357.6,200,2026-03-18 08:03:21.143236,
REQ514132,/api/balance,362.5,400,2026-07-26 13:43:49.538972,
REQ514133,/api/kyc/verify,232.0,200,2026-03-22 13:33:54.174173,
REQ514134,/api/transfer,652.5,200,2026-03-12 03:30:26.893955,
REQ514135,/api/transfer,167.9,200,2026-04-29 17:33:47.836603,
REQ514136,/api/balance,335.3,504,2026-08-14 20:16:26.972585,INC407476
REQ514137,/api/transfer,242.2,200,2026-04-11 19:45:02.690234,
REQ514138,/api/beneficiary,431.5,200,2026-08-16 22:11:53.127623,
REQ514139,/api/kyc/verify,59.6,200,2026-06-21 15:11:27.079517,
REQ514140,/api/transfer,403.6,200,2026-05-23 13:47:30.718711,
REQ514141,/api/beneficiary,414.1,200,2026-04-15 02:28:58.945882,
REQ514142,/api/statement,106.6,200,2026-08-06 11:35:25.996184,
REQ514143,/api/login,280.7,200,2026-08-07 07:33:35.453052,
REQ514144,/api/kyc/verify,336.7,200,2026-05-22 12:11:27.047123,
REQ514145,/api/balance,273.9,200,2026-06-08 01:15:58.044802,
REQ514146,/api/statement,221.4,200,2026-02-22 04:02:27.157440,
REQ514147,/api/transfer,347.4,200,2026-07-27 09:18:14.070648,
REQ514148,/api/login,310.4,200,2026-07-01 23:29:24.263193,
REQ514149,/api/transfer,768.0,200,2026-05-24 10:16:20.227788,
REQ514150,/api/beneficiary,47.7,200,2026-02-26 05:23:05.889703,
REQ514151,/api/balance,172.7,200,2026-05-02 21:51:38.492761,
REQ514152,/api/beneficiary,337.2,429,2026-02-25 08:09:11.684669,
REQ514153,/api/beneficiary,99.1,200,2026-05-06 19:03:33.009732,
REQ514154,/api/transfer,250.8,200,2026-03-30 16:05:26.527604,
REQ514155,/api/statement,327.7,200,2026-07-31 22:20:57.680507,
REQ514156,/api/kyc/verify,121.2,200,2026-03-11 19:34:58.049684,
REQ514157,/api/statement,99.1,200,2026-04-01 12:09:31.106684,
REQ514158,/api/transfer,480.9,200,2026-05-21 17:49:40.163014,
REQ514159,/api/kyc/verify,205.5,200,2026-04-01 18:26:03.955640,
REQ514160,/api/login,305.1,200,2026-04-26 16:01:17.038406,
REQ514161,/api/statement,101.6,200,2026-03-16 08:52:52.213478,
REQ514162,/api/kyc/verify,224.8,200,2026-05-31 13:15:44.048446,
REQ514163,/api/transfer,53.4,200,2026-07-26 15:38:34.103899,
REQ514164,/api/beneficiary,167.6,200,2026-03-20 21:56:08.021819,
REQ514165,/api/transfer,440.0,200,2026-07-26 08:50:34.521686,
REQ514166,/api/login,164.6,200,2026-07-26 05:42:56.820825,
REQ514167,/api/statement,230.4,200,2026-07-02 23:42:53.016671,
REQ514168,/api/transfer,68.3,504,2026-06-22 02:45:15.888338,INC405804
REQ514169,/api/statement,167.3,200,2026-03-23 17:05:47.502291,
REQ514170,/api/balance,210.8,429,2026-03-27 08:06:10.665387,
REQ514171,/api/balance,83.1,200,2026-04-13 13:12:34.502323,
REQ514172,/api/statement,286.6,200,2026-04-11 10:42:44.169278,
REQ514173,/api/balance,256.1,200,2026-05-07 01:22:21.903216,
REQ514174,/api/beneficiary,364.7,200,2026-07-25 18:25:28.350397,
REQ514175,/api/kyc/verify,475.9,200,2026-07-14 17:04:14.171973,
REQ514176,/api/statement,550.3,200,2026-08-01 06:33:02.612978,
REQ514177,/api/kyc/verify,77.0,200,2026-07-12 11:53:38.759689,
REQ514178,/api/statement,289.4,200,2026-05-04 12:23:09.934680,
REQ514179,/api/balance,146.5,200,2026-04-23 00:28:32.728512,
REQ514180,/api/transfer,395.2,200,2026-07-08 23:44:11.494660,
REQ514181,/api/balance,97.1,200,2026-07-25 10:50:46.818617,
REQ514182,/api/login,47.0,200,2026-03-07 02:33:55.264842,
REQ514183,/api/statement,158.7,200,2026-05-27 03:06:00.690040,
REQ514184,/api/login,495.9,500,2026-06-22 13:08:01.149318,
REQ514185,/api/balance,106.4,200,2026-02-28 09:06:29.889758,
REQ514186,/api/login,363.1,502,2026-06-02 12:58:36.389890,
REQ514187,/api/kyc/verify,157.2,200,2026-05-23 00:23:31.902112,
REQ514188,/api/login,553.1,200,2026-04-20 16:37:02.877468,
REQ514189,/api/balance,204.1,200,2026-08-03 03:07:12.587495,
REQ514190,/api/transfer,310.4,200,2026-07-13 00:05:03.720133,
REQ514191,/api/login,316.9,200,2026-03-08 13:56:13.998219,
REQ514192,/api/transfer,239.4,500,2026-02-22 22:58:07.950804,
REQ514193,/api/login,182.8,200,2026-03-23 05:28:13.236910,
REQ514194,/api/beneficiary,224.5,200,2026-06-08 12:26:17.399019,
REQ514195,/api/login,303.1,200,2026-08-02 14:52:21.329774,
REQ514196,/api/beneficiary,154.7,200,2026-05-29 03:34:57.731831,
REQ514197,/api/balance,630.5,200,2026-07-29 17:46:32.765649,
REQ514198,/api/kyc/verify,45.9,200,2026-08-04 03:29:26.637789,
REQ514199,/api/beneficiary,269.3,200,2026-08-16 08:29:26.845041,
REQ514200,/api/transfer,469.2,200,2026-02-21 19:13:01.950388,
REQ514201,/api/balance,393.4,200,2026-08-04 01:28:44.995810,
REQ514202,/api/login,7065.0,200,2026-06-22 00:44:19.278932,
REQ514203,/api/statement,717.1,400,2026-06-09 02:51:32.940036,
REQ514204,/api/balance,55.9,200,2026-06-06 10:19:42.475549,
REQ514205,/api/beneficiary,277.5,200,2026-04-11 09:59:41.769475,
REQ514206,/api/statement,223.1,200,2026-06-14 11:00:07.195897,
REQ514207,/api/statement,303.1,200,2026-03-08 07:54:30.034956,
REQ514208,/api/beneficiary,465.6,200,2026-07-27 14:40:51.329497,
REQ514209,/api/kyc/verify,118.3,200,2026-03-18 12:34:41.798547,
REQ514210,/api/beneficiary,283.0,200,2026-03-09 10:43:16.015607,
REQ514211,/api/statement,181.2,200,2026-08-03 14:20:23.453321,
REQ514212,/api/kyc/verify,623.0,200,2026-04-08 22:58:05.011526,
REQ514213,/api/statement,201.9,200,2026-06-22 14:21:57.949601,
REQ514214,/api/login,118.2,200,2026-02-21 07:56:54.875343,
REQ514215,/api/statement,79.5,200,2026-06-17 11:29:46.139606,
REQ514216,/api/statement,166.2,200,2026-07-11 02:51:07.066776,
REQ514217,/api/transfer,65.6,200,2026-07-28 17:37:34.310776,
REQ514218,/api/statement,364.2,200,2026-07-17 00:13:22.188340,
REQ514219,/api/beneficiary,543.3,200,2026-04-14 15:22:19.187806,
REQ514220,/api/statement,198.2,200,2026-04-19 09:26:21.619366,
REQ514221,/api/login,349.9,200,2026-03-23 04:08:30.228209,
REQ514222,/api/kyc/verify,822.2,429,2026-04-07 06:53:25.674360,
REQ514223,/api/balance,368.9,400,2026-06-23 21:44:20.712092,
REQ514224,/api/balance,635.7,429,2026-05-31 07:29:04.910324,
REQ514225,/api/transfer,280.8,503,2026-03-30 15:20:28.243941,
REQ514226,/api/kyc/verify,159.2,200,2026-04-18 04:58:56.641584,
REQ514227,/api/statement,109.3,200,2026-07-12 10:34:44.340127,
REQ514228,/api/login,89.6,200,2026-05-02 20:45:10.673316,
REQ514229,/api/balance,78.5,200,2026-03-11 07:55:14.913331,
REQ514230,/api/login,430.6,200,2026-07-18 17:45:21.910079,
REQ514231,/api/login,187.3,200,2026-03-31 11:27:27.931621,
REQ514232,/api/balance,416.4,200,2026-05-07 21:16:05.185896,
REQ514233,/api/login,143.5,200,2026-02-22 01:21:31.856306,
REQ514234,/api/login,84.3,200,2026-06-16 20:37:42.319658,
REQ514235,/api/login,687.0,200,2026-04-15 00:20:26.285147,
REQ514236,/api/kyc/verify,206.7,200,2026-04-05 10:09:04.328586,
REQ514237,/api/transfer,376.8,200,2026-07-12 11:13:05.640888,
REQ514238,/api/balance,186.9,200,2026-08-17 10:28:37.911023,
REQ514239,/api/balance,450.6,400,2026-03-28 19:07:56.419436,
REQ514240,/api/balance,622.1,200,2026-05-30 06:38:22.679653,
REQ514241,/api/beneficiary,5.0,200,2026-05-12 05:12:17.760417,
REQ514242,/api/transfer,196.9,200,2026-06-20 14:38:42.828713,
REQ514243,/api/beneficiary,376.4,200,2026-03-22 04:38:42.591449,
REQ514244,/api/statement,394.3,200,2026-07-21 13:24:37.412263,
REQ514245,/api/transfer,265.3,200,2026-07-29 02:24:31.205621,
REQ514246,/api/login,440.6,200,2026-05-14 01:57:08.779771,
REQ514247,/api/kyc/verify,137.3,200,2026-05-08 02:19:37.907877,
REQ514248,/api/login,92.5,200,2026-03-02 15:46:03.552395,
REQ514249,/api/statement,106.1,200,2026-02-22 23:15:30.594316,
REQ514250,/api/kyc/verify,536.7,201,2026-07-25 22:54:37.436180,
REQ514251,/api/balance,437.9,200,2026-06-01 15:23:10.071189,
REQ514252,/api/beneficiary,7338.5,500,2026-07-20 02:39:55.176118,
REQ514253,/api/statement,320.9,200,2026-05-05 14:16:43.837637,
REQ514254,/api/login,277.3,504,2026-03-04 03:26:41.577330,INC407805
REQ514255,/api/balance,51.9,504,2026-04-01 00:41:20.649733,INC404372
REQ514256,/api/kyc/verify,122.7,200,2026-04-27 07:51:53.164109,
REQ514257,/api/balance,380.4,200,2026-08-09 00:44:39.254938,
REQ514258,/api/beneficiary,128.1,200,2026-07-22 07:23:48.509671,
REQ514259,/api/balance,161.7,200,2026-05-18 14:24:32.864239,
REQ514260,/api/kyc/verify,186.8,201,2026-05-20 13:57:13.853509,
REQ514261,/api/login,241.6,401,2026-06-07 18:10:11.737343,
REQ514262,/api/statement,240.1,500,2026-04-22 09:17:28.106600,INC407840
REQ514263,/api/statement,380.9,500,2026-08-14 12:52:53.635687,INC409981
REQ514264,/api/balance,486.4,500,2026-06-21 02:02:28.288187,INC405615
REQ514265,/api/transfer,351.9,200,2026-06-24 09:31:04.946371,
REQ514266,/api/beneficiary,544.1,200,2026-07-16 02:06:23.895794,
REQ514267,/api/login,322.3,503,2026-08-19 03:49:23.060500,INC403988
REQ514268,/api/kyc/verify,514.5,200,2026-03-21 03:46:26.267277,
REQ514269,/api/transfer,547.8,200,2026-07-07 13:32:31.186534,
REQ514270,/api/login,686.5,503,2026-08-14 15:47:36.038308,
REQ514271,/api/login,296.8,200,2026-02-23 12:12:50.761973,
REQ514272,/api/kyc/verify,191.8,200,2026-06-20 21:50:24.815493,
REQ514273,/api/kyc/verify,350.5,200,2026-05-24 22:33:42.157821,
REQ514274,/api/login,492.9,200,2026-04-22 04:44:03.297878,
REQ514275,/api/balance,192.0,200,2026-03-15 00:15:39.848776,
REQ514276,/api/kyc/verify,383.0,200,2026-03-26 09:38:41.836628,
REQ514277,/api/statement,33.4,200,2026-08-01 00:33:55.515209,
REQ514278,/api/beneficiary,107.8,502,2026-06-27 05:28:42.587375,
REQ514279,/api/kyc/verify,152.6,200,2026-06-11 08:52:12.662372,
REQ514280,/api/login,154.2,200,2026-07-29 00:18:26.775522,
REQ514281,/api/balance,132.2,200,2026-03-05 00:05:33.727015,
REQ514282,/api/transfer,300.4,200,2026-05-08 01:24:50.898939,
REQ514283,/api/statement,316.7,200,2026-05-08 23:39:50.460001,
REQ514284,/api/transfer,5950.6,200,2026-04-02 04:29:37.932545,
REQ514285,/api/statement,50.7,200,2026-08-09 13:44:32.599247,
REQ514286,/api/login,224.9,200,2026-05-16 20:41:56.468581,
REQ514287,/api/kyc/verify,484.1,200,2026-06-09 04:11:15.495985,
REQ514288,/api/beneficiary,327.9,201,2026-06-04 18:29:05.066143,
REQ514289,/api/transfer,320.8,400,2026-08-13 10:05:09.315538,
REQ514290,/api/login,402.7,200,2026-03-12 21:32:51.997031,
REQ514291,/api/login,300.1,200,2026-03-02 14:21:45.219689,
REQ514292,/api/kyc/verify,178.4,503,2026-04-12 12:35:11.498926,
REQ514293,/api/login,125.7,200,2026-07-01 17:40:14.944576,
REQ514294,/api/login,136.0,200,2026-04-28 09:59:51.301751,
REQ514295,/api/transfer,319.7,200,2026-02-21 15:23:05.283717,
REQ514296,/api/login,237.0,200,2026-06-09 07:18:24.670203,
REQ514297,/api/beneficiary,202.4,200,2026-05-23 04:34:01.916100,
REQ514298,/api/transfer,7167.5,200,2026-03-22 20:16:48.751123,
REQ514299,/api/login,251.4,200,2026-04-12 14:22:42.978143,
REQ514300,/api/balance,194.3,200,2026-06-17 13:26:14.897219,
REQ514301,/api/beneficiary,140.2,502,2026-08-18 12:57:19.561355,INC406677
REQ514302,/api/statement,149.1,200,2026-06-28 03:15:48.760061,
REQ514303,/api/login,366.2,201,2026-06-16 09:34:17.420959,
REQ514304,/api/statement,542.7,200,2026-07-09 11:59:24.850434,
REQ514305,/api/statement,110.9,200,2026-04-13 00:45:33.932890,
REQ514306,/api/beneficiary,298.5,200,2026-04-13 08:55:27.044979,
REQ514307,/api/balance,141.0,200,2026-07-17 14:36:36.235263,
REQ514308,/api/transfer,224.8,200,2026-03-14 00:17:43.475097,
REQ514309,/api/transfer,267.9,200,2026-07-22 17:03:31.583094,
REQ514310,/api/transfer,499.9,200,2026-05-03 11:17:58.914957,
REQ514311,/api/beneficiary,599.1,500,2026-02-22 01:40:07.826203,INC408551
REQ514312,/api/login,146.4,200,2026-03-01 00:45:07.490632,
REQ514313,/api/kyc/verify,71.7,200,2026-04-24 10:12:57.358456,
REQ514314,/api/beneficiary,268.1,200,2026-03-07 11:00:38.304252,
REQ514315,/api/login,121.5,200,2026-07-30 14:50:02.927201,
REQ514316,/api/balance,163.5,200,2026-02-21 16:12:00.967741,
REQ514317,/api/transfer,233.7,200,2026-07-10 00:12:02.710389,
REQ514318,/api/statement,100.9,504,2026-06-06 03:05:31.227471,INC407526
REQ514319,/api/transfer,605.5,200,2026-05-07 06:26:37.921942,
REQ514320,/api/transfer,302.2,200,2026-03-13 14:39:14.256596,
REQ514321,/api/beneficiary,1229.4,200,2026-08-08 05:44:33.846962,
REQ514322,/api/login,113.4,200,2026-05-05 00:59:20.672872,
REQ514323,/api/transfer,1241.1,200,2026-06-23 12:18:22.918334,
REQ514324,/api/kyc/verify,271.5,200,2026-04-26 18:19:21.751628,
REQ514325,/api/balance,735.4,200,2026-06-23 19:59:01.597517,
REQ514326,/api/beneficiary,342.1,200,2026-08-16 10:35:19.921211,
REQ514327,/api/kyc/verify,38.2,200,2026-03-01 06:47:18.335334,
REQ514328,/api/balance,130.9,200,2026-08-10 11:28:34.120863,
REQ514329,/api/transfer,135.6,200,2026-08-06 16:30:12.090123,
REQ514330,/api/transfer,188.4,200,2026-07-10 16:39:57.466877,
REQ514331,/api/transfer,176.1,200,2026-07-18 18:15:55.809029,
REQ514332,/api/login,166.2,429,2026-07-09 13:09:53.977215,
REQ514333,/api/balance,64.4,200,2026-02-21 13:29:49.390962,
REQ514334,/api/beneficiary,331.8,200,2026-05-05 01:21:58.045570,
REQ514335,/api/beneficiary,349.6,200,2026-06-08 15:43:28.918788,
REQ514336,/api/login,112.5,200,2026-05-11 15:43:59.025956,
REQ514337,/api/balance,224.2,400,2026-07-15 09:24:26.698161,
REQ514338,/api/kyc/verify,191.8,200,2026-06-13 08:11:37.409363,
REQ514339,/api/kyc/verify,964.5,200,2026-06-21 17:02:42.175982,
REQ514340,/api/statement,76.2,502,2026-05-15 22:58:48.577728,INC401121
REQ514341,/api/statement,993.5,200,2026-04-10 18:41:06.966240,
REQ514342,/api/login,447.1,200,2026-07-05 02:46:32.817444,
REQ514343,/api/transfer,321.9,200,2026-06-24 00:05:35.047451,
REQ514344,/api/balance,136.5,200,2026-06-04 14:51:09.880253,
REQ514345,/api/kyc/verify,451.7,200,2026-07-02 17:48:58.636265,
REQ514346,/api/statement,201.9,200,2026-07-13 06:06:52.750994,
REQ514347,/api/login,110.6,429,2026-04-03 09:32:10.515072,
REQ514348,/api/beneficiary,235.1,200,2026-03-04 03:27:54.315679,
REQ514349,/api/transfer,419.3,504,2026-03-21 23:51:46.628573,
REQ514350,/api/transfer,97.1,200,2026-04-17 22:52:34.185624,
REQ514351,/api/transfer,457.2,200,2026-06-09 10:53:52.411874,
REQ514352,/api/kyc/verify,49.2,200,2026-07-14 02:12:31.870633,
REQ514353,/api/beneficiary,585.2,200,2026-03-05 19:26:51.822846,
REQ514354,/api/transfer,5285.5,200,2026-03-09 01:48:23.773601,
REQ514355,/api/transfer,43.0,200,2026-03-04 13:07:59.042620,
REQ514356,/api/balance,238.6,200,2026-06-15 03:49:58.793317,
REQ514357,/api/kyc/verify,372.2,401,2026-06-08 07:37:19.667202,
REQ514358,/api/balance,693.0,200,2026-05-17 14:21:28.849589,
REQ514359,/api/beneficiary,116.3,200,2026-03-12 08:45:11.386857,
REQ514360,/api/beneficiary,174.5,200,2026-04-15 02:39:24.035931,
REQ514361,/api/login,227.2,429,2026-03-19 15:48:36.479067,
REQ514362,/api/kyc/verify,270.0,200,2026-04-10 09:46:16.284247,
REQ514363,/api/login,49.8,200,2026-07-12 15:22:55.100230,
REQ514364,/api/transfer,464.9,200,2026-04-24 22:06:26.662909,
REQ514365,/api/kyc/verify,171.5,503,2026-04-03 19:15:20.115896,INC400338
REQ514366,/api/balance,89.0,200,2026-06-16 23:55:19.028147,
REQ514367,/api/balance,48.5,200,2026-04-02 19:07:52.289697,
REQ514368,/api/login,324.6,200,2026-08-04 13:48:21.074361,
REQ514369,/api/statement,321.7,200,2026-04-02 01:12:02.502974,
REQ514370,/api/transfer,124.2,200,2026-05-10 12:10:49.414879,
REQ514371,/api/beneficiary,491.4,200,2026-04-25 06:05:46.762502,
REQ514372,/api/kyc/verify,367.8,200,2026-04-27 04:12:21.220218,
REQ514373,/api/transfer,256.6,200,2026-02-22 00:53:14.727612,
REQ514374,/api/login,95.0,200,2026-07-16 04:23:54.784965,
REQ514375,/api/statement,65.0,200,2026-03-18 01:47:22.028225,
REQ514376,/api/statement,129.9,200,2026-02-24 18:53:33.638202,
REQ514377,/api/beneficiary,420.3,200,2026-06-24 02:26:47.937791,
REQ514378,/api/login,127.1,502,2026-04-26 16:25:51.156005,INC406763
REQ514379,/api/kyc/verify,245.1,200,2026-05-27 10:09:25.476705,
REQ514380,/api/beneficiary,264.2,200,2026-08-03 09:10:12.272006,
REQ514381,/api/statement,116.3,200,2026-04-14 04:29:03.908214,
REQ514382,/api/login,558.4,200,2026-04-22 16:10:34.966888,
REQ514383,/api/beneficiary,72.3,200,2026-07-12 07:11:46.998338,
REQ514384,/api/statement,308.6,200,2026-03-16 18:52:38.510247,
REQ514385,/api/balance,59.1,200,2026-06-23 02:36:28.805824,
REQ514386,/api/beneficiary,1051.3,200,2026-05-12 04:57:38.452060,
REQ514387,/api/transfer,139.2,200,2026-03-14 23:27:17.894280,
REQ514388,/api/beneficiary,351.3,200,2026-08-04 12:08:56.992448,
REQ514389,/api/transfer,67.7,200,2026-07-02 14:56:10.573525,
REQ514390,/api/transfer,254.9,201,2026-06-19 15:13:39.519685,
REQ514391,/api/transfer,203.4,200,2026-04-06 14:41:34.392464,
REQ514392,/api/transfer,316.9,200,2026-05-27 05:09:25.369884,
REQ514393,/api/statement,164.6,200,2026-04-01 20:39:01.846349,
REQ514394,/api/balance,380.9,200,2026-06-11 01:47:55.040392,
REQ514395,/api/balance,99.3,200,2026-04-15 01:07:08.603784,
REQ514396,/api/login,279.8,200,2026-08-02 11:41:11.113179,
REQ514397,/api/balance,589.1,200,2026-03-02 00:34:46.645200,
REQ514398,/api/login,167.6,400,2026-08-04 04:59:39.846741,
REQ514399,/api/balance,293.9,401,2026-08-12 05:58:22.695963,
REQ514400,/api/kyc/verify,85.7,200,2026-08-02 23:50:35.838767,
REQ514401,/api/kyc/verify,124.6,200,2026-02-28 02:29:15.187255,
REQ514402,/api/transfer,379.7,200,2026-07-02 13:12:20.778435,
REQ514403,/api/beneficiary,260.9,200,2026-07-03 13:34:34.066747,
REQ514404,/api/transfer,578.4,401,2026-05-12 00:12:24.029539,
REQ514405,/api/login,568.7,200,2026-05-18 13:02:12.617822,
REQ514406,/api/login,119.0,200,2026-07-26 15:59:17.747683,
REQ514407,/api/kyc/verify,126.0,200,2026-07-08 06:41:16.248614,
REQ514408,/api/login,107.6,200,2026-05-02 21:01:47.199802,
REQ514409,/api/kyc/verify,964.3,200,2026-08-02 13:26:22.293172,
REQ514410,/api/transfer,564.5,200,2026-05-18 09:31:09.333118,
REQ514411,/api/transfer,281.3,200,2026-04-28 14:14:35.238327,
REQ514412,/api/kyc/verify,122.3,200,2026-02-21 22:55:22.890650,
REQ514413,/api/kyc/verify,414.1,500,2026-04-12 13:17:13.615125,INC407339
REQ514414,/api/balance,464.1,200,2026-03-12 14:09:40.353252,
REQ514415,/api/login,615.4,200,2026-04-02 23:38:46.729225,
REQ514416,/api/balance,211.5,200,2026-03-07 01:08:33.484123,
REQ514417,/api/login,80.2,200,2026-05-06 05:57:10.607893,
REQ514418,/api/balance,164.9,200,2026-03-11 15:53:42.386423,
REQ514419,/api/beneficiary,243.5,200,2026-07-29 04:31:47.847974,
REQ514420,/api/beneficiary,505.8,200,2026-05-24 00:15:44.757530,
REQ514421,/api/beneficiary,63.2,200,2026-06-11 14:38:34.581598,
REQ514422,/api/balance,141.4,200,2026-02-21 00:04:00.076257,
REQ514423,/api/kyc/verify,72.3,200,2026-07-02 06:44:55.507417,
REQ514424,/api/kyc/verify,271.1,200,2026-04-22 23:44:45.233340,
REQ514425,/api/beneficiary,325.6,200,2026-03-23 13:46:18.351391,
REQ514426,/api/kyc/verify,238.9,200,2026-08-12 15:34:39.488749,
REQ514427,/api/login,314.3,200,2026-06-13 12:52:55.784334,
REQ514428,/api/balance,269.3,200,2026-08-15 09:01:08.042548,
REQ514429,/api/beneficiary,28.8,200,2026-06-09 20:05:33.630701,
REQ514430,/api/kyc/verify,244.1,200,2026-07-17 01:01:04.113374,
REQ514431,/api/statement,127.3,500,2026-03-23 17:49:59.823418,
REQ514432,/api/balance,287.9,200,2026-03-02 10:29:30.963588,
REQ514433,/api/balance,137.2,200,2026-04-19 18:14:24.581645,
REQ514434,/api/transfer,73.8,200,2026-03-06 00:56:58.202866,
REQ514435,/api/kyc/verify,340.2,200,2026-03-28 10:21:47.180873,
REQ514436,/api/balance,304.0,500,2026-03-03 16:37:45.300499,
REQ514437,/api/statement,112.8,200,2026-05-29 20:50:03.565342,
REQ514438,/api/statement,365.1,200,2026-08-09 13:08:20.267347,
REQ514439,/api/login,468.5,200,2026-04-19 07:20:42.657571,
REQ514440,/api/balance,522.9,200,2026-06-15 23:01:33.735626,
REQ514441,/api/login,343.8,200,2026-03-24 06:06:17.932577,
REQ514442,/api/balance,864.9,500,2026-04-06 19:09:02.548400,
REQ514443,/api/kyc/verify,186.9,200,2026-04-18 14:49:10.443326,
REQ514444,/api/balance,25.1,200,2026-07-03 20:01:21.220594,
REQ514445,/api/kyc/verify,560.6,200,2026-08-02 00:52:41.634290,
REQ514446,/api/kyc/verify,445.1,401,2026-07-09 21:58:37.198051,
REQ514447,/api/statement,130.6,200,2026-05-21 11:14:34.762917,
REQ514448,/api/login,166.8,200,2026-06-03 18:53:40.950767,
REQ514449,/api/statement,384.4,200,2026-05-16 05:38:59.913150,
REQ514450,/api/statement,7931.8,200,2026-03-06 09:27:07.510438,
REQ514451,/api/statement,396.4,200,2026-07-08 16:40:53.904131,
REQ514452,/api/balance,205.0,200,2026-06-29 10:55:16.318542,
REQ514453,/api/login,195.7,200,2026-03-09 19:56:15.582458,
REQ514454,/api/balance,324.2,200,2026-05-20 03:21:00.569327,
REQ514455,/api/kyc/verify,93.9,200,2026-04-20 19:43:50.737747,
REQ514456,/api/balance,97.6,200,2026-03-03 10:51:39.297595,
REQ514457,/api/login,379.4,200,2026-06-12 05:24:14.085997,
REQ514458,/api/beneficiary,147.1,200,2026-06-09 09:19:50.225122,
REQ514459,/api/beneficiary,152.9,201,2026-04-01 15:13:59.009451,
REQ514460,/api/transfer,162.9,200,2026-05-14 13:56:25.910430,
REQ514461,/api/kyc/verify,62.5,200,2026-05-08 06:18:04.196207,
REQ514462,/api/statement,440.9,200,2026-06-09 01:45:42.919071,
REQ514463,/api/kyc/verify,167.2,200,2026-06-16 20:56:45.750023,
REQ514464,/api/kyc/verify,43.3,200,2026-05-05 23:51:47.015590,
REQ514465,/api/login,147.7,200,2026-07-31 12:15:43.192588,
REQ514466,/api/statement,257.9,500,2026-03-31 18:09:48.693964,
REQ514467,/api/balance,574.8,200,2026-07-06 15:02:25.567509,
REQ514468,/api/kyc/verify,169.1,200,2026-04-20 17:33:45.945333,
REQ514469,/api/transfer,456.0,200,2026-05-17 06:00:26.988432,
REQ514470,/api/balance,603.1,200,2026-08-04 00:35:17.498862,
REQ514471,/api/beneficiary,523.3,200,2026-08-02 20:55:18.970415,
REQ514472,/api/kyc/verify,852.1,400,2026-03-08 14:25:36.858553,
REQ514473,/api/statement,133.5,400,2026-03-15 04:23:04.104824,
REQ514474,/api/kyc/verify,119.9,200,2026-04-09 21:10:49.570223,
REQ514475,/api/login,939.1,500,2026-05-30 08:31:24.047207,
REQ514476,/api/transfer,160.2,200,2026-06-29 02:38:11.973958,
REQ514477,/api/kyc/verify,146.7,201,2026-05-29 12:40:30.675016,
REQ514478,/api/statement,524.1,200,2026-04-13 21:42:55.372353,
REQ514479,/api/login,746.4,200,2026-06-01 08:02:12.682329,
REQ514480,/api/kyc/verify,153.5,200,2026-03-02 19:56:49.299010,
REQ514481,/api/login,559.2,201,2026-06-24 04:09:53.705390,
REQ514482,/api/login,314.6,200,2026-07-11 11:38:53.167905,
REQ514483,/api/login,515.9,200,2026-04-30 05:00:06.153814,
REQ514484,/api/beneficiary,308.4,200,2026-06-19 00:35:08.036373,
REQ514485,/api/login,151.5,200,2026-04-20 01:25:07.183743,
REQ514486,/api/balance,317.4,200,2026-03-10 01:11:15.754300,
REQ514487,/api/balance,834.2,200,2026-05-18 21:34:37.661358,
REQ514488,/api/statement,97.0,200,2026-07-24 21:25:23.688539,
REQ514489,/api/login,160.9,200,2026-03-05 22:57:32.865636,
REQ514490,/api/kyc/verify,321.7,200,2026-07-30 17:19:01.603289,
REQ514491,/api/kyc/verify,556.8,200,2026-07-02 17:56:06.391843,
REQ514492,/api/balance,665.0,200,2026-06-28 13:58:57.719947,
REQ514493,/api/beneficiary,144.9,200,2026-06-05 08:14:21.006442,
REQ514494,/api/kyc/verify,99.4,504,2026-07-10 09:33:27.933639,INC403177
REQ514495,/api/statement,299.8,200,2026-02-28 13:57:02.122261,
REQ514496,/api/transfer,342.1,500,2026-03-21 16:07:37.988685,
REQ514497,/api/beneficiary,253.4,200,2026-07-06 16:34:41.198036,
REQ514498,/api/kyc/verify,130.9,201,2026-04-22 22:00:45.951144,
REQ514499,/api/statement,301.0,200,2026-08-16 00:29:08.110668,
REQ514500,/api/statement,354.5,502,2026-08-18 06:41:14.353212,
REQ514501,/api/transfer,209.8,200,2026-08-07 07:12:56.214355,
REQ514502,/api/statement,148.8,200,2026-06-15 03:07:59.041004,
REQ514503,/api/beneficiary,227.3,200,2026-03-27 19:35:42.305799,
REQ514504,/api/statement,163.0,503,2026-07-13 22:00:04.227599,INC401956
REQ514505,/api/login,379.5,400,2026-05-04 08:53:12.890291,
REQ514506,/api/beneficiary,101.0,200,2026-03-12 20:40:49.197506,
REQ514507,/api/kyc/verify,256.8,200,2026-05-22 05:20:57.880982,
REQ514508,/api/kyc/verify,150.1,200,2026-05-17 11:05:18.078568,
REQ514509,/api/balance,226.6,400,2026-04-29 16:11:58.344677,
REQ514510,/api/transfer,90.8,200,2026-08-01 14:54:59.252775,
REQ514511,/api/transfer,273.3,502,2026-07-27 04:54:20.599071,
REQ514512,/api/beneficiary,8274.9,200,2026-03-31 15:33:23.204255,
REQ514513,/api/transfer,313.4,200,2026-07-14 16:12:33.508591,
REQ514514,/api/transfer,173.3,200,2026-08-17 06:07:40.738120,
REQ514515,/api/login,310.7,200,2026-06-19 23:56:06.921785,
REQ514516,/api/beneficiary,147.1,200,2026-05-02 17:45:32.133787,
REQ514517,/api/beneficiary,395.4,200,2026-07-25 16:04:47.795646,
REQ514518,/api/beneficiary,543.6,200,2026-04-27 04:13:57.620886,
REQ514519,/api/login,192.7,200,2026-04-07 05:45:12.566828,
REQ514520,/api/kyc/verify,47.9,200,2026-08-15 08:26:34.193134,
REQ514521,/api/statement,352.5,502,2026-05-29 13:56:33.520559,INC400340
REQ514522,/api/beneficiary,129.4,200,2026-05-26 02:20:46.986545,
REQ514523,/api/balance,130.1,500,2026-05-18 15:49:59.722625,INC409919
REQ514524,/api/statement,55.4,200,2026-02-24 05:21:54.836275,
REQ514525,/api/login,150.6,200,2026-03-06 18:19:01.022043,
REQ514526,/api/statement,489.9,200,2026-04-09 09:55:21.713356,
REQ514527,/api/transfer,991.0,200,2026-04-06 20:32:16.793189,
REQ514528,/api/beneficiary,97.0,200,2026-05-31 23:10:11.226042,
REQ514529,/api/beneficiary,136.2,200,2026-05-07 17:41:02.515429,
REQ514530,/api/transfer,120.8,200,2026-08-18 20:36:59.499156,
REQ514531,/api/transfer,214.3,200,2026-08-06 22:45:14.598430,
REQ514532,/api/kyc/verify,853.6,200,2026-03-05 23:50:26.501284,
REQ514533,/api/login,433.0,200,2026-03-20 01:48:55.049347,
REQ514534,/api/statement,250.4,200,2026-06-23 16:19:06.853837,
REQ514535,/api/statement,533.6,200,2026-05-15 11:03:54.313645,
REQ514536,/api/transfer,178.2,200,2026-03-21 20:36:05.777605,
REQ514537,/api/statement,203.0,200,2026-05-07 05:38:09.995132,
REQ514538,/api/login,383.3,200,2026-05-24 15:33:37.979073,
REQ514539,/api/statement,78.7,500,2026-05-25 09:58:28.895455,INC408759
REQ514540,/api/login,410.6,200,2026-03-08 16:00:06.440548,
REQ514541,/api/transfer,367.7,200,2026-02-27 16:37:22.810232,
REQ514542,/api/balance,132.6,200,2026-05-09 11:13:07.376253,
REQ514543,/api/transfer,396.7,429,2026-08-13 22:56:30.888821,
REQ514544,/api/kyc/verify,91.4,200,2026-05-09 22:39:31.187701,
REQ514545,/api/balance,73.1,200,2026-08-15 11:31:07.265704,
REQ514546,/api/kyc/verify,198.8,200,2026-07-03 20:35:49.434624,
REQ514547,/api/beneficiary,250.5,200,2026-06-30 19:59:12.552064,
REQ514548,/api/login,7144.0,200,2026-08-18 21:21:42.747269,
REQ514549,/api/kyc/verify,166.2,200,2026-07-08 03:51:32.707054,
REQ514550,/api/beneficiary,51.2,500,2026-03-04 01:01:35.773099,
REQ514551,/api/transfer,255.4,200,2026-07-14 18:42:31.338599,
REQ514552,/api/balance,39.6,200,2026-05-28 16:27:39.977765,
REQ514553,/api/transfer,464.3,200,2026-05-25 09:22:09.468442,
REQ514554,/api/kyc/verify,1632.2,200,2026-02-22 15:27:18.905310,
REQ514555,/api/login,485.9,200,2026-07-01 21:17:56.138560,
REQ514556,/api/balance,238.5,400,2026-05-08 17:18:07.347301,
REQ514557,/api/kyc/verify,747.0,200,2026-03-12 11:00:43.601312,
REQ514558,/api/balance,418.7,200,2026-07-18 08:56:51.855030,
REQ514559,/api/login,53.8,200,2026-05-21 07:47:35.931601,
REQ514560,/api/kyc/verify,45.0,200,2026-03-26 20:20:46.717298,
REQ514561,/api/balance,165.0,200,2026-08-07 13:15:38.131605,
REQ514562,/api/balance,403.7,200,2026-04-24 19:30:57.720328,
REQ514563,/api/login,325.1,200,2026-03-25 23:40:27.143754,
REQ514564,/api/login,224.1,200,2026-05-18 14:18:31.289737,
REQ514565,/api/login,147.9,200,2026-07-06 12:23:16.898754,
REQ514566,/api/kyc/verify,270.0,200,2026-06-11 03:18:52.335079,
REQ514567,/api/transfer,107.4,200,2026-08-04 19:10:48.392202,
REQ514568,/api/transfer,261.7,500,2026-06-21 05:22:29.435619,
REQ514569,/api/statement,185.5,200,2026-05-31 21:36:56.958197,
REQ514570,/api/balance,382.0,200,2026-05-20 07:09:01.438757,
REQ514571,/api/statement,178.9,200,2026-04-04 09:38:06.739835,
REQ514572,/api/statement,471.7,200,2026-08-01 12:56:43.546775,
REQ514573,/api/statement,43.1,200,2026-06-07 17:33:03.634675,
REQ514574,/api/beneficiary,753.4,200,2026-07-13 02:54:54.216654,
REQ514575,/api/login,8627.3,200,2026-05-26 00:30:36.806357,
REQ514576,/api/transfer,592.1,200,2026-07-24 08:42:09.682341,
REQ514577,/api/transfer,277.4,200,2026-06-15 04:23:57.410407,
REQ514578,/api/kyc/verify,453.6,200,2026-07-28 10:02:47.253445,
REQ514579,/api/balance,347.0,200,2026-07-01 21:56:57.217524,
REQ514580,/api/statement,142.6,500,2026-08-16 07:08:54.086325,INC400754
REQ514581,/api/beneficiary,530.0,504,2026-05-25 15:47:02.689966,INC403579
REQ514582,/api/balance,191.2,200,2026-03-09 14:12:49.216101,
REQ514583,/api/beneficiary,907.5,502,2026-06-23 15:47:55.371726,INC408921
REQ514584,/api/statement,285.0,200,2026-07-30 06:27:42.752613,
REQ514585,/api/balance,1045.6,200,2026-06-03 13:07:35.180621,
REQ514586,/api/beneficiary,310.0,502,2026-04-14 20:00:06.652212,
REQ514587,/api/transfer,265.2,200,2026-07-07 01:50:51.288855,
REQ514588,/api/login,364.7,201,2026-07-22 12:09:28.617459,
REQ514589,/api/transfer,240.6,200,2026-05-19 09:33:18.902796,
REQ514590,/api/beneficiary,328.8,200,2026-06-25 12:03:42.390363,
REQ514591,/api/balance,269.0,200,2026-07-07 00:02:48.921830,
REQ514592,/api/balance,152.1,200,2026-04-18 18:40:42.183432,
REQ514593,/api/beneficiary,96.9,200,2026-02-27 23:23:33.747198,
REQ514594,/api/statement,387.8,200,2026-08-11 06:27:30.199678,
REQ514595,/api/beneficiary,573.9,200,2026-05-26 15:27:38.763566,
REQ514596,/api/beneficiary,150.3,200,2026-05-09 02:02:54.705266,
REQ514597,/api/kyc/verify,375.3,200,2026-04-17 14:04:58.057196,
REQ514598,/api/login,56.5,200,2026-04-27 21:47:25.319145,
REQ514599,/api/balance,198.1,200,2026-05-02 15:53:54.029212,
REQ514600,/api/transfer,186.6,200,2026-06-10 05:18:42.901912,
REQ514601,/api/login,259.9,200,2026-05-01 07:30:34.290645,
REQ514602,/api/beneficiary,212.6,200,2026-06-03 17:47:04.407211,
REQ514603,/api/beneficiary,275.6,200,2026-03-22 05:32:38.101562,
REQ514604,/api/transfer,214.1,200,2026-05-21 11:26:54.446279,
REQ514605,/api/kyc/verify,89.1,200,2026-05-13 03:34:34.155883,
REQ514606,/api/transfer,473.4,502,2026-03-11 03:35:46.752835,
REQ514607,/api/kyc/verify,255.0,400,2026-07-07 23:02:55.522724,
REQ514608,/api/transfer,83.5,200,2026-05-28 09:14:42.402782,
REQ514609,/api/kyc/verify,89.1,200,2026-07-21 13:14:59.933623,
REQ514610,/api/statement,160.6,200,2026-07-06 18:28:14.036802,
REQ514611,/api/login,27.3,200,2026-06-21 16:38:31.483069,
REQ514612,/api/login,337.9,401,2026-03-06 07:52:27.709877,
REQ514613,/api/beneficiary,372.8,200,2026-05-22 22:23:11.327556,
REQ514614,/api/balance,321.2,200,2026-04-27 04:09:09.764971,
REQ514615,/api/kyc/verify,145.5,500,2026-06-28 10:16:25.184369,INC405478
REQ514616,/api/statement,228.1,200,2026-07-14 19:19:45.719709,
REQ514617,/api/beneficiary,454.3,200,2026-06-26 08:53:36.859120,
REQ514618,/api/balance,288.1,200,2026-06-09 16:55:20.716277,
REQ514619,/api/beneficiary,308.3,200,2026-02-28 05:55:04.070947,
REQ514620,/api/kyc/verify,199.3,200,2026-03-18 06:35:01.069190,
REQ514621,/api/statement,411.7,200,2026-07-30 12:31:09.683083,
REQ514622,/api/kyc/verify,142.7,200,2026-06-04 22:15:42.218792,
REQ514623,/api/statement,109.6,200,2026-06-24 21:56:02.072931,
REQ514624,/api/transfer,91.5,400,2026-07-25 22:27:32.273545,
REQ514625,/api/beneficiary,304.6,400,2026-06-02 19:27:52.569296,
REQ514626,/api/beneficiary,312.0,200,2026-04-11 07:27:25.030102,
REQ514627,/api/statement,161.8,200,2026-06-20 18:17:07.035318,
REQ514628,/api/beneficiary,68.4,201,2026-07-08 03:02:32.339345,
REQ514629,/api/login,674.1,400,2026-04-12 00:39:34.454785,
REQ514630,/api/beneficiary,169.3,200,2026-06-26 03:32:18.140452,
REQ514631,/api/transfer,165.3,200,2026-07-16 09:31:46.479123,
REQ514632,/api/statement,564.0,200,2026-05-31 15:05:37.167894,
REQ514633,/api/kyc/verify,246.5,200,2026-04-08 01:01:58.014952,
REQ514634,/api/transfer,366.3,200,2026-08-09 14:00:33.985523,
REQ514635,/api/statement,601.3,200,2026-04-15 05:49:30.097312,
REQ514636,/api/beneficiary,394.9,200,2026-04-18 03:35:27.689851,
REQ514637,/api/beneficiary,220.3,502,2026-03-13 19:52:38.753779,INC405873
REQ514638,/api/statement,385.5,400,2026-03-24 17:26:45.679855,
REQ514639,/api/statement,355.1,200,2026-06-20 03:00:43.909608,
REQ514640,/api/login,403.5,200,2026-03-01 09:36:19.796336,
REQ514641,/api/balance,251.0,200,2026-03-25 18:04:46.989537,
REQ514642,/api/statement,162.0,503,2026-02-27 06:32:51.191262,
REQ514643,/api/balance,465.9,200,2026-07-29 17:25:40.111076,
REQ514644,/api/statement,726.7,200,2026-05-03 21:28:43.507864,
REQ514645,/api/transfer,179.4,200,2026-04-19 05:54:12.676504,
REQ514646,/api/statement,203.6,200,2026-05-31 16:58:31.097906,
REQ514647,/api/kyc/verify,231.1,200,2026-05-29 16:28:16.519898,
REQ514648,/api/balance,793.9,401,2026-05-17 23:16:40.635144,
REQ514649,/api/beneficiary,160.4,200,2026-08-15 18:49:32.214103,
REQ514650,/api/beneficiary,778.7,200,2026-07-21 19:12:08.046043,
REQ514651,/api/kyc/verify,72.8,502,2026-04-09 12:08:28.814053,
REQ514652,/api/kyc/verify,143.8,401,2026-08-08 14:17:44.628338,
REQ514653,/api/statement,88.8,200,2026-03-02 03:25:59.358289,
REQ514654,/api/balance,289.0,200,2026-07-29 04:09:52.840035,
REQ514655,/api/login,583.2,200,2026-04-16 08:32:56.123015,
REQ514656,/api/transfer,450.9,200,2026-05-21 01:16:38.496155,
REQ514657,/api/balance,163.1,200,2026-07-12 23:44:06.203948,
REQ514658,/api/login,135.9,504,2026-07-22 18:05:23.178650,INC407751
REQ514659,/api/beneficiary,271.7,200,2026-06-06 09:59:55.624727,
REQ514660,/api/login,328.2,200,2026-07-10 20:57:27.773399,
REQ514661,/api/kyc/verify,132.2,503,2026-06-09 15:16:08.270832,INC401261
REQ514662,/api/transfer,202.2,200,2026-05-18 03:44:59.529272,
REQ514663,/api/login,88.4,401,2026-06-16 15:31:10.140190,
REQ514664,/api/kyc/verify,187.0,201,2026-08-14 04:04:15.624187,
REQ514665,/api/balance,155.2,200,2026-05-11 17:40:47.046429,
REQ514666,/api/transfer,70.4,201,2026-06-09 19:51:53.356827,
REQ514667,/api/kyc/verify,397.7,200,2026-05-11 00:33:21.120734,
REQ514668,/api/login,298.1,200,2026-05-15 08:34:45.049655,
REQ514669,/api/kyc/verify,103.3,200,2026-07-23 02:04:45.303077,
REQ514670,/api/kyc/verify,299.5,200,2026-05-02 01:02:00.830162,
REQ514671,/api/balance,464.5,200,2026-07-04 02:32:00.032005,
REQ514672,/api/beneficiary,162.0,200,2026-07-24 00:21:00.260716,
REQ514673,/api/beneficiary,35.4,200,2026-07-05 09:53:03.655332,
REQ514674,/api/beneficiary,689.8,200,2026-03-08 03:27:08.124082,
REQ514675,/api/login,338.3,200,2026-07-29 19:12:47.053589,
REQ514676,/api/beneficiary,75.3,200,2026-05-27 23:52:16.398752,
REQ514677,/api/login,894.5,200,2026-04-11 05:43:32.232531,
REQ514678,/api/transfer,240.1,200,2026-07-27 20:21:28.573465,
REQ514679,/api/kyc/verify,65.2,200,2026-03-14 15:11:03.776321,
REQ514680,/api/statement,357.3,200,2026-05-22 20:13:27.416107,
REQ514681,/api/beneficiary,493.6,200,2026-03-04 21:13:35.731999,
REQ514682,/api/kyc/verify,155.4,200,2026-05-16 14:50:11.375571,
REQ514683,/api/balance,93.1,200,2026-07-16 12:14:17.897458,
REQ514684,/api/login,353.9,200,2026-05-15 21:53:31.367444,
REQ514685,/api/login,671.8,200,2026-04-12 13:14:41.820666,
REQ514686,/api/statement,625.7,500,2026-05-28 15:59:27.268614,INC401234
REQ514687,/api/beneficiary,1110.2,200,2026-06-05 19:34:06.164214,
REQ514688,/api/transfer,182.2,503,2026-07-02 11:57:45.958145,INC405704
REQ514689,/api/statement,565.8,200,2026-04-26 07:23:50.667886,
REQ514690,/api/balance,529.5,200,2026-04-04 09:31:19.800242,
REQ514691,/api/beneficiary,178.2,200,2026-04-20 15:32:44.751070,
REQ514692,/api/login,254.1,504,2026-03-17 08:40:14.361189,
REQ514693,/api/statement,241.2,401,2026-03-04 21:08:43.669759,
REQ514694,/api/balance,210.1,200,2026-06-17 20:43:57.061504,
REQ514695,/api/statement,1157.7,502,2026-08-13 11:39:31.390830,INC408134
REQ514696,/api/statement,622.8,200,2026-08-14 21:05:03.269076,
REQ514697,/api/transfer,247.4,200,2026-04-22 02:26:58.010366,
REQ514698,/api/statement,307.8,429,2026-05-18 11:30:01.176941,
REQ514699,/api/kyc/verify,44.4,200,2026-06-17 18:08:32.024710,
REQ514700,/api/balance,73.6,200,2026-06-12 19:53:16.825171,
REQ514701,/api/statement,396.5,200,2026-03-04 18:47:05.541487,
REQ514702,/api/transfer,19.7,201,2026-06-30 11:04:27.240907,
REQ514703,/api/transfer,440.0,200,2026-03-06 00:32:28.806496,
REQ514704,/api/balance,133.4,200,2026-03-24 14:51:39.856702,
REQ514705,/api/statement,648.3,200,2026-06-28 06:55:23.795059,
REQ514706,/api/login,494.8,200,2026-06-19 02:46:21.088960,
REQ514707,/api/statement,1425.0,429,2026-06-18 06:17:17.914766,
REQ514708,/api/transfer,428.6,200,2026-07-26 05:57:46.698791,
REQ514709,/api/kyc/verify,494.2,200,2026-07-02 01:02:37.004346,
REQ514710,/api/balance,490.9,500,2026-05-22 17:36:16.417300,
REQ514711,/api/login,277.1,200,2026-07-27 11:18:14.215693,
REQ514712,/api/kyc/verify,154.3,429,2026-08-18 02:31:58.676474,
REQ514713,/api/statement,508.5,200,2026-05-29 22:42:35.186373,
REQ514714,/api/balance,191.2,200,2026-07-09 05:31:36.522284,
REQ514715,/api/balance,430.1,200,2026-04-25 19:57:57.106095,
REQ514716,/api/login,442.4,503,2026-07-10 04:48:28.916941,
REQ514717,/api/balance,341.4,429,2026-05-17 06:32:57.135502,
REQ514718,/api/login,241.2,200,2026-08-11 08:25:42.307718,
REQ514719,/api/login,583.9,200,2026-02-25 14:51:16.896759,
REQ514720,/api/login,148.3,200,2026-03-03 01:33:34.416991,
REQ514721,/api/login,423.0,200,2026-05-06 04:05:05.108570,
REQ514722,/api/transfer,552.5,200,2026-06-19 05:15:56.669135,
REQ514723,/api/kyc/verify,245.2,200,2026-04-23 05:05:19.540416,
REQ514724,/api/login,206.6,200,2026-07-10 03:06:27.571357,
REQ514725,/api/statement,162.4,200,2026-05-15 04:54:28.285807,
REQ514726,/api/balance,250.7,401,2026-06-19 18:20:40.883662,
REQ514727,/api/kyc/verify,166.8,503,2026-06-28 04:15:45.788844,INC409306
REQ514728,/api/kyc/verify,438.9,200,2026-07-25 05:15:33.649506,
REQ514729,/api/beneficiary,282.7,200,2026-06-13 05:49:20.556435,
REQ514730,/api/login,192.4,200,2026-03-12 04:30:31.679226,
REQ514731,/api/beneficiary,310.8,200,2026-07-02 14:08:24.138697,
REQ514732,/api/transfer,235.8,200,2026-04-28 21:35:38.229982,
REQ514733,/api/transfer,199.9,200,2026-05-04 23:45:26.835382,
REQ514734,/api/statement,294.5,200,2026-03-13 01:42:37.142155,
REQ514735,/api/kyc/verify,409.9,200,2026-07-28 10:23:00.300167,
REQ514736,/api/beneficiary,708.1,200,2026-03-09 09:42:28.555506,
REQ514737,/api/beneficiary,510.2,200,2026-08-01 12:04:39.539453,
REQ514738,/api/login,275.0,200,2026-03-21 08:52:52.276465,
REQ514739,/api/login,108.6,200,2026-04-06 06:35:19.979533,
REQ514740,/api/beneficiary,555.3,200,2026-07-01 03:47:45.372520,
REQ514741,/api/transfer,337.0,500,2026-02-23 11:19:53.423001,INC404729
REQ514742,/api/balance,147.1,200,2026-07-31 07:16:45.270044,
REQ514743,/api/statement,397.4,200,2026-02-23 03:16:57.329270,
REQ514744,/api/beneficiary,130.3,502,2026-05-15 04:46:25.365239,
REQ514745,/api/transfer,508.1,200,2026-06-14 16:29:09.620191,
REQ514746,/api/beneficiary,71.0,200,2026-05-19 05:20:54.828006,
REQ514747,/api/balance,785.6,200,2026-06-01 06:50:47.314361,
REQ514748,/api/kyc/verify,187.6,200,2026-04-20 01:49:41.494643,
REQ514749,/api/balance,79.1,200,2026-04-02 18:23:38.701506,
REQ514750,/api/balance,346.1,200,2026-04-03 00:02:08.535670,
REQ514751,/api/beneficiary,175.1,200,2026-07-06 17:30:28.988262,
REQ514752,/api/balance,157.1,200,2026-07-08 03:44:33.467064,
REQ514753,/api/transfer,374.6,200,2026-05-25 00:24:38.687331,
REQ514754,/api/login,532.4,400,2026-06-20 13:58:45.231741,
REQ514755,/api/statement,626.6,201,2026-04-03 14:09:42.231185,
REQ514756,/api/kyc/verify,384.3,200,2026-02-27 16:39:01.470875,
REQ514757,/api/statement,647.5,200,2026-05-13 12:55:36.160895,
REQ514758,/api/balance,461.4,200,2026-06-27 05:22:22.381222,
REQ514759,/api/transfer,96.1,200,2026-06-06 22:11:57.622591,
REQ514760,/api/balance,652.3,200,2026-03-02 17:36:38.108318,
REQ514761,/api/statement,647.8,200,2026-05-24 01:03:41.531014,
REQ514762,/api/beneficiary,43.6,500,2026-07-04 20:56:43.940919,INC401420
REQ514763,/api/statement,418.5,200,2026-08-03 17:40:26.109940,
REQ514764,/api/login,644.0,200,2026-06-15 18:26:02.522317,
REQ514765,/api/transfer,469.8,502,2026-04-23 08:16:47.233512,INC402921
REQ514766,/api/balance,201.6,200,2026-08-11 16:05:39.068221,
REQ514767,/api/transfer,171.1,200,2026-05-28 15:50:23.764431,
REQ514768,/api/transfer,319.6,201,2026-07-10 23:20:13.204572,
REQ514769,/api/kyc/verify,203.7,200,2026-03-25 11:39:25.386843,
REQ514770,/api/beneficiary,440.3,200,2026-03-14 23:31:32.738348,
REQ514771,/api/kyc/verify,150.4,200,2026-06-08 22:47:08.675886,
REQ514772,/api/kyc/verify,74.1,200,2026-03-07 08:47:19.503549,
REQ514773,/api/beneficiary,84.6,200,2026-06-02 02:12:12.033634,
REQ514774,/api/beneficiary,301.6,200,2026-05-29 09:00:46.693848,
REQ514775,/api/transfer,379.7,200,2026-03-26 19:44:06.749759,
REQ514776,/api/balance,214.4,200,2026-05-19 17:03:59.616026,
REQ514777,/api/kyc/verify,109.7,200,2026-07-12 15:30:01.736852,
REQ514778,/api/kyc/verify,54.1,200,2026-03-09 04:26:47.808114,
REQ514779,/api/balance,81.8,401,2026-04-06 22:30:12.525231,
REQ514780,/api/balance,177.3,200,2026-04-17 03:18:27.647910,
REQ514781,/api/login,4628.9,200,2026-07-22 15:44:58.465718,
REQ514782,/api/kyc/verify,167.0,200,2026-07-08 15:34:20.936262,
REQ514783,/api/login,13.9,200,2026-02-27 22:40:42.381713,
REQ514784,/api/beneficiary,271.9,200,2026-08-15 15:47:30.648800,
REQ514785,/api/balance,187.3,400,2026-04-10 14:03:46.320104,
REQ514786,/api/transfer,338.4,200,2026-07-16 00:00:02.464148,
REQ514787,/api/statement,137.5,200,2026-05-15 14:26:35.951822,
REQ514788,/api/beneficiary,204.8,201,2026-06-05 01:24:21.162254,
REQ514789,/api/transfer,302.5,200,2026-08-18 09:19:03.802119,
REQ514790,/api/beneficiary,159.4,200,2026-08-12 12:25:39.084274,
REQ514791,/api/statement,236.1,400,2026-05-04 18:40:05.237363,
REQ514792,/api/beneficiary,278.8,200,2026-06-13 02:10:19.074823,
REQ514793,/api/statement,184.9,200,2026-04-29 13:31:02.193784,
REQ514794,/api/balance,574.2,200,2026-06-05 05:23:16.677314,
REQ514795,/api/balance,223.1,200,2026-03-02 11:49:27.379601,
REQ514796,/api/statement,199.9,504,2026-06-28 12:17:02.175592,
REQ514797,/api/balance,290.3,200,2026-06-23 21:11:24.785674,
REQ514798,/api/login,1018.5,200,2026-06-21 00:20:37.401176,
REQ514799,/api/login,197.8,200,2026-06-18 10:40:54.288889,
REQ514800,/api/statement,364.5,200,2026-03-21 11:44:41.905794,
REQ514801,/api/transfer,59.2,200,2026-08-05 21:44:36.189250,
REQ514802,/api/kyc/verify,716.7,200,2026-07-26 05:53:06.848607,
REQ514803,/api/kyc/verify,217.1,400,2026-03-02 12:16:25.680985,
REQ514804,/api/transfer,472.5,200,2026-05-19 14:40:15.826097,
REQ514805,/api/login,306.7,200,2026-05-31 02:44:09.655328,
REQ514806,/api/beneficiary,507.5,200,2026-05-16 08:27:52.374689,
REQ514807,/api/login,203.9,200,2026-04-05 20:17:26.133664,
REQ514808,/api/statement,90.7,401,2026-04-21 00:57:48.985039,
REQ514809,/api/statement,214.4,200,2026-03-02 23:35:24.671893,
REQ514810,/api/balance,241.1,400,2026-05-17 21:32:31.203631,
REQ514811,/api/statement,83.0,200,2026-05-08 06:45:11.065880,
REQ514812,/api/login,138.2,500,2026-05-09 18:31:47.940709,
REQ514813,/api/beneficiary,160.2,200,2026-05-01 19:04:58.204124,
REQ514814,/api/kyc/verify,156.7,200,2026-08-06 06:26:14.280095,
REQ514815,/api/beneficiary,106.3,200,2026-04-27 18:37:39.495659,
REQ514816,/api/statement,706.8,200,2026-04-07 04:24:34.341156,
REQ514817,/api/statement,110.7,200,2026-06-30 07:43:05.518736,
REQ514818,/api/statement,438.3,200,2026-06-02 22:03:52.772906,
REQ514819,/api/login,511.8,400,2026-03-21 23:29:07.334909,
REQ514820,/api/beneficiary,413.5,200,2026-06-12 06:34:05.597989,
REQ514821,/api/transfer,445.1,200,2026-06-23 19:51:53.832949,
REQ514822,/api/login,542.1,500,2026-03-14 16:08:31.642497,INC405927
REQ514823,/api/login,371.1,400,2026-03-11 21:30:55.127180,
REQ514824,/api/login,173.6,200,2026-03-16 00:30:15.360420,
REQ514825,/api/transfer,124.9,400,2026-05-23 20:15:02.642899,
REQ514826,/api/transfer,209.9,200,2026-06-07 19:30:02.548451,
REQ514827,/api/kyc/verify,513.6,200,2026-05-26 23:51:11.000712,
REQ514828,/api/statement,403.5,200,2026-07-18 20:34:06.378604,
REQ514829,/api/transfer,426.1,200,2026-05-12 16:36:26.841802,
REQ514830,/api/kyc/verify,349.9,200,2026-05-02 07:51:16.685178,
REQ514831,/api/statement,296.0,200,2026-08-08 22:43:17.075178,
REQ514832,/api/statement,63.3,200,2026-06-24 05:05:44.248703,
REQ514833,/api/beneficiary,73.5,201,2026-04-08 20:50:55.286874,
REQ514834,/api/beneficiary,279.6,200,2026-06-13 16:45:39.617452,
REQ514835,/api/kyc/verify,104.9,200,2026-05-09 14:50:50.133385,
REQ514836,/api/login,215.5,400,2026-07-24 05:44:24.684386,
REQ514837,/api/balance,313.8,200,2026-08-09 22:18:17.375201,
REQ514838,/api/beneficiary,190.7,200,2026-04-03 03:59:52.749666,
REQ514839,/api/kyc/verify,321.0,200,2026-07-19 10:05:01.151760,
REQ514840,/api/transfer,302.5,400,2026-07-22 17:16:11.533285,
REQ514841,/api/balance,339.7,200,2026-04-11 05:55:01.412548,
REQ514842,/api/kyc/verify,322.8,429,2026-04-01 13:29:53.800960,
REQ514843,/api/transfer,1135.8,200,2026-08-07 11:30:55.163156,
REQ514844,/api/beneficiary,225.0,503,2026-05-11 22:29:31.037821,INC409410
REQ514845,/api/statement,643.7,200,2026-04-12 04:13:02.204337,
REQ514846,/api/login,111.9,500,2026-07-03 01:44:39.701029,INC404979
REQ514847,/api/beneficiary,143.3,200,2026-04-28 17:59:06.021205,
REQ514848,/api/kyc/verify,783.1,200,2026-07-04 08:56:32.894634,
REQ514849,/api/kyc/verify,100.8,200,2026-08-19 21:52:48.733651,
REQ514850,/api/transfer,947.9,503,2026-06-30 14:22:49.499010,INC401997
REQ514851,/api/kyc/verify,226.7,200,2026-03-30 20:49:21.141556,
REQ514852,/api/transfer,237.0,200,2026-03-21 09:43:48.502345,
REQ514853,/api/beneficiary,440.1,200,2026-07-08 09:23:44.574654,
REQ514854,/api/balance,175.5,200,2026-02-25 22:35:10.469343,
REQ514855,/api/kyc/verify,382.3,200,2026-03-04 23:04:51.877392,
REQ514856,/api/transfer,514.4,200,2026-05-12 07:33:44.815669,
REQ514857,/api/transfer,286.5,200,2026-07-20 22:31:54.623909,
REQ514858,/api/transfer,324.3,200,2026-07-02 01:59:42.869930,
REQ514859,/api/transfer,264.8,200,2026-08-13 15:21:41.310713,
REQ514860,/api/statement,313.5,200,2026-07-29 00:24:50.208977,
REQ514861,/api/kyc/verify,297.3,200,2026-07-27 14:04:57.003123,
REQ514862,/api/beneficiary,287.5,200,2026-04-08 17:30:31.612524,
REQ514863,/api/login,110.5,200,2026-04-17 07:35:14.034247,
REQ514864,/api/login,353.3,503,2026-02-28 19:23:51.523790,
REQ514865,/api/beneficiary,175.3,200,2026-05-05 19:54:45.534478,
REQ514866,/api/beneficiary,14.0,200,2026-07-06 09:34:12.196431,
REQ514867,/api/statement,150.5,200,2026-07-22 21:37:12.801520,
REQ514868,/api/beneficiary,372.9,200,2026-06-29 15:35:54.063163,
REQ514869,/api/statement,865.9,200,2026-02-26 17:24:47.737756,
REQ514870,/api/kyc/verify,655.1,200,2026-04-08 01:37:54.241505,
REQ514871,/api/beneficiary,86.9,200,2026-03-10 10:40:35.420405,
REQ514872,/api/kyc/verify,53.0,200,2026-05-16 12:51:39.108689,
REQ514873,/api/kyc/verify,208.2,500,2026-07-13 18:23:28.703826,INC407528
REQ514874,/api/balance,610.5,200,2026-03-29 15:13:00.125095,
REQ514875,/api/beneficiary,846.1,200,2026-06-15 18:20:50.370613,
REQ514876,/api/statement,611.8,200,2026-05-20 22:20:18.875617,
REQ514877,/api/transfer,537.6,200,2026-05-09 16:17:56.350498,
REQ514878,/api/transfer,469.9,502,2026-03-24 02:14:27.916003,INC406405
REQ514879,/api/login,94.1,200,2026-05-31 21:15:15.837520,
REQ514880,/api/kyc/verify,785.8,200,2026-08-12 09:49:42.819962,
REQ514881,/api/beneficiary,416.8,503,2026-03-15 08:17:51.308951,
REQ514882,/api/beneficiary,173.2,200,2026-04-05 03:25:45.114693,
REQ514883,/api/beneficiary,384.7,200,2026-06-23 08:15:15.668580,
REQ514884,/api/balance,7893.8,200,2026-04-01 20:35:19.337705,
REQ514885,/api/kyc/verify,8546.7,200,2026-05-06 04:27:47.138177,
REQ514886,/api/statement,192.2,200,2026-05-20 20:05:06.585213,
REQ514887,/api/statement,568.4,200,2026-05-20 22:55:42.753838,
REQ514888,/api/kyc/verify,409.4,200,2026-04-07 17:44:06.719218,
REQ514889,/api/transfer,8864.4,200,2026-04-10 12:54:38.630392,
REQ514890,/api/kyc/verify,173.2,400,2026-08-15 01:45:27.671992,
REQ514891,/api/transfer,188.2,200,2026-06-21 21:39:23.604476,
REQ514892,/api/statement,361.1,200,2026-05-29 22:51:43.685812,
REQ514893,/api/balance,6373.8,200,2026-05-21 06:09:49.324830,
REQ514894,/api/balance,113.2,200,2026-08-08 00:57:28.194351,
REQ514895,/api/transfer,721.2,200,2026-06-10 14:16:25.798771,
REQ514896,/api/statement,235.0,200,2026-04-29 08:17:28.200165,
REQ514897,/api/statement,327.5,200,2026-08-13 08:22:27.944366,
REQ514898,/api/transfer,324.8,401,2026-04-19 01:14:27.697804,
REQ514899,/api/transfer,410.7,200,2026-07-11 07:51:32.413121,
REQ514900,/api/statement,465.9,200,2026-04-08 13:45:13.502387,
REQ514901,/api/kyc/verify,221.9,200,2026-04-16 16:01:42.702018,
REQ514902,/api/transfer,566.5,200,2026-08-02 10:15:41.848096,
REQ514903,/api/beneficiary,253.2,200,2026-08-05 04:27:25.549213,
REQ514904,/api/beneficiary,305.0,200,2026-03-16 22:22:24.927395,
REQ514905,/api/beneficiary,284.8,200,2026-03-21 05:46:01.161954,
REQ514906,/api/beneficiary,163.8,200,2026-08-07 01:06:51.473419,
REQ514907,/api/kyc/verify,29.7,200,2026-07-27 05:07:05.134412,
REQ514908,/api/beneficiary,537.2,200,2026-07-11 22:54:29.755933,
REQ514909,/api/statement,259.0,200,2026-05-07 06:45:53.266132,
REQ514910,/api/statement,332.2,200,2026-03-23 04:45:27.022950,
REQ514911,/api/balance,201.1,200,2026-06-16 04:23:23.241816,
REQ514912,/api/balance,124.1,200,2026-07-27 19:22:05.065192,
REQ514913,/api/statement,157.3,200,2026-04-16 11:29:55.546926,
REQ514914,/api/login,140.9,400,2026-08-09 07:18:21.988150,
REQ514915,/api/login,54.0,200,2026-06-15 04:22:33.992625,
REQ514916,/api/balance,3572.5,200,2026-05-26 14:34:43.309593,
REQ514917,/api/kyc/verify,345.7,200,2026-03-01 14:54:03.500845,
REQ514918,/api/statement,451.5,429,2026-04-09 21:48:14.332500,
REQ514919,/api/transfer,199.8,200,2026-06-30 05:19:48.422371,
REQ514920,/api/beneficiary,5404.0,200,2026-07-28 08:15:01.286146,
REQ514921,/api/transfer,290.2,200,2026-03-23 19:48:56.819105,
REQ514922,/api/statement,339.1,200,2026-03-27 07:06:40.565555,
REQ514923,/api/beneficiary,436.2,200,2026-05-19 03:04:22.219178,
REQ514924,/api/kyc/verify,605.5,500,2026-06-26 01:48:16.455348,INC401547
REQ514925,/api/kyc/verify,185.7,200,2026-04-19 09:12:26.025882,
REQ514926,/api/kyc/verify,548.5,200,2026-04-21 10:35:30.378875,
REQ514927,/api/balance,289.4,401,2026-05-18 03:12:52.938619,
REQ514928,/api/balance,840.5,200,2026-03-28 21:27:39.163316,
REQ514929,/api/kyc/verify,162.4,500,2026-07-31 11:37:10.592429,
REQ514930,/api/kyc/verify,132.0,200,2026-08-05 12:23:20.831780,
REQ514931,/api/login,291.2,503,2026-02-23 06:32:02.205201,INC402913
REQ514932,/api/kyc/verify,685.4,200,2026-05-07 03:39:16.201325,
REQ514933,/api/login,177.8,502,2026-04-20 13:54:32.421976,INC400741
REQ514934,/api/beneficiary,163.0,401,2026-08-03 07:01:15.996490,
REQ514935,/api/transfer,144.5,200,2026-08-12 22:01:03.970948,
REQ514936,/api/login,188.7,200,2026-06-04 22:06:57.153270,
REQ514937,/api/login,79.4,200,2026-06-07 09:15:53.224659,
REQ514938,/api/transfer,307.7,200,2026-08-02 20:20:54.049502,
REQ514939,/api/kyc/verify,1287.2,200,2026-04-14 20:54:47.282534,
REQ514940,/api/login,502.7,200,2026-06-06 21:34:07.568647,
REQ514941,/api/balance,227.1,502,2026-05-11 07:06:27.984881,INC401181
REQ514942,/api/beneficiary,394.2,200,2026-05-30 14:56:32.032640,
REQ514943,/api/beneficiary,313.7,200,2026-08-12 02:03:31.983865,
REQ514944,/api/login,74.8,200,2026-06-23 03:10:07.379706,
REQ514945,/api/transfer,89.5,502,2026-06-03 06:32:49.713843,INC403105
REQ514946,/api/kyc/verify,507.7,200,2026-07-01 11:53:35.386203,
REQ514947,/api/login,338.5,200,2026-08-03 17:02:23.295601,
REQ514948,/api/login,335.0,200,2026-06-29 19:19:09.581825,
REQ514949,/api/login,174.4,201,2026-04-11 06:29:24.482845,
REQ514950,/api/balance,87.4,200,2026-07-27 03:48:20.128005,
REQ514951,/api/kyc/verify,256.0,200,2026-02-26 08:45:05.132008,
REQ514952,/api/balance,201.7,200,2026-04-20 07:03:24.254052,
REQ514953,/api/beneficiary,354.5,200,2026-06-20 02:54:49.453361,
REQ514954,/api/beneficiary,185.1,200,2026-05-30 21:12:43.594791,
REQ514955,/api/login,106.0,200,2026-02-24 06:26:31.900204,
REQ514956,/api/statement,57.6,200,2026-05-20 12:52:13.799646,
REQ514957,/api/statement,72.8,200,2026-07-18 01:20:54.274503,
REQ514958,/api/transfer,454.2,401,2026-03-11 15:25:17.424459,
REQ514959,/api/kyc/verify,210.7,200,2026-06-26 07:43:49.050494,
REQ514960,/api/balance,1019.1,200,2026-07-31 14:03:19.539511,
REQ514961,/api/statement,100.8,200,2026-03-08 01:36:39.037546,
REQ514962,/api/statement,158.9,200,2026-06-14 01:17:41.490993,
REQ514963,/api/balance,153.4,200,2026-03-11 21:07:24.664034,
REQ514964,/api/login,83.7,200,2026-05-15 01:51:16.318618,
REQ514965,/api/login,501.9,200,2026-04-15 05:38:23.716305,
REQ514966,/api/login,625.5,400,2026-03-02 18:09:18.103600,
REQ514967,/api/login,133.6,200,2026-07-25 20:47:24.111433,
REQ514968,/api/transfer,77.7,200,2026-03-20 22:39:40.011638,
REQ514969,/api/beneficiary,216.4,200,2026-08-12 13:07:24.726950,
REQ514970,/api/statement,78.9,200,2026-04-03 14:01:50.698261,
REQ514971,/api/statement,192.7,200,2026-08-07 05:33:01.545501,
REQ514972,/api/balance,36.6,200,2026-05-12 09:16:50.278114,
REQ514973,/api/beneficiary,132.7,200,2026-08-01 08:48:26.967797,
REQ514974,/api/transfer,83.0,200,2026-05-16 06:49:09.423098,
REQ514975,/api/balance,922.2,503,2026-05-01 03:32:17.381574,
REQ514976,/api/statement,341.7,200,2026-06-02 07:41:29.440312,
REQ514977,/api/beneficiary,1026.3,200,2026-05-22 23:38:07.619963,
REQ514978,/api/statement,98.9,200,2026-03-14 19:33:15.128163,
REQ514979,/api/transfer,7934.6,401,2026-04-29 05:00:29.753182,
REQ514980,/api/transfer,196.7,200,2026-04-19 21:42:19.741710,
REQ514981,/api/balance,78.8,200,2026-03-16 10:48:27.649841,
REQ514982,/api/statement,196.3,200,2026-07-04 15:14:17.608082,
REQ514983,/api/balance,197.4,200,2026-03-29 13:02:26.233687,
REQ514984,/api/transfer,27.4,200,2026-05-25 06:12:33.277738,
REQ514985,/api/login,214.8,200,2026-07-22 13:05:11.326323,
REQ514986,/api/login,737.6,200,2026-06-09 22:04:48.086075,
REQ514987,/api/statement,222.4,200,2026-08-03 17:17:07.861218,
REQ514988,/api/kyc/verify,99.5,400,2026-05-29 16:48:54.779562,
REQ514989,/api/balance,214.0,200,2026-07-02 16:21:03.977368,
REQ514990,/api/balance,58.0,200,2026-06-18 18:29:34.592404,
REQ514991,/api/statement,256.4,200,2026-08-04 12:46:28.898054,
REQ514992,/api/balance,159.6,200,2026-06-30 11:27:42.869343,
REQ514993,/api/kyc/verify,80.9,200,2026-06-20 19:01:47.735942,
REQ514994,/api/kyc/verify,29.1,200,2026-04-17 14:51:21.814507,
REQ514995,/api/balance,67.8,200,2026-03-04 19:37:53.694654,
REQ514996,/api/login,609.1,200,2026-08-10 18:33:46.402203,
REQ514997,/api/kyc/verify,349.7,200,2026-08-08 08:05:49.232290,
REQ514998,/api/login,204.0,200,2026-05-17 11:58:58.340625,
REQ514999,/api/statement,374.4,200,2026-05-25 00:13:15.594519,
